TIME: 40.65 - SYSTEM: Plan 0
0.023218,0.000166,0.342979,0.029147,
0.067512,0.003971,0.523480,0.045223,
0.122542,0.008719,0.567953,0.048955,
0.173149,0.013661,0.449034,0.049366,
0.198264,0.017722,0.081344,0.032824,
0.169345,0.015938,0.046477,0.022933,
0.174269,0.018948,0.051123,0.035866,
0.179380,0.022783,0.050632,0.039838,
0.184223,0.026689,0.046124,0.038087,
0.186690,0.030033,0.006279,0.029133,
0.124971,0.019363,0.120305,0.017260,
0.141878,0.021505,0.208780,0.024740,
0.161683,0.024140,0.187138,0.028078,
0.175748,0.026951,0.099999,0.028193,
0.191841,0.029536,0.211033,0.023193,
0.201333,0.028213,0.331715,0.001346,
0.239897,0.028371,0.427742,0.001832,
0.283352,0.028545,0.436328,0.001623,
0.322332,0.028633,0.346825,0.000243,
0.338128,0.028444,-0.003334,-0.003701,
0.324118,0.027229,0.022802,0.002429,
0.325188,0.027541,0.000364,0.003597,
0.324165,0.027862,-0.019109,0.002849,
0.322226,0.027909,-0.019459,-0.001585,
0.316632,0.027403,-0.086295,-0.007867,
TIME: 55.56 - SYSTEM: Plan 1
0.025334,0.000892,0.388805,0.031083,
0.074465,0.004949,0.573555,0.048228,
0.135320,0.010099,0.632567,0.053800,
0.191001,0.015217,0.487560,0.048482,
0.205652,0.019096,-0.143519,0.030229,
0.177356,0.017642,0.020870,0.025935,
0.179880,0.021037,0.028705,0.040421,
0.184852,0.025370,0.067057,0.045379,
0.191556,0.029849,0.066410,0.043874,
0.196713,0.033195,0.038532,0.024338,
0.165932,0.027403,0.151617,0.019241,
0.184159,0.029907,0.206545,0.029704,
0.206404,0.033118,0.233865,0.033750,
0.227666,0.036427,0.192670,0.032168,
0.239095,0.038965,0.046903,0.019393,
0.241233,0.037220,0.236614,0.001129,
0.268343,0.037362,0.297794,0.001657,
0.298292,0.037507,0.298178,0.001260,
0.324558,0.037513,0.230176,-0.000895,
0.333419,0.037068,-0.032037,-0.007396,
0.320113,0.035640,0.032107,0.005417,
0.322316,0.036348,0.013299,0.008453,
0.322685,0.037166,-0.004475,0.007867,
0.322198,0.037588,-0.005165,0.001089,
0.317728,0.037881,-0.077758,0.004484,
TIME: 60.22 - SYSTEM: Plan 2
0.026355,0.000037,0.386612,0.031166,
0.075201,0.004106,0.570167,0.048395,
0.135672,0.009274,0.628384,0.054001,
0.190943,0.014411,0.483579,0.048672,
0.205382,0.018306,-0.144063,0.030364,
0.177189,0.016822,0.018978,0.025833,
0.179471,0.020203,0.025872,0.040397,
0.184150,0.024541,0.064064,0.045398,
0.190602,0.029033,0.064300,0.043933,
0.195625,0.032348,0.037856,0.023679,
0.163114,0.027262,0.036267,0.019210,
0.165392,0.029767,0.011165,0.029715,
0.165881,0.032969,-0.000477,0.033683,
0.166170,0.036290,0.005715,0.032288,
0.164802,0.038947,-0.029975,0.021773,
0.178706,0.037169,0.389429,0.001286,
0.224135,0.037336,0.505020,0.001969,
0.275619,0.037503,0.518413,0.001363,
0.322273,0.037465,0.418330,-0.001788,
0.342563,0.037367,0.018685,-0.000227,
0.327830,0.035656,0.012623,0.001253,
0.327778,0.035819,-0.011643,0.001918,
0.325551,0.035977,-0.031064,0.001340,
0.322463,0.035949,-0.030432,-0.001684,
0.315915,0.035862,-0.094550,-0.000205,
TIME: 133.5 - SYSTEM: Plan 3
0.026015,0.000085,0.387008,0.031131,
0.074917,0.004151,0.570870,0.048370,
0.135486,0.009317,0.629603,0.053982,
0.190907,0.014453,0.485286,0.048661,
0.205487,0.018349,-0.142900,0.030360,
0.177261,0.016853,0.019618,0.025730,
0.179631,0.020237,0.026952,0.040347,
0.184424,0.024575,0.065234,0.045375,
0.190974,0.029058,0.065133,0.043925,
0.196051,0.032374,0.038143,0.023625,
0.163285,0.027286,0.034191,0.019121,
0.165400,0.029782,0.009932,0.029694,
0.166054,0.032978,0.003601,0.033695,
0.166468,0.036301,0.004552,0.032331,
0.164608,0.039000,-0.038024,0.021818,
0.178527,0.037218,0.389854,0.001251,
0.224009,0.037379,0.505632,0.001948,
0.275555,0.037545,0.519051,0.001353,
0.322263,0.037510,0.418803,-0.001790,
0.342575,0.037418,0.018669,-0.000225,
0.327825,0.035704,0.012613,0.001219,
0.327773,0.035864,-0.011625,0.001898,
0.325548,0.036023,-0.031033,0.001330,
0.322463,0.035992,-0.030419,-0.001691,
0.315913,0.035905,-0.094593,-0.000203,
TIME: 137.5 - SYSTEM: Plan 4
0.025942,0.000321,0.387193,0.031057,
0.074867,0.004380,0.571138,0.048296,
0.135465,0.009539,0.629892,0.053916,
0.190911,0.014670,0.485501,0.048607,
0.205497,0.018560,-0.142964,0.030328,
0.177263,0.017047,0.019714,0.025572,
0.179646,0.020421,0.027091,0.040260,
0.184453,0.024747,0.065383,0.045339,
0.191016,0.029222,0.065244,0.043914,
0.196100,0.032536,0.038181,0.023808,
0.163291,0.027426,0.033841,0.018788,
0.165356,0.029903,0.009296,0.029390,
0.165978,0.033077,0.003567,0.033438,
0.166374,0.036358,0.004256,0.032090,
0.164447,0.039024,-0.039003,0.021661,
0.178386,0.037243,0.390134,0.001198,
0.223901,0.037401,0.505993,0.001913,
0.275486,0.037563,0.519444,0.001334,
0.322237,0.037525,0.419234,-0.001799,
0.342592,0.037429,0.019103,-0.000228,
0.327835,0.035722,0.012582,0.001165,
0.327780,0.035876,-0.011662,0.001863,
0.325552,0.036033,-0.031072,0.001311,
0.322462,0.036003,-0.030461,-0.001699,
0.315908,0.035912,-0.094628,-0.000212,
TIME: 140.9 - SYSTEM: Plan 5
0.025942,0.000321,0.387191,0.031058,
0.074867,0.004380,0.571136,0.048298,
0.135465,0.009539,0.629887,0.053917,
0.190910,0.014670,0.485495,0.048609,
0.205496,0.018560,-0.142966,0.030329,
0.177261,0.017044,0.019707,0.025574,
0.179643,0.020415,0.027080,0.040262,
0.184449,0.024739,0.065373,0.045341,
0.191012,0.029217,0.065237,0.043917,
0.196096,0.032537,0.038179,0.023876,
0.163289,0.027427,0.033872,0.018753,
0.165359,0.029883,0.009359,0.029337,
0.165984,0.033040,0.003579,0.033363,
0.166382,0.036309,0.004270,0.032038,
0.164458,0.038978,-0.038959,0.021631,
0.178394,0.037198,0.390096,0.001199,
0.223905,0.037359,0.505942,0.001916,
0.275485,0.037519,0.519399,0.001335,
0.322232,0.037482,0.419211,-0.001796,
0.342589,0.037384,0.019159,-0.000226,
0.327833,0.035677,0.012587,0.001167,
0.327779,0.035831,-0.011656,0.001866,
0.325551,0.035987,-0.031065,0.001314,
0.322462,0.035953,-0.030454,-0.001691,
0.315909,0.035860,-0.094623,-0.000207,
TIME: 144.9 - SYSTEM: Plan 6
0.025942,0.000321,0.387192,0.031058,
0.074867,0.004381,0.571137,0.048296,
0.135465,0.009540,0.629888,0.053916,
0.190910,0.014672,0.485497,0.048607,
0.205496,0.018563,-0.142965,0.030327,
0.177262,0.017050,0.019708,0.025574,
0.179644,0.020424,0.027082,0.040261,
0.184450,0.024748,0.065374,0.045339,
0.191013,0.029226,0.065238,0.043915,
0.196096,0.032547,0.038179,0.023836,
0.163289,0.027437,0.033868,0.018776,
0.165358,0.029902,0.009349,0.029365,
0.165983,0.033079,0.003576,0.033398,
0.166381,0.036359,0.004273,0.032058,
0.164458,0.039018,-0.038951,0.021636,
0.178395,0.037239,0.390105,0.001197,
0.223906,0.037399,0.505953,0.001913,
0.275487,0.037559,0.519409,0.001329,
0.322234,0.037521,0.419218,-0.001801,
0.342591,0.037424,0.019144,-0.000230,
0.327834,0.035713,0.012585,0.001168,
0.327780,0.035870,-0.011658,0.001863,
0.325552,0.036027,-0.031068,0.001311,
0.322462,0.035994,-0.030457,-0.001696,
0.315908,0.035904,-0.094626,-0.000210,
TIME: 150.5 - SYSTEM: Plan 7
0.025942,0.000321,0.387192,0.031058,
0.074867,0.004381,0.571137,0.048298,
0.135465,0.009539,0.629889,0.053916,
0.190910,0.014669,0.485497,0.048608,
0.205497,0.018559,-0.142965,0.030329,
0.177262,0.017046,0.019708,0.025575,
0.179644,0.020419,0.027083,0.040260,
0.184450,0.024743,0.065375,0.045337,
0.191013,0.029219,0.065239,0.043912,
0.196097,0.032534,0.038179,0.023782,
0.163289,0.027424,0.033867,0.018811,
0.165358,0.029898,0.009345,0.029415,
0.165983,0.033072,0.003573,0.033456,
0.166381,0.036351,0.004282,0.032126,
0.164459,0.039013,-0.038927,0.021691,
0.178397,0.037235,0.390120,0.001199,
0.223910,0.037392,0.505978,0.001914,
0.275492,0.037554,0.519425,0.001332,
0.322238,0.037516,0.419196,-0.001800,
0.342589,0.037425,0.019042,-0.000229,
0.327833,0.035714,0.012589,0.001167,
0.327779,0.035865,-0.011653,0.001861,
0.325551,0.036024,-0.031063,0.001310,
0.322462,0.035995,-0.030452,-0.001695,
0.315909,0.035907,-0.094623,-0.000207,
TIME: 155.9 - SYSTEM: Plan 8
0.025942,0.000321,0.387192,0.031057,
0.074867,0.004380,0.571136,0.048297,
0.135465,0.009540,0.629888,0.053915,
0.190910,0.014669,0.485496,0.048606,
0.205497,0.018559,-0.142966,0.030327,
0.177262,0.017045,0.019708,0.025573,
0.179644,0.020420,0.027082,0.040262,
0.184450,0.024736,0.065375,0.045337,
0.191013,0.029222,0.065238,0.043915,
0.196097,0.032543,0.038179,0.023842,
0.163289,0.027430,0.033866,0.018775,
0.165358,0.029889,0.009346,0.029367,
0.165983,0.033065,0.003576,0.033404,
0.166380,0.036352,0.004270,0.032066,
0.164457,0.039013,-0.038958,0.021640,
0.178393,0.037234,0.390108,0.001198,
0.223905,0.037398,0.505957,0.001913,
0.275486,0.037556,0.519412,0.001330,
0.322235,0.037517,0.419217,-0.001802,
0.342591,0.037423,0.019137,-0.000230,
0.327834,0.035716,0.012585,0.001165,
0.327779,0.035871,-0.011658,0.001861,
0.325551,0.036026,-0.031068,0.001309,
0.322462,0.035994,-0.030457,-0.001697,
0.315908,0.035905,-0.094626,-0.000211,
TIME: 159.4 - SYSTEM: Plan 9
0.025942,0.000321,0.387192,0.031058,
0.074867,0.004379,0.571138,0.048297,
0.135465,0.009538,0.629889,0.053917,
0.190911,0.014669,0.485497,0.048608,
0.205497,0.018559,-0.142966,0.030329,
0.177262,0.017046,0.019709,0.025575,
0.179644,0.020419,0.027083,0.040262,
0.184450,0.024739,0.065376,0.045339,
0.191013,0.029223,0.065239,0.043913,
0.196097,0.032539,0.038180,0.023803,
0.163289,0.027423,0.033863,0.018795,
0.165358,0.029885,0.009338,0.029402,
0.165982,0.033062,0.003573,0.033452,
0.166380,0.036349,0.004275,0.032116,
0.164457,0.039020,-0.038946,0.021681,
0.178394,0.037240,0.390118,0.001199,
0.223907,0.037402,0.505974,0.001916,
0.275490,0.037565,0.519421,0.001334,
0.322238,0.037527,0.419201,-0.001801,
0.342590,0.037430,0.019061,-0.000232,
0.327834,0.035721,0.012586,0.001165,
0.327779,0.035878,-0.011656,0.001865,
0.325551,0.036033,-0.031066,0.001310,
0.322462,0.035999,-0.030455,-0.001698,
0.315909,0.035912,-0.094624,-0.000209,
TIME: 162.9 - SYSTEM: Plan 10
0.025942,0.000321,0.387192,0.031057,
0.074867,0.004381,0.571136,0.048297,
0.135465,0.009541,0.629888,0.053916,
0.190910,0.014672,0.485496,0.048606,
0.205496,0.018561,-0.142966,0.030327,
0.177262,0.017046,0.019708,0.025573,
0.179644,0.020418,0.027082,0.040263,
0.184450,0.024744,0.065374,0.045341,
0.191013,0.029224,0.065238,0.043913,
0.196096,0.032535,0.038179,0.023801,
0.163289,0.027421,0.033869,0.018796,
0.165358,0.029893,0.009349,0.029407,
0.165983,0.033072,0.003575,0.033445,
0.166381,0.036372,0.004281,0.032105,
0.164459,0.039038,-0.038932,0.021665,
0.178396,0.037258,0.390115,0.001199,
0.223908,0.037418,0.505967,0.001914,
0.275489,0.037573,0.519417,0.001332,
0.322237,0.037535,0.419207,-0.001797,
0.342590,0.037439,0.019086,-0.000225,
0.327834,0.035729,0.012585,0.001165,
0.327780,0.035885,-0.011658,0.001864,
0.325552,0.036041,-0.031067,0.001312,
0.322462,0.036007,-0.030456,-0.001696,
0.315909,0.035918,-0.094625,-0.000208,
TIME: 166.4 - SYSTEM: Plan 11
0.025942,0.000321,0.387192,0.031058,
0.074868,0.004380,0.571137,0.048295,
0.135465,0.009540,0.629889,0.053916,
0.190910,0.014669,0.485496,0.048607,
0.205497,0.018560,-0.142966,0.030328,
0.177262,0.017044,0.019709,0.025571,
0.179644,0.020417,0.027083,0.040262,
0.184450,0.024741,0.065376,0.045340,
0.191013,0.029222,0.065239,0.043915,
0.196097,0.032540,0.038179,0.023838,
0.163289,0.027433,0.033863,0.018781,
0.165358,0.029904,0.009340,0.029371,
0.165983,0.033072,0.003574,0.033396,
0.166380,0.036359,0.004268,0.032063,
0.164455,0.039030,-0.038963,0.021634,
0.178392,0.037250,0.390110,0.001198,
0.223904,0.037411,0.505959,0.001915,
0.275486,0.037569,0.519417,0.001333,
0.322234,0.037529,0.419224,-0.001800,
0.342591,0.037438,0.019147,-0.000228,
0.327835,0.035730,0.012584,0.001165,
0.327780,0.035887,-0.011659,0.001863,
0.325552,0.036044,-0.031069,0.001308,
0.322462,0.036009,-0.030458,-0.001700,
0.315908,0.035918,-0.094627,-0.000213,
TIME: 169.8 - SYSTEM: Plan 12
0.025942,0.000321,0.387192,0.031058,
0.074867,0.004380,0.571136,0.048298,
0.135465,0.009540,0.629888,0.053915,
0.190910,0.014670,0.485496,0.048606,
0.205496,0.018561,-0.142965,0.030327,
0.177262,0.017046,0.019708,0.025576,
0.179644,0.020422,0.027082,0.040259,
0.184450,0.024745,0.065374,0.045339,
0.191013,0.029221,0.065238,0.043913,
0.196096,0.032537,0.038179,0.023803,
0.163289,0.027424,0.033869,0.018801,
0.165358,0.029895,0.009348,0.029398,
0.165983,0.033075,0.003574,0.033446,
0.166381,0.036347,0.004280,0.032106,
0.164459,0.039007,-0.038933,0.021681,
0.178396,0.037229,0.390115,0.001200,
0.223909,0.037390,0.505970,0.001915,
0.275491,0.037552,0.519418,0.001331,
0.322238,0.037511,0.419199,-0.001802,
0.342589,0.037420,0.019063,-0.000232,
0.327833,0.035712,0.012588,0.001165,
0.327779,0.035861,-0.011655,0.001863,
0.325551,0.036020,-0.031064,0.001312,
0.322462,0.035985,-0.030453,-0.001694,
0.315909,0.035895,-0.094623,-0.000205,
TIME: 173.7 - SYSTEM: Plan 13
0.025942,0.000322,0.387191,0.031058,
0.074867,0.004381,0.571136,0.048297,
0.135465,0.009540,0.629888,0.053915,
0.190910,0.014670,0.485496,0.048606,
0.205496,0.018560,-0.142966,0.030327,
0.177262,0.017045,0.019708,0.025574,
0.179644,0.020415,0.027082,0.040262,
0.184450,0.024739,0.065375,0.045338,
0.191013,0.029219,0.065238,0.043914,
0.196096,0.032533,0.038179,0.023825,
0.163289,0.027413,0.033868,0.018786,
0.165358,0.029888,0.009348,0.029395,
0.165983,0.033068,0.003575,0.033432,
0.166381,0.036357,0.004275,0.032086,
0.164458,0.039013,-0.038946,0.021652,
0.178395,0.037235,0.390111,0.001197,
0.223907,0.037395,0.505961,0.001914,
0.275489,0.037558,0.519414,0.001334,
0.322236,0.037516,0.419213,-0.001800,
0.342591,0.037426,0.019111,-0.000231,
0.327835,0.035717,0.012584,0.001165,
0.327780,0.035873,-0.011659,0.001862,
0.325552,0.036029,-0.031069,0.001308,
0.322462,0.035996,-0.030458,-0.001701,
0.315908,0.035907,-0.094627,-0.000212,
TIME: 178.2 - SYSTEM: Plan 14
0.025942,0.000321,0.387192,0.031058,
0.074867,0.004380,0.571137,0.048296,
0.135465,0.009538,0.629888,0.053916,
0.190910,0.014669,0.485496,0.048609,
0.205496,0.018558,-0.142965,0.030329,
0.177262,0.017045,0.019708,0.025571,
0.179644,0.020419,0.027082,0.040266,
0.184450,0.024748,0.065374,0.045340,
0.191013,0.029222,0.065238,0.043914,
0.196096,0.032535,0.038179,0.023806,
0.163289,0.027428,0.033868,0.018797,
0.165358,0.029893,0.009347,0.029399,
0.165983,0.033056,0.003575,0.033438,
0.166381,0.036342,0.004279,0.032105,
0.164459,0.039006,-0.038936,0.021677,
0.178396,0.037227,0.390112,0.001198,
0.223908,0.037389,0.505966,0.001916,
0.275490,0.037545,0.519415,0.001335,
0.322237,0.037512,0.419198,-0.001797,
0.342589,0.037417,0.019069,-0.000228,
0.327833,0.035709,0.012587,0.001164,
0.327779,0.035862,-0.011655,0.001865,
0.325551,0.036020,-0.031065,0.001312,
0.322462,0.035986,-0.030454,-0.001697,
0.315909,0.035895,-0.094623,-0.000208,
TIME: 182.2 - SYSTEM: Plan 15
0.025942,0.000322,0.387191,0.031057,
0.074867,0.004380,0.571135,0.048297,
0.135465,0.009539,0.629887,0.053916,
0.190910,0.014669,0.485495,0.048609,
0.205496,0.018561,-0.142966,0.030329,
0.177262,0.017048,0.019707,0.025572,
0.179644,0.020421,0.027080,0.040261,
0.184449,0.024745,0.065373,0.045339,
0.191012,0.029225,0.065237,0.043915,
0.196096,0.032538,0.038179,0.023825,
0.163289,0.027425,0.033871,0.018785,
0.165358,0.029896,0.009354,0.029378,
0.165984,0.033067,0.003576,0.033425,
0.166382,0.036342,0.004278,0.032086,
0.164459,0.038996,-0.038938,0.021666,
0.178396,0.037219,0.390107,0.001199,
0.223908,0.037375,0.505958,0.001916,
0.275488,0.037535,0.519407,0.001335,
0.322235,0.037501,0.419198,-0.001798,
0.342589,0.037407,0.019090,-0.000229,
0.327833,0.035699,0.012588,0.001165,
0.327779,0.035857,-0.011655,0.001864,
0.325551,0.036014,-0.031065,0.001309,
0.322462,0.035980,-0.030453,-0.001699,
0.315909,0.035891,-0.094623,-0.000211,
TIME: 188.2 - SYSTEM: Plan 16
0.025942,0.000321,0.387192,0.031057,
0.074867,0.004381,0.571137,0.048296,
0.135465,0.009541,0.629888,0.053917,
0.190910,0.014672,0.485496,0.048607,
0.205497,0.018563,-0.142966,0.030327,
0.177262,0.017051,0.019708,0.025575,
0.179644,0.020424,0.027083,0.040258,
0.184450,0.024746,0.065375,0.045339,
0.191013,0.029223,0.065239,0.043913,
0.196097,0.032541,0.038179,0.023802,
0.163289,0.027431,0.033867,0.018803,
0.165358,0.029896,0.009345,0.029413,
0.165983,0.033064,0.003574,0.033456,
0.166381,0.036354,0.004278,0.032121,
0.164458,0.039022,-0.038937,0.021688,
0.178395,0.037245,0.390121,0.001198,
0.223909,0.037405,0.505977,0.001913,
0.275491,0.037568,0.519425,0.001331,
0.322239,0.037531,0.419200,-0.001804,
0.342589,0.037436,0.019049,-0.000235,
0.327833,0.035726,0.012589,0.001166,
0.327779,0.035881,-0.011653,0.001867,
0.325551,0.036039,-0.031063,0.001313,
0.322462,0.036004,-0.030452,-0.001695,
0.315909,0.035915,-0.094623,-0.000207,
TIME: 191.7 - SYSTEM: Plan 17
0.025942,0.000321,0.387191,0.031057,
0.074867,0.004380,0.571136,0.048295,
0.135465,0.009540,0.629887,0.053915,
0.190910,0.014670,0.485495,0.048606,
0.205496,0.018560,-0.142966,0.030327,
0.177262,0.017044,0.019707,0.025571,
0.179644,0.020417,0.027081,0.040262,
0.184450,0.024741,0.065374,0.045340,
0.191012,0.029222,0.065238,0.043915,
0.196096,0.032540,0.038179,0.023838,
0.163289,0.027430,0.033871,0.018780,
0.165358,0.029898,0.009354,0.029371,
0.165984,0.033073,0.003576,0.033405,
0.166382,0.036359,0.004275,0.032067,
0.164459,0.039031,-0.038944,0.021636,
0.178395,0.037252,0.390107,0.001197,
0.223906,0.037411,0.505955,0.001913,
0.275487,0.037568,0.519411,0.001331,
0.322234,0.037532,0.419218,-0.001800,
0.342591,0.037436,0.019140,-0.000228,
0.327835,0.035727,0.012584,0.001164,
0.327779,0.035882,-0.011660,0.001861,
0.325551,0.036037,-0.031070,0.001314,
0.322462,0.036005,-0.030459,-0.001693,
0.315908,0.035916,-0.094626,-0.000207,
TIME: 195.1 - SYSTEM: Plan 18
0.025942,0.000321,0.387192,0.031058,
0.074867,0.004381,0.571137,0.048298,
0.135465,0.009540,0.629889,0.053917,
0.190910,0.014671,0.485497,0.048608,
0.205497,0.018561,-0.142965,0.030328,
0.177262,0.017045,0.019708,0.025576,
0.179644,0.020422,0.027083,0.040260,
0.184450,0.024745,0.065376,0.045340,
0.191013,0.029222,0.065239,0.043914,
0.196097,0.032538,0.038180,0.023813,
0.163289,0.027425,0.033865,0.018790,
0.165358,0.029892,0.009342,0.029388,
0.165983,0.033061,0.003574,0.033434,
0.166380,0.036351,0.004275,0.032093,
0.164457,0.039003,-0.038947,0.021669,
0.178394,0.037225,0.390117,0.001197,
0.223907,0.037383,0.505972,0.001913,
0.275489,0.037543,0.519421,0.001333,
0.322237,0.037508,0.419209,-0.001800,
0.342589,0.037412,0.019085,-0.000229,
0.327833,0.035707,0.012587,0.001163,
0.327779,0.035861,-0.011656,0.001860,
0.325551,0.036015,-0.031065,0.001310,
0.322462,0.035983,-0.030454,-0.001698,
0.315909,0.035892,-0.094623,-0.000210,
TIME: 200.5 - SYSTEM: Plan 19
0.025942,0.000321,0.387192,0.031057,
0.074867,0.004380,0.571137,0.048297,
0.135465,0.009539,0.629888,0.053917,
0.190910,0.014669,0.485496,0.048608,
0.205496,0.018558,-0.142966,0.030329,
0.177262,0.017043,0.019707,0.025573,
0.179644,0.020419,0.027081,0.040260,
0.184450,0.024742,0.065373,0.045339,
0.191012,0.029220,0.065237,0.043916,
0.196096,0.032539,0.038179,0.023842,
0.163289,0.027426,0.033870,0.018774,
0.165358,0.029892,0.009353,0.029365,
0.165984,0.033071,0.003577,0.033409,
0.166381,0.036355,0.004274,0.032063,
0.164458,0.039009,-0.038948,0.021639,
0.178395,0.037232,0.390105,0.001197,
0.223906,0.037390,0.505953,0.001914,
0.275487,0.037553,0.519407,0.001333,
0.322235,0.037515,0.419215,-0.001801,
0.342590,0.037422,0.019138,-0.000231,
0.327834,0.035713,0.012585,0.001167,
0.327779,0.035868,-0.011659,0.001864,
0.325552,0.036026,-0.031069,0.001311,
0.322462,0.035991,-0.030457,-0.001697,
0.315909,0.035899,-0.094626,-0.000208,
TIME: 204.7 - SYSTEM: Plan 20
0.025942,0.000321,0.387193,0.031057,
0.074868,0.004381,0.571138,0.048296,
0.135465,0.009541,0.629890,0.053915,
0.190910,0.014671,0.485498,0.048607,
0.205497,0.018561,-0.142966,0.030327,
0.177262,0.017046,0.019709,0.025574,
0.179644,0.020417,0.027084,0.040261,
0.184451,0.024740,0.065377,0.045341,
0.191014,0.029223,0.065240,0.043913,
0.196098,0.032538,0.038180,0.023817,
0.163289,0.027428,0.033859,0.018797,
0.165357,0.029893,0.009332,0.029387,
0.165982,0.033075,0.003573,0.033433,
0.166379,0.036348,0.004270,0.032089,
0.164455,0.039012,-0.038962,0.021662,
0.178392,0.037233,0.390117,0.001198,
0.223905,0.037394,0.505972,0.001913,
0.275488,0.037555,0.519423,0.001331,
0.322236,0.037520,0.419214,-0.001800,
0.342590,0.037425,0.019097,-0.000232,
0.327834,0.035718,0.012584,0.001163,
0.327780,0.035876,-0.011659,0.001860,
0.325551,0.036031,-0.031069,0.001308,
0.322462,0.036002,-0.030458,-0.001701,
0.315909,0.035912,-0.094626,-0.000215,
TIME: 209.1 - SYSTEM: Plan 21
0.025942,0.000321,0.387192,0.031057,
0.074867,0.004380,0.571137,0.048297,
0.135465,0.009540,0.629889,0.053915,
0.190910,0.014670,0.485496,0.048607,
0.205497,0.018562,-0.142966,0.030328,
0.177262,0.017048,0.019709,0.025569,
0.179644,0.020419,0.027083,0.040259,
0.184450,0.024747,0.065376,0.045337,
0.191013,0.029227,0.065239,0.043914,
0.196097,0.032544,0.038180,0.023819,
0.163289,0.027433,0.033865,0.018790,
0.165358,0.029893,0.009342,0.029387,
0.165983,0.033078,0.003574,0.033420,
0.166380,0.036358,0.004273,0.032080,
0.164457,0.039003,-0.038949,0.021657,
0.178393,0.037226,0.390112,0.001198,
0.223906,0.037388,0.505963,0.001912,
0.275488,0.037547,0.519416,0.001330,
0.322236,0.037509,0.419212,-0.001802,
0.342590,0.037415,0.019106,-0.000231,
0.327834,0.035709,0.012587,0.001165,
0.327779,0.035861,-0.011656,0.001862,
0.325552,0.036019,-0.031066,0.001313,
0.322462,0.035985,-0.030455,-0.001696,
0.315909,0.035896,-0.094625,-0.000209,
TIME: 213.5 - SYSTEM: Plan 22
0.025942,0.000321,0.387191,0.031057,
0.074867,0.004380,0.571136,0.048297,
0.135465,0.009540,0.629888,0.053916,
0.190910,0.014670,0.485496,0.048608,
0.205496,0.018560,-0.142966,0.030328,
0.177262,0.017045,0.019707,0.025576,
0.179644,0.020419,0.027080,0.040260,
0.184449,0.024746,0.065373,0.045338,
0.191012,0.029222,0.065237,0.043912,
0.196096,0.032539,0.038179,0.023783,
0.163289,0.027429,0.033872,0.018809,
0.165358,0.029897,0.009354,0.029419,
0.165984,0.033071,0.003575,0.033461,
0.166382,0.036349,0.004287,0.032129,
0.164461,0.039009,-0.038916,0.021694,
0.178398,0.037231,0.390112,0.001199,
0.223910,0.037395,0.505966,0.001914,
0.275493,0.037559,0.519413,0.001331,
0.322239,0.037522,0.419185,-0.001805,
0.342589,0.037429,0.019036,-0.000235,
0.327833,0.035718,0.012588,0.001167,
0.327778,0.035874,-0.011654,0.001864,
0.325551,0.036033,-0.031063,0.001313,
0.322462,0.035999,-0.030452,-0.001697,
0.315909,0.035909,-0.094622,-0.000209,
TIME: 217.2 - SYSTEM: Plan 23
0.025942,0.000321,0.387191,0.031057,
0.074867,0.004379,0.571136,0.048297,
0.135465,0.009540,0.629887,0.053916,
0.190910,0.014670,0.485495,0.048607,
0.205496,0.018561,-0.142966,0.030328,
0.177262,0.017046,0.019707,0.025577,
0.179644,0.020421,0.027081,0.040255,
0.184450,0.024745,0.065374,0.045336,
0.191012,0.029224,0.065237,0.043913,
0.196096,0.032540,0.038179,0.023796,
0.163289,0.027430,0.033872,0.018803,
0.165358,0.029896,0.009354,0.029408,
0.165984,0.033077,0.003575,0.033452,
0.166382,0.036358,0.004284,0.032107,
0.164461,0.039014,-0.038921,0.021673,
0.178398,0.037237,0.390110,0.001199,
0.223910,0.037396,0.505962,0.001917,
0.275491,0.037561,0.519411,0.001333,
0.322238,0.037521,0.419198,-0.001802,
0.342590,0.037430,0.019071,-0.000234,
0.327834,0.035721,0.012586,0.001167,
0.327779,0.035874,-0.011656,0.001864,
0.325551,0.036032,-0.031066,0.001312,
0.322462,0.035997,-0.030455,-0.001697,
0.315909,0.035909,-0.094624,-0.000207,
TIME: 220.9 - SYSTEM: Plan 24
0.025942,0.000321,0.387193,0.031057,
0.074868,0.004379,0.571138,0.048297,
0.135465,0.009539,0.629890,0.053918,
0.190911,0.014669,0.485497,0.048609,
0.205497,0.018559,-0.142966,0.030329,
0.177262,0.017046,0.019710,0.025575,
0.179644,0.020416,0.027085,0.040258,
0.184451,0.024744,0.065378,0.045341,
0.191014,0.029222,0.065240,0.043912,
0.196098,0.032533,0.038180,0.023775,
0.163290,0.027419,0.033859,0.018817,
0.165357,0.029893,0.009330,0.029437,
0.165982,0.033066,0.003571,0.033479,
0.166379,0.036350,0.004277,0.032145,
0.164456,0.039019,-0.038943,0.021706,
0.178394,0.037242,0.390132,0.001198,
0.223908,0.037405,0.505993,0.001915,
0.275494,0.037566,0.519438,0.001331,
0.322241,0.037528,0.419200,-0.001803,
0.342589,0.037436,0.019016,-0.000234,
0.327833,0.035725,0.012586,0.001167,
0.327779,0.035880,-0.011656,0.001867,
0.325551,0.036039,-0.031066,0.001313,
0.322462,0.036007,-0.030454,-0.001698,
0.315909,0.035913,-0.094623,-0.000208,
TIME: 224.3 - SYSTEM: Plan 25
0.025942,0.000321,0.387191,0.031057,
0.074867,0.004380,0.571136,0.048296,
0.135465,0.009540,0.629887,0.053916,
0.190910,0.014670,0.485495,0.048607,
0.205496,0.018561,-0.142967,0.030327,
0.177262,0.017046,0.019707,0.025571,
0.179644,0.020420,0.027081,0.040259,
0.184450,0.024741,0.065374,0.045338,
0.191013,0.029222,0.065238,0.043915,
0.196096,0.032543,0.038179,0.023843,
0.163289,0.027430,0.033869,0.018777,
0.165358,0.029889,0.009352,0.029366,
0.165984,0.033055,0.003576,0.033402,
0.166381,0.036347,0.004273,0.032067,
0.164458,0.039011,-0.038950,0.021640,
0.178394,0.037231,0.390106,0.001198,
0.223906,0.037391,0.505956,0.001915,
0.275487,0.037552,0.519411,0.001333,
0.322234,0.037514,0.419216,-0.001801,
0.342590,0.037420,0.019136,-0.000230,
0.327834,0.035711,0.012586,0.001164,
0.327779,0.035868,-0.011657,0.001864,
0.325551,0.036025,-0.031067,0.001312,
0.322462,0.035991,-0.030456,-0.001696,
0.315909,0.035901,-0.094625,-0.000210,
TIME: 227.9 - SYSTEM: Plan 26
0.025942,0.000321,0.387193,0.031057,
0.074868,0.004380,0.571138,0.048298,
0.135465,0.009539,0.629890,0.053916,
0.190910,0.014670,0.485498,0.048607,
0.205497,0.018561,-0.142965,0.030328,
0.177262,0.017046,0.019709,0.025575,
0.179644,0.020422,0.027083,0.040263,
0.184450,0.024744,0.065376,0.045339,
0.191013,0.029220,0.065239,0.043913,
0.196097,0.032537,0.038180,0.023804,
0.163289,0.027424,0.033863,0.018801,
0.165358,0.029902,0.009338,0.029409,
0.165982,0.033063,0.003573,0.033444,
0.166380,0.036371,0.004275,0.032109,
0.164457,0.039027,-0.038947,0.021670,
0.178394,0.037248,0.390118,0.001199,
0.223907,0.037406,0.505971,0.001913,
0.275490,0.037569,0.519423,0.001332,
0.322238,0.037528,0.419208,-0.001802,
0.342590,0.037435,0.019079,-0.000231,
0.327834,0.035725,0.012585,0.001165,
0.327779,0.035881,-0.011658,0.001862,
0.325551,0.036037,-0.031068,0.001311,
0.322462,0.036003,-0.030457,-0.001697,
0.315909,0.035912,-0.094625,-0.000207,
TIME: 233 - SYSTEM: Plan 27
0.025942,0.000321,0.387191,0.031057,
0.074867,0.004381,0.571136,0.048296,
0.135465,0.009542,0.629887,0.053916,
0.190910,0.014671,0.485495,0.048606,
0.205496,0.018562,-0.142966,0.030326,
0.177262,0.017047,0.019707,0.025573,
0.179644,0.020418,0.027080,0.040260,
0.184449,0.024743,0.065373,0.045339,
0.191012,0.029225,0.065237,0.043911,
0.196096,0.032540,0.038179,0.023782,
0.163289,0.027429,0.033872,0.018809,
0.165359,0.029903,0.009354,0.029415,
0.165984,0.033083,0.003575,0.033458,
0.166382,0.036378,0.004287,0.032123,
0.164461,0.039048,-0.038915,0.021678,
0.178398,0.037269,0.390112,0.001198,
0.223911,0.037430,0.505965,0.001914,
0.275493,0.037590,0.519413,0.001332,
0.322239,0.037555,0.419195,-0.001803,
0.342590,0.037461,0.019061,-0.000232,
0.327834,0.035751,0.012587,0.001166,
0.327779,0.035902,-0.011656,0.001867,
0.325551,0.036062,-0.031065,0.001310,
0.322462,0.036029,-0.030454,-0.001698,
0.315909,0.035939,-0.094624,-0.000208,
TIME: 238.9 - SYSTEM: Plan 28
0.025942,0.000321,0.387193,0.031057,
0.074867,0.004381,0.571138,0.048296,
0.135465,0.009541,0.629889,0.053914,
0.190910,0.014670,0.485497,0.048606,
0.205497,0.018561,-0.142966,0.030327,
0.177262,0.017046,0.019709,0.025573,
0.179644,0.020418,0.027083,0.040263,
0.184450,0.024744,0.065375,0.045341,
0.191013,0.029224,0.065239,0.043913,
0.196097,0.032535,0.038180,0.023801,
0.163289,0.027418,0.033863,0.018803,
0.165358,0.029892,0.009337,0.029408,
0.165982,0.033064,0.003573,0.033448,
0.166380,0.036357,0.004275,0.032109,
0.164457,0.039013,-0.038947,0.021673,
0.178393,0.037234,0.390120,0.001197,
0.223908,0.037398,0.505975,0.001912,
0.275491,0.037559,0.519426,0.001329,
0.322239,0.037523,0.419209,-0.001805,
0.342590,0.037428,0.019074,-0.000234,
0.327834,0.035718,0.012586,0.001164,
0.327779,0.035874,-0.011658,0.001863,
0.325551,0.036034,-0.031067,0.001311,
0.322462,0.035998,-0.030456,-0.001698,
0.315909,0.035908,-0.094625,-0.000211,
TIME: 243.5 - SYSTEM: Plan 29
0.025942,0.000321,0.387192,0.031056,
0.074867,0.004380,0.571137,0.048297,
0.135465,0.009540,0.629888,0.053916,
0.190910,0.014670,0.485496,0.048608,
0.205496,0.018562,-0.142966,0.030328,
0.177262,0.017047,0.019707,0.025573,
0.179644,0.020421,0.027081,0.040259,
0.184449,0.024746,0.065373,0.045340,
0.191012,0.029224,0.065237,0.043915,
0.196096,0.032544,0.038179,0.023832,
0.163289,0.027437,0.033871,0.018780,
0.165358,0.029889,0.009354,0.029373,
0.165984,0.033069,0.003577,0.033412,
0.166381,0.036350,0.004276,0.032072,
0.164459,0.039017,-0.038942,0.021647,
0.178395,0.037238,0.390104,0.001199,
0.223907,0.037396,0.505952,0.001915,
0.275488,0.037558,0.519406,0.001332,
0.322235,0.037517,0.419209,-0.001800,
0.342590,0.037425,0.019123,-0.000228,
0.327834,0.035715,0.012586,0.001165,
0.327779,0.035873,-0.011657,0.001865,
0.325551,0.036029,-0.031067,0.001312,
0.322462,0.035994,-0.030456,-0.001699,
0.315909,0.035907,-0.094625,-0.000211,
TIME: 247.6 - SYSTEM: Plan 30
0.025942,0.000321,0.387192,0.031057,
0.074867,0.004381,0.571136,0.048297,
0.135465,0.009540,0.629888,0.053915,
0.190910,0.014671,0.485496,0.048607,
0.205497,0.018561,-0.142965,0.030327,
0.177262,0.017051,0.019708,0.025574,
0.179644,0.020418,0.027082,0.040261,
0.184450,0.024738,0.065375,0.045341,
0.191013,0.029221,0.065238,0.043915,
0.196096,0.032535,0.038179,0.023832,
0.163289,0.027421,0.033867,0.018782,
0.165358,0.029893,0.009347,0.029374,
0.165983,0.033067,0.003575,0.033418,
0.166381,0.036368,0.004273,0.032076,
0.164457,0.039018,-0.038951,0.021643,
0.178394,0.037241,0.390111,0.001196,
0.223907,0.037400,0.505962,0.001913,
0.275489,0.037560,0.519416,0.001332,
0.322236,0.037520,0.419218,-0.001800,
0.342591,0.037426,0.019129,-0.000229,
0.327835,0.035716,0.012584,0.001168,
0.327780,0.035871,-0.011659,0.001863,
0.325551,0.036027,-0.031069,0.001312,
0.322463,0.035995,-0.030458,-0.001695,
0.315908,0.035907,-0.094626,-0.000208,
TIME: 252.4 - SYSTEM: Plan 31
0.025942,0.000321,0.387192,0.031058,
0.074867,0.004381,0.571137,0.048297,
0.135465,0.009540,0.629888,0.053916,
0.190910,0.014669,0.485496,0.048607,
0.205497,0.018559,-0.142966,0.030329,
0.177262,0.017046,0.019708,0.025575,
0.179644,0.020419,0.027083,0.040262,
0.184450,0.024739,0.065376,0.045339,
0.191013,0.029223,0.065239,0.043913,
0.196097,0.032539,0.038180,0.023803,
0.163289,0.027426,0.033865,0.018803,
0.165358,0.029894,0.009341,0.029403,
0.165983,0.033074,0.003574,0.033446,
0.166380,0.036355,0.004277,0.032103,
0.164458,0.039020,-0.038942,0.021672,
0.178394,0.037243,0.390118,0.001196,
0.223907,0.037403,0.505972,0.001912,
0.275490,0.037566,0.519422,0.001330,
0.322237,0.037526,0.419208,-0.001804,
0.342590,0.037429,0.019077,-0.000233,
0.327834,0.035720,0.012585,0.001165,
0.327780,0.035874,-0.011658,0.001863,
0.325552,0.036032,-0.031068,0.001313,
0.322462,0.035999,-0.030456,-0.001696,
0.315909,0.035909,-0.094625,-0.000209,
TIME: 256.1 - SYSTEM: Plan 32
0.025942,0.000321,0.387192,0.031057,
0.074867,0.004381,0.571137,0.048298,
0.135465,0.009540,0.629888,0.053915,
0.190910,0.014670,0.485496,0.048608,
0.205496,0.018561,-0.142966,0.030328,
0.177262,0.017047,0.019708,0.025574,
0.179644,0.020417,0.027082,0.040263,
0.184450,0.024744,0.065374,0.045340,
0.191013,0.029221,0.065238,0.043915,
0.196096,0.032542,0.038179,0.023838,
0.163289,0.027428,0.033868,0.018782,
0.165358,0.029900,0.009349,0.029369,
0.165984,0.033083,0.003576,0.033398,
0.166381,0.036372,0.004273,0.032057,
0.164458,0.039021,-0.038951,0.021629,
0.178394,0.037242,0.390102,0.001197,
0.223905,0.037399,0.505949,0.001913,
0.275486,0.037560,0.519406,0.001333,
0.322234,0.037526,0.419220,-0.001799,
0.342591,0.037433,0.019154,-0.000230,
0.327835,0.035726,0.012583,0.001168,
0.327780,0.035880,-0.011661,0.001861,
0.325552,0.036039,-0.031071,0.001309,
0.322462,0.036003,-0.030460,-0.001700,
0.315908,0.035912,-0.094627,-0.000213,
TIME: 259.5 - SYSTEM: Plan 33
0.025942,0.000322,0.387194,0.031056,
0.074867,0.004381,0.571139,0.048296,
0.135465,0.009540,0.629891,0.053915,
0.190910,0.014670,0.485498,0.048607,
0.205497,0.018562,-0.142965,0.030327,
0.177262,0.017047,0.019710,0.025573,
0.179644,0.020421,0.027085,0.040263,
0.184451,0.024746,0.065377,0.045339,
0.191014,0.029223,0.065240,0.043914,
0.196098,0.032541,0.038180,0.023816,
0.163290,0.027431,0.033858,0.018795,
0.165357,0.029893,0.009330,0.029385,
0.165982,0.033067,0.003573,0.033430,
0.166378,0.036349,0.004269,0.032094,
0.164454,0.039010,-0.038964,0.021670,
0.178392,0.037234,0.390124,0.001196,
0.223905,0.037391,0.505982,0.001912,
0.275488,0.037552,0.519432,0.001332,
0.322237,0.037516,0.419216,-0.001802,
0.342590,0.037422,0.019085,-0.000232,
0.327834,0.035712,0.012587,0.001167,
0.327779,0.035865,-0.011656,0.001862,
0.325551,0.036025,-0.031066,0.001311,
0.322462,0.035992,-0.030455,-0.001696,
0.315909,0.035900,-0.094624,-0.000208,
TIME: 263 - SYSTEM: Plan 34
0.025942,0.000321,0.387193,0.031057,
0.074868,0.004381,0.571138,0.048297,
0.135465,0.009541,0.629890,0.053915,
0.190910,0.014670,0.485497,0.048607,
0.205497,0.018562,-0.142967,0.030327,
0.177262,0.017047,0.019710,0.025573,
0.179644,0.020421,0.027085,0.040263,
0.184451,0.024746,0.065378,0.045339,
0.191014,0.029223,0.065240,0.043914,
0.196098,0.032541,0.038180,0.023816,
0.163290,0.027431,0.033859,0.018796,
0.165357,0.029893,0.009331,0.029385,
0.165982,0.033067,0.003573,0.033430,
0.166379,0.036349,0.004270,0.032094,
0.164455,0.039011,-0.038963,0.021670,
0.178392,0.037232,0.390122,0.001198,
0.223905,0.037392,0.505980,0.001914,
0.275488,0.037557,0.519430,0.001332,
0.322236,0.037519,0.419214,-0.001803,
0.342590,0.037423,0.019085,-0.000234,
0.327834,0.035717,0.012587,0.001164,
0.327779,0.035870,-0.011656,0.001861,
0.325551,0.036025,-0.031066,0.001309,
0.322462,0.035992,-0.030455,-0.001697,
0.315909,0.035904,-0.094624,-0.000210,
TIME: 266.7 - SYSTEM: Plan 35
0.025942,0.000321,0.387191,0.031056,
0.074867,0.004379,0.571136,0.048297,
0.135465,0.009539,0.629888,0.053915,
0.190910,0.014669,0.485496,0.048607,
0.205496,0.018559,-0.142966,0.030329,
0.177262,0.017043,0.019708,0.025576,
0.179644,0.020415,0.027082,0.040260,
0.184450,0.024745,0.065374,0.045340,
0.191013,0.029220,0.065238,0.043913,
0.196096,0.032541,0.038179,0.023810,
0.163289,0.027424,0.033868,0.018794,
0.165358,0.029886,0.009348,0.029394,
0.165984,0.033046,0.003574,0.033444,
0.166381,0.036341,0.004278,0.032117,
0.164459,0.039005,-0.038936,0.021685,
0.178396,0.037225,0.390115,0.001199,
0.223909,0.037383,0.505971,0.001913,
0.275491,0.037547,0.519418,0.001333,
0.322238,0.037511,0.419194,-0.001799,
0.342588,0.037418,0.019055,-0.000231,
0.327833,0.035710,0.012589,0.001165,
0.327778,0.035868,-0.011653,0.001863,
0.325551,0.036022,-0.031062,0.001310,
0.322462,0.035987,-0.030451,-0.001698,
0.315909,0.035897,-0.094622,-0.000209,
TIME: 270.2 - SYSTEM: Plan 36
0.025942,0.000321,0.387193,0.031057,
0.074868,0.004381,0.571138,0.048296,
0.135465,0.009540,0.629890,0.053916,
0.190910,0.014670,0.485497,0.048608,
0.205497,0.018561,-0.142967,0.030328,
0.177262,0.017047,0.019710,0.025572,
0.179644,0.020423,0.027085,0.040262,
0.184451,0.024746,0.065377,0.045339,
0.191014,0.029220,0.065240,0.043912,
0.196098,0.032537,0.038180,0.023788,
0.163290,0.027427,0.033858,0.018808,
0.165357,0.029883,0.009327,0.029419,
0.165981,0.033054,0.003570,0.033474,
0.166378,0.036329,0.004273,0.032140,
0.164455,0.038993,-0.038953,0.021710,
0.178393,0.037215,0.390131,0.001199,
0.223908,0.037372,0.505993,0.001915,
0.275492,0.037535,0.519436,0.001332,
0.322240,0.037498,0.419196,-0.001801,
0.342588,0.037406,0.019012,-0.000231,
0.327833,0.035699,0.012590,0.001166,
0.327779,0.035855,-0.011651,0.001864,
0.325551,0.036009,-0.031060,0.001311,
0.322462,0.035977,-0.030450,-0.001697,
0.315909,0.035887,-0.094622,-0.000208,
TIME: 273.7 - SYSTEM: Plan 37
0.025942,0.000321,0.387192,0.031058,
0.074867,0.004380,0.571137,0.048296,
0.135465,0.009540,0.629889,0.053916,
0.190910,0.014670,0.485496,0.048606,
0.205497,0.018560,-0.142967,0.030327,
0.177262,0.017046,0.019708,0.025573,
0.179644,0.020416,0.027082,0.040261,
0.184450,0.024743,0.065375,0.045339,
0.191013,0.029222,0.065238,0.043915,
0.196097,0.032538,0.038179,0.023838,
0.163289,0.027430,0.033866,0.018778,
0.165358,0.029895,0.009346,0.029364,
0.165983,0.033078,0.003575,0.033402,
0.166380,0.036353,0.004271,0.032062,
0.164457,0.039012,-0.038955,0.021639,
0.178394,0.037233,0.390107,0.001199,
0.223905,0.037390,0.505956,0.001917,
0.275487,0.037551,0.519411,0.001338,
0.322235,0.037517,0.419217,-0.001797,
0.342590,0.037422,0.019138,-0.000227,
0.327834,0.035714,0.012585,0.001167,
0.327779,0.035865,-0.011658,0.001868,
0.325551,0.036026,-0.031068,0.001314,
0.322462,0.035993,-0.030457,-0.001696,
0.315909,0.035900,-0.094626,-0.000210,
TIME: 277.8 - SYSTEM: Plan 38
0.025942,0.000322,0.387193,0.031056,
0.074868,0.004380,0.571138,0.048297,
0.135465,0.009540,0.629890,0.053915,
0.190910,0.014670,0.485498,0.048607,
0.205497,0.018560,-0.142965,0.030328,
0.177262,0.017045,0.019710,0.025573,
0.179644,0.020416,0.027085,0.040263,
0.184451,0.024740,0.065378,0.045342,
0.191014,0.029217,0.065241,0.043917,
0.196098,0.032533,0.038180,0.023855,
0.163289,0.027426,0.033858,0.018765,
0.165357,0.029886,0.009331,0.029351,
0.165982,0.033054,0.003574,0.033391,
0.166378,0.036335,0.004261,0.032054,
0.164453,0.038985,-0.038984,0.021641,
0.178390,0.037207,0.390114,0.001196,
0.223902,0.037369,0.505966,0.001915,
0.275485,0.037531,0.519420,0.001332,
0.322234,0.037494,0.419224,-0.001803,
0.342590,0.037399,0.019142,-0.000233,
0.327834,0.035691,0.012585,0.001168,
0.327779,0.035845,-0.011659,0.001864,
0.325551,0.036004,-0.031069,0.001311,
0.322462,0.035970,-0.030458,-0.001696,
0.315909,0.035881,-0.094625,-0.000211,
TIME: 282.5 - SYSTEM: Plan 39
0.025942,0.000322,0.387194,0.031057,
0.074868,0.004382,0.571139,0.048296,
0.135465,0.009541,0.629891,0.053914,
0.190910,0.014672,0.485498,0.048605,
0.205497,0.018562,-0.142966,0.030326,
0.177262,0.017050,0.019710,0.025576,
0.179645,0.020420,0.027085,0.040260,
0.184451,0.024744,0.065378,0.045339,
0.191014,0.029227,0.065240,0.043912,
0.196098,0.032543,0.038180,0.023782,
0.163290,0.027430,0.033857,0.018813,
0.165357,0.029897,0.009325,0.029412,
0.165981,0.033085,0.003570,0.033458,
0.166378,0.036388,0.004273,0.032121,
0.164455,0.039050,-0.038952,0.021677,
0.178393,0.037270,0.390124,0.001200,
0.223907,0.037429,0.505981,0.001915,
0.275491,0.037595,0.519431,0.001333,
0.322238,0.037557,0.419211,-0.001804,
0.342591,0.037463,0.019066,-0.000234,
0.327835,0.035750,0.012584,0.001165,
0.327780,0.035907,-0.011660,0.001863,
0.325551,0.036064,-0.031070,0.001308,
0.322462,0.036030,-0.030458,-0.001700,
0.315909,0.035940,-0.094626,-0.000208,
TIME: 288.6 - SYSTEM: Plan 40
0.025942,0.000321,0.387194,0.031058,
0.074868,0.004380,0.571139,0.048297,
0.135465,0.009539,0.629891,0.053915,
0.190911,0.014669,0.485498,0.048608,
0.205497,0.018560,-0.142967,0.030328,
0.177262,0.017045,0.019710,0.025576,
0.179644,0.020416,0.027085,0.040263,
0.184451,0.024744,0.065377,0.045340,
0.191014,0.029220,0.065241,0.043916,
0.196098,0.032538,0.038180,0.023857,
0.163290,0.027425,0.033857,0.018768,
0.165357,0.029891,0.009329,0.029350,
0.165981,0.033053,0.003573,0.033387,
0.166378,0.036332,0.004260,0.032044,
0.164452,0.038996,-0.038987,0.021633,
0.178389,0.037217,0.390113,0.001197,
0.223901,0.037377,0.505964,0.001912,
0.275484,0.037541,0.519420,0.001331,
0.322233,0.037506,0.419229,-0.001802,
0.342591,0.037411,0.019156,-0.000234,
0.327834,0.035704,0.012584,0.001168,
0.327780,0.035860,-0.011660,0.001864,
0.325551,0.036012,-0.031070,0.001310,
0.322462,0.035980,-0.030458,-0.001697,
0.315908,0.035891,-0.094626,-0.000210,
TIME: 292.5 - SYSTEM: Plan 41
0.025942,0.000321,0.387193,0.031056,
0.074867,0.004381,0.571138,0.048296,
0.135465,0.009540,0.629889,0.053915,
0.190910,0.014671,0.485497,0.048606,
0.205497,0.018561,-0.142966,0.030327,
0.177262,0.017046,0.019709,0.025574,
0.179644,0.020417,0.027084,0.040261,
0.184451,0.024740,0.065376,0.045340,
0.191014,0.029223,0.065239,0.043913,
0.196097,0.032538,0.038180,0.023817,
0.163289,0.027424,0.033861,0.018791,
0.165358,0.029883,0.009335,0.029394,
0.165982,0.033058,0.003573,0.033442,
0.166379,0.036354,0.004271,0.032098,
0.164456,0.039009,-0.038958,0.021667,
0.178393,0.037233,0.390119,0.001195,
0.223907,0.037395,0.505973,0.001912,
0.275488,0.037553,0.519423,0.001329,
0.322238,0.037515,0.419211,-0.001803,
0.342590,0.037421,0.019087,-0.000231,
0.327834,0.035712,0.012584,0.001168,
0.327779,0.035869,-0.011660,0.001867,
0.325551,0.036023,-0.031070,0.001312,
0.322462,0.035992,-0.030458,-0.001695,
0.315909,0.035902,-0.094625,-0.000208,
TIME: 296.1 - SYSTEM: Plan 42
0.025942,0.000321,0.387191,0.031059,
0.074867,0.004379,0.571136,0.048298,
0.135465,0.009540,0.629888,0.053918,
0.190910,0.014670,0.485495,0.048608,
0.205496,0.018559,-0.142966,0.030328,
0.177262,0.017045,0.019707,0.025573,
0.179644,0.020414,0.027081,0.040261,
0.184449,0.024740,0.065373,0.045342,
0.191012,0.029224,0.065237,0.043915,
0.196096,0.032538,0.038179,0.023841,
0.163289,0.027427,0.033871,0.018773,
0.165358,0.029898,0.009354,0.029360,
0.165984,0.033078,0.003577,0.033404,
0.166382,0.036350,0.004275,0.032058,
0.164459,0.039018,-0.038946,0.021633,
0.178395,0.037239,0.390106,0.001197,
0.223906,0.037398,0.505954,0.001914,
0.275487,0.037559,0.519409,0.001331,
0.322234,0.037521,0.419220,-0.001799,
0.342591,0.037428,0.019148,-0.000229,
0.327835,0.035717,0.012584,0.001165,
0.327780,0.035874,-0.011660,0.001865,
0.325552,0.036030,-0.031070,0.001314,
0.322462,0.035998,-0.030458,-0.001695,
0.315909,0.035906,-0.094626,-0.000208,
TIME: 299.8 - SYSTEM: Plan 43
0.025942,0.000321,0.387192,0.031057,
0.074867,0.004380,0.571137,0.048296,
0.135465,0.009539,0.629889,0.053915,
0.190910,0.014669,0.485497,0.048608,
0.205497,0.018560,-0.142965,0.030329,
0.177262,0.017045,0.019708,0.025574,
0.179644,0.020415,0.027083,0.040262,
0.184450,0.024739,0.065376,0.045338,
0.191013,0.029219,0.065239,0.043914,
0.196097,0.032532,0.038180,0.023820,
0.163289,0.027419,0.033863,0.018790,
0.165358,0.029884,0.009338,0.029391,
0.165982,0.033061,0.003574,0.033427,
0.166380,0.036363,0.004272,0.032088,
0.164456,0.039012,-0.038955,0.021658,
0.178393,0.037232,0.390117,0.001199,
0.223906,0.037393,0.505969,0.001915,
0.275489,0.037555,0.519422,0.001334,
0.322235,0.037517,0.419215,-0.001801,
0.342591,0.037424,0.019103,-0.000231,
0.327834,0.035716,0.012585,0.001164,
0.327780,0.035873,-0.011659,0.001864,
0.325552,0.036032,-0.031068,0.001307,
0.322462,0.036000,-0.030457,-0.001701,
0.315909,0.035909,-0.094626,-0.000214,
TIME: 304.6 - SYSTEM: Plan 44
0.025942,0.000322,0.387192,0.031057,
0.074867,0.004381,0.571137,0.048296,
0.135465,0.009539,0.629888,0.053916,
0.190910,0.014670,0.485496,0.048608,
0.205496,0.018560,-0.142966,0.030328,
0.177262,0.017045,0.019707,0.025574,
0.179644,0.020421,0.027081,0.040265,
0.184450,0.024742,0.065373,0.045338,
0.191012,0.029221,0.065237,0.043913,
0.196096,0.032539,0.038179,0.023798,
0.163289,0.027419,0.033871,0.018806,
0.165358,0.029894,0.009353,0.029416,
0.165984,0.033065,0.003575,0.033455,
0.166382,0.036348,0.004283,0.032118,
0.164460,0.039013,-0.038925,0.021683,
0.178396,0.037233,0.390110,0.001198,
0.223909,0.037394,0.505962,0.001915,
0.275490,0.037555,0.519410,0.001333,
0.322238,0.037516,0.419190,-0.001801,
0.342590,0.037423,0.019055,-0.000230,
0.327834,0.035715,0.012586,0.001166,
0.327779,0.035869,-0.011657,0.001866,
0.325551,0.036027,-0.031066,0.001308,
0.322462,0.035992,-0.030455,-0.001698,
0.315909,0.035901,-0.094624,-0.000209,
TIME: 308.9 - SYSTEM: Plan 45
0.025942,0.000321,0.387192,0.031057,
0.074868,0.004380,0.571137,0.048297,
0.135465,0.009540,0.629889,0.053915,
0.190910,0.014671,0.485496,0.048607,
0.205497,0.018562,-0.142967,0.030328,
0.177262,0.017049,0.019709,0.025573,
0.179644,0.020418,0.027083,0.040262,
0.184450,0.024742,0.065376,0.045340,
0.191013,0.029218,0.065239,0.043916,
0.196097,0.032539,0.038179,0.023864,
0.163289,0.027429,0.033861,0.018764,
0.165358,0.029889,0.009337,0.029343,
0.165982,0.033057,0.003575,0.033379,
0.166379,0.036344,0.004262,0.032037,
0.164454,0.038990,-0.038980,0.021624,
0.178391,0.037213,0.390108,0.001198,
0.223902,0.037375,0.505957,0.001913,
0.275484,0.037534,0.519414,0.001333,
0.322232,0.037495,0.419229,-0.001799,
0.342591,0.037399,0.019170,-0.000230,
0.327835,0.035692,0.012585,0.001166,
0.327780,0.035847,-0.011659,0.001863,
0.325551,0.036007,-0.031068,0.001311,
0.322462,0.035970,-0.030458,-0.001697,
0.315908,0.035879,-0.094626,-0.000212,
TIME: 312.6 - SYSTEM: Plan 46
0.025942,0.000321,0.387193,0.031058,
0.074867,0.004379,0.571138,0.048297,
0.135465,0.009539,0.629890,0.053916,
0.190910,0.014670,0.485498,0.048607,
0.205497,0.018560,-0.142965,0.030328,
0.177262,0.017049,0.019709,0.025571,
0.179644,0.020421,0.027083,0.040260,
0.184450,0.024746,0.065376,0.045339,
0.191013,0.029221,0.065239,0.043914,
0.196097,0.032544,0.038179,0.023815,
0.163289,0.027424,0.033862,0.018794,
0.165358,0.029902,0.009337,0.029391,
0.165982,0.033073,0.003573,0.033429,
0.166379,0.036372,0.004272,0.032092,
0.164456,0.039021,-0.038954,0.021657,
0.178392,0.037242,0.390114,0.001198,
0.223906,0.037406,0.505967,0.001914,
0.275487,0.037561,0.519419,0.001331,
0.322235,0.037528,0.419213,-0.001801,
0.342591,0.037431,0.019104,-0.000231,
0.327835,0.035722,0.012585,0.001167,
0.327780,0.035877,-0.011659,0.001863,
0.325552,0.036031,-0.031069,0.001313,
0.322462,0.036001,-0.030458,-0.001695,
0.315908,0.035909,-0.094626,-0.000208,
TIME: 317 - SYSTEM: Plan 47
0.025942,0.000321,0.387192,0.031057,
0.074867,0.004380,0.571136,0.048297,
0.135465,0.009540,0.629888,0.053915,
0.190910,0.014670,0.485496,0.048607,
0.205496,0.018561,-0.142965,0.030328,
0.177262,0.017048,0.019707,0.025570,
0.179643,0.020421,0.027081,0.040261,
0.184449,0.024745,0.065373,0.045339,
0.191012,0.029225,0.065238,0.043915,
0.196096,0.032538,0.038179,0.023824,
0.163289,0.027425,0.033873,0.018791,
0.165359,0.029893,0.009357,0.029386,
0.165984,0.033064,0.003577,0.033426,
0.166382,0.036337,0.004280,0.032091,
0.164460,0.038993,-0.038933,0.021668,
0.178397,0.037216,0.390109,0.001199,
0.223908,0.037373,0.505961,0.001912,
0.275489,0.037534,0.519411,0.001331,
0.322236,0.037501,0.419200,-0.001800,
0.342589,0.037408,0.019085,-0.000231,
0.327833,0.035703,0.012589,0.001166,
0.327779,0.035854,-0.011653,0.001864,
0.325551,0.036014,-0.031062,0.001312,
0.322462,0.035982,-0.030452,-0.001697,
0.315909,0.035889,-0.094623,-0.000211,
TIME: 321 - SYSTEM: Plan 48
0.025942,0.000321,0.387193,0.031058,
0.074868,0.004381,0.571139,0.048298,
0.135465,0.009540,0.629890,0.053914,
0.190910,0.014671,0.485497,0.048607,
0.205497,0.018561,-0.142966,0.030327,
0.177262,0.017050,0.019710,0.025574,
0.179644,0.020417,0.027085,0.040262,
0.184451,0.024739,0.065377,0.045342,
0.191014,0.029220,0.065240,0.043915,
0.196098,0.032532,0.038180,0.023831,
0.163290,0.027412,0.033859,0.018794,
0.165357,0.029881,0.009331,0.029380,
0.165982,0.033041,0.003573,0.033422,
0.166379,0.036327,0.004266,0.032087,
0.164454,0.038974,-0.038970,0.021668,
0.178391,0.037197,0.390121,0.001197,
0.223905,0.037360,0.505979,0.001912,
0.275487,0.037521,0.519430,0.001330,
0.322236,0.037482,0.419215,-0.001802,
0.342589,0.037386,0.019090,-0.000233,
0.327833,0.035681,0.012587,0.001166,
0.327779,0.035838,-0.011656,0.001862,
0.325551,0.035995,-0.031065,0.001310,
0.322462,0.035962,-0.030454,-0.001699,
0.315909,0.035871,-0.094624,-0.000213,
TIME: 324.9 - SYSTEM: Plan 49
0.025942,0.000321,0.387192,0.031057,
0.074867,0.004380,0.571137,0.048297,
0.135465,0.009539,0.629888,0.053917,
0.190910,0.014670,0.485496,0.048608,
0.205496,0.018560,-0.142966,0.030328,
0.177262,0.017047,0.019708,0.025571,
0.179644,0.020420,0.027082,0.040260,
0.184450,0.024747,0.065375,0.045338,
0.191013,0.029221,0.065238,0.043912,
0.196096,0.032537,0.038179,0.023793,
0.163289,0.027421,0.033871,0.018798,
0.165358,0.029886,0.009352,0.029413,
0.165984,0.033063,0.003574,0.033450,
0.166382,0.036356,0.004283,0.032122,
0.164460,0.039018,-0.038923,0.021688,
0.178397,0.037240,0.390112,0.001197,
0.223910,0.037401,0.505965,0.001913,
0.275491,0.037561,0.519412,0.001333,
0.322239,0.037524,0.419188,-0.001803,
0.342589,0.037433,0.019047,-0.000232,
0.327833,0.035724,0.012589,0.001165,
0.327779,0.035882,-0.011653,0.001862,
0.325551,0.036039,-0.031063,0.001309,
0.322462,0.036004,-0.030452,-0.001700,
0.315909,0.035914,-0.094622,-0.000210,
TIME: 328.5 - SYSTEM: Plan 50
0.025942,0.000321,0.387192,0.031057,
0.074868,0.004379,0.571137,0.048297,
0.135465,0.009540,0.629889,0.053915,
0.190910,0.014671,0.485496,0.048607,
0.205497,0.018561,-0.142967,0.030328,
0.177262,0.017049,0.019708,0.025573,
0.179644,0.020417,0.027083,0.040263,
0.184450,0.024740,0.065376,0.045343,
0.191013,0.029224,0.065239,0.043916,
0.196097,0.032538,0.038180,0.023864,
0.163289,0.027432,0.033862,0.018764,
0.165358,0.029880,0.009339,0.029348,
0.165983,0.033055,0.003575,0.033381,
0.166379,0.036329,0.004263,0.032041,
0.164454,0.038994,-0.038978,0.021629,
0.178391,0.037217,0.390110,0.001198,
0.223903,0.037374,0.505960,0.001913,
0.275485,0.037534,0.519418,0.001335,
0.322233,0.037499,0.419230,-0.001796,
0.342590,0.037401,0.019163,-0.000227,
0.327834,0.035695,0.012585,0.001164,
0.327779,0.035851,-0.011658,0.001862,
0.325551,0.036010,-0.031068,0.001311,
0.322462,0.035975,-0.030457,-0.001699,
0.315909,0.035887,-0.094626,-0.000213,
TIME: 332 - SYSTEM: Plan 51
0.025942,0.000321,0.387193,0.031057,
0.074868,0.004380,0.571139,0.048297,
0.135465,0.009540,0.629890,0.053917,
0.190910,0.014670,0.485498,0.048608,
0.205497,0.018561,-0.142966,0.030328,
0.177262,0.017048,0.019710,0.025574,
0.179644,0.020417,0.027085,0.040260,
0.184451,0.024741,0.065378,0.045341,
0.191014,0.029217,0.065240,0.043915,
0.196098,0.032538,0.038180,0.023837,
0.163290,0.027431,0.033856,0.018783,
0.165357,0.029904,0.009325,0.029371,
0.165981,0.033073,0.003572,0.033410,
0.166378,0.036353,0.004262,0.032066,
0.164452,0.039002,-0.038981,0.021640,
0.178390,0.037224,0.390118,0.001199,
0.223903,0.037386,0.505971,0.001912,
0.275485,0.037545,0.519426,0.001331,
0.322235,0.037511,0.419229,-0.001803,
0.342591,0.037416,0.019138,-0.000234,
0.327835,0.035710,0.012583,0.001166,
0.327780,0.035863,-0.011660,0.001865,
0.325552,0.036022,-0.031070,0.001313,
0.322462,0.035988,-0.030459,-0.001695,
0.315908,0.035898,-0.094627,-0.000211,
TIME: 335.5 - SYSTEM: Plan 52
0.025942,0.000322,0.387192,0.031057,
0.074867,0.004380,0.571137,0.048296,
0.135465,0.009540,0.629888,0.053916,
0.190910,0.014669,0.485496,0.048608,
0.205496,0.018559,-0.142965,0.030328,
0.177262,0.017046,0.019707,0.025569,
0.179644,0.020420,0.027081,0.040261,
0.184450,0.024737,0.065374,0.045338,
0.191012,0.029219,0.065238,0.043917,
0.196096,0.032542,0.038179,0.023872,
0.163289,0.027421,0.033869,0.018753,
0.165358,0.029885,0.009353,0.029331,
0.165984,0.033053,0.003578,0.033363,
0.166381,0.036346,0.004268,0.032026,
0.164457,0.039008,-0.038964,0.021612,
0.178393,0.037231,0.390100,0.001198,
0.223903,0.037393,0.505945,0.001913,
0.275484,0.037554,0.519405,0.001331,
0.322232,0.037518,0.419228,-0.001799,
0.342590,0.037423,0.019190,-0.000232,
0.327834,0.035717,0.012585,0.001166,
0.327779,0.035869,-0.011659,0.001862,
0.325551,0.036025,-0.031069,0.001311,
0.322462,0.035993,-0.030457,-0.001696,
0.315908,0.035899,-0.094626,-0.000210,
TIME: 339.4 - SYSTEM: Plan 53
0.025942,0.000321,0.387192,0.031058,
0.074867,0.004380,0.571137,0.048298,
0.135465,0.009540,0.629889,0.053917,
0.190910,0.014672,0.485497,0.048608,
0.205497,0.018562,-0.142965,0.030328,
0.177262,0.017047,0.019709,0.025575,
0.179644,0.020422,0.027083,0.040260,
0.184450,0.024745,0.065376,0.045340,
0.191014,0.029222,0.065239,0.043915,
0.196097,0.032538,0.038180,0.023839,
0.163289,0.027431,0.033862,0.018777,
0.165358,0.029890,0.009337,0.029373,
0.165982,0.033065,0.003574,0.033413,
0.166379,0.036341,0.004267,0.032071,
0.164455,0.038997,-0.038967,0.021650,
0.178391,0.037219,0.390115,0.001197,
0.223904,0.037380,0.505966,0.001914,
0.275487,0.037541,0.519420,0.001331,
0.322235,0.037504,0.419219,-0.001803,
0.342590,0.037414,0.019121,-0.000233,
0.327834,0.035706,0.012585,0.001166,
0.327780,0.035862,-0.011658,0.001863,
0.325551,0.036018,-0.031068,0.001310,
0.322462,0.035986,-0.030457,-0.001699,
0.315909,0.035892,-0.094626,-0.000211,
TIME: 342.9 - SYSTEM: Plan 54
0.025942,0.000321,0.387192,0.031057,
0.074867,0.004380,0.571137,0.048297,
0.135465,0.009539,0.629888,0.053916,
0.190910,0.014670,0.485496,0.048608,
0.205496,0.018560,-0.142966,0.030328,
0.177262,0.017046,0.019708,0.025574,
0.179644,0.020417,0.027082,0.040263,
0.184450,0.024744,0.065374,0.045341,
0.191013,0.029219,0.065238,0.043916,
0.196096,0.032537,0.038179,0.023855,
0.163289,0.027430,0.033867,0.018768,
0.165358,0.029892,0.009349,0.029361,
0.165983,0.033069,0.003576,0.033395,
0.166381,0.036358,0.004269,0.032042,
0.164457,0.038997,-0.038961,0.021622,
0.178394,0.037219,0.390106,0.001199,
0.223905,0.037379,0.505953,0.001916,
0.275485,0.037537,0.519411,0.001333,
0.322234,0.037500,0.419228,-0.001799,
0.342591,0.037404,0.019168,-0.000228,
0.327835,0.035696,0.012583,0.001166,
0.327780,0.035852,-0.011662,0.001865,
0.325552,0.036008,-0.031072,0.001312,
0.322462,0.035976,-0.030460,-0.001697,
0.315908,0.035883,-0.094627,-0.000211,
TIME: 347.7 - SYSTEM: Plan 55
0.025942,0.000322,0.387192,0.031057,
0.074867,0.004381,0.571137,0.048297,
0.135465,0.009540,0.629889,0.053917,
0.190910,0.014671,0.485497,0.048608,
0.205497,0.018563,-0.142965,0.030327,
0.177262,0.017047,0.019708,0.025575,
0.179644,0.020421,0.027082,0.040258,
0.184450,0.024748,0.065375,0.045337,
0.191013,0.029224,0.065238,0.043914,
0.196097,0.032541,0.038179,0.023812,
0.163289,0.027428,0.033867,0.018795,
0.165358,0.029899,0.009345,0.029398,
0.165983,0.033075,0.003574,0.033437,
0.166381,0.036380,0.004276,0.032090,
0.164458,0.039041,-0.038941,0.021648,
0.178395,0.037260,0.390112,0.001198,
0.223907,0.037423,0.505962,0.001913,
0.275488,0.037584,0.519416,0.001331,
0.322237,0.037546,0.419217,-0.001803,
0.342592,0.037449,0.019115,-0.000232,
0.327835,0.035741,0.012582,0.001165,
0.327780,0.035894,-0.011662,0.001860,
0.325552,0.036050,-0.031072,0.001308,
0.322462,0.036017,-0.030461,-0.001697,
0.315908,0.035928,-0.094628,-0.000208,
TIME: 351.8 - SYSTEM: Plan 56
0.025942,0.000321,0.387192,0.031056,
0.074867,0.004380,0.571137,0.048297,
0.135465,0.009539,0.629888,0.053916,
0.190910,0.014670,0.485496,0.048608,
0.205497,0.018560,-0.142966,0.030329,
0.177262,0.017045,0.019708,0.025573,
0.179644,0.020415,0.027083,0.040261,
0.184450,0.024739,0.065375,0.045341,
0.191013,0.029218,0.065238,0.043915,
0.196097,0.032534,0.038179,0.023829,
0.163289,0.027420,0.033866,0.018785,
0.165358,0.029901,0.009345,0.029374,
0.165983,0.033062,0.003575,0.033415,
0.166380,0.036373,0.004273,0.032067,
0.164457,0.039029,-0.038952,0.021634,
0.178394,0.037251,0.390111,0.001197,
0.223906,0.037410,0.505960,0.001914,
0.275487,0.037570,0.519416,0.001332,
0.322236,0.037533,0.419225,-0.001799,
0.342591,0.037437,0.019144,-0.000229,
0.327835,0.035729,0.012583,0.001166,
0.327780,0.035883,-0.011661,0.001865,
0.325552,0.036041,-0.031071,0.001310,
0.322462,0.036005,-0.030460,-0.001698,
0.315908,0.035914,-0.094628,-0.000211,
TIME: 356.1 - SYSTEM: Plan 57
0.025942,0.000321,0.387191,0.031058,
0.074867,0.004380,0.571136,0.048298,
0.135465,0.009541,0.629887,0.053917,
0.190910,0.014671,0.485496,0.048608,
0.205496,0.018561,-0.142965,0.030328,
0.177262,0.017050,0.019707,0.025572,
0.179644,0.020416,0.027081,0.040260,
0.184450,0.024741,0.065374,0.045341,
0.191012,0.029225,0.065237,0.043917,
0.196096,0.032540,0.038179,0.023869,
0.163289,0.027423,0.033870,0.018759,
0.165358,0.029895,0.009355,0.029335,
0.165984,0.033057,0.003577,0.033367,
0.166381,0.036344,0.004269,0.032030,
0.164457,0.038997,-0.038960,0.021614,
0.178393,0.037219,0.390094,0.001200,
0.223903,0.037381,0.505938,0.001915,
0.275484,0.037543,0.519397,0.001331,
0.322232,0.037503,0.419221,-0.001801,
0.342591,0.037409,0.019186,-0.000230,
0.327835,0.035701,0.012584,0.001166,
0.327780,0.035855,-0.011660,0.001865,
0.325551,0.036016,-0.031070,0.001313,
0.322462,0.035984,-0.030458,-0.001696,
0.315908,0.035892,-0.094626,-0.000212,
TIME: 362.1 - SYSTEM: Plan 58
0.025942,0.000321,0.387192,0.031057,
0.074867,0.004380,0.571136,0.048297,
0.135465,0.009541,0.629888,0.053915,
0.190910,0.014670,0.485497,0.048607,
0.205496,0.018561,-0.142965,0.030327,
0.177262,0.017047,0.019708,0.025578,
0.179644,0.020418,0.027082,0.040259,
0.184450,0.024740,0.065374,0.045339,
0.191013,0.029217,0.065238,0.043912,
0.196096,0.032529,0.038179,0.023785,
0.163289,0.027419,0.033868,0.018808,
0.165358,0.029887,0.009348,0.029421,
0.165983,0.033054,0.003574,0.033465,
0.166381,0.036346,0.004283,0.032128,
0.164460,0.039025,-0.038925,0.021691,
0.178397,0.037245,0.390119,0.001197,
0.223910,0.037402,0.505975,0.001915,
0.275492,0.037565,0.519422,0.001333,
0.322239,0.037530,0.419195,-0.001798,
0.342589,0.037435,0.019040,-0.000227,
0.327833,0.035727,0.012587,0.001167,
0.327779,0.035882,-0.011655,0.001866,
0.325551,0.036040,-0.031065,0.001312,
0.322462,0.036004,-0.030453,-0.001698,
0.315909,0.035912,-0.094624,-0.000208,
TIME: 365.6 - SYSTEM: Plan 59
0.025942,0.000321,0.387193,0.031058,
0.074868,0.004380,0.571139,0.048298,
0.135465,0.009540,0.629890,0.053916,
0.190911,0.014670,0.485497,0.048608,
0.205497,0.018561,-0.142967,0.030328,
0.177262,0.017047,0.019710,0.025574,
0.179644,0.020422,0.027085,0.040262,
0.184451,0.024744,0.065378,0.045338,
0.191014,0.029219,0.065241,0.043914,
0.196098,0.032537,0.038180,0.023810,
0.163290,0.027427,0.033860,0.018796,
0.165357,0.029892,0.009332,0.029395,
0.165982,0.033069,0.003572,0.033440,
0.166379,0.036353,0.004271,0.032102,
0.164455,0.038998,-0.038959,0.021670,
0.178392,0.037220,0.390119,0.001198,
0.223906,0.037378,0.505974,0.001915,
0.275489,0.037539,0.519424,0.001332,
0.322237,0.037505,0.419210,-0.001800,
0.342590,0.037411,0.019082,-0.000230,
0.327834,0.035705,0.012585,0.001165,
0.327779,0.035862,-0.011658,0.001864,
0.325551,0.036018,-0.031068,0.001312,
0.322462,0.035984,-0.030456,-0.001696,
0.315909,0.035894,-0.094625,-0.000210,
TIME: 369.1 - SYSTEM: Plan 60
0.025942,0.000322,0.387193,0.031058,
0.074868,0.004381,0.571138,0.048295,
0.135465,0.009540,0.629890,0.053915,
0.190910,0.014670,0.485497,0.048607,
0.205497,0.018562,-0.142967,0.030328,
0.177262,0.017047,0.019710,0.025572,
0.179644,0.020422,0.027085,0.040261,
0.184451,0.024747,0.065377,0.045340,
0.191014,0.029223,0.065240,0.043915,
0.196098,0.032543,0.038180,0.023823,
0.163290,0.027432,0.033858,0.018791,
0.165357,0.029901,0.009330,0.029387,
0.165982,0.033060,0.003573,0.033423,
0.166378,0.036341,0.004268,0.032083,
0.164454,0.038995,-0.038968,0.021665,
0.178391,0.037220,0.390119,0.001196,
0.223904,0.037379,0.505974,0.001914,
0.275488,0.037538,0.519427,0.001331,
0.322236,0.037503,0.419216,-0.001802,
0.342590,0.037409,0.019096,-0.000233,
0.327834,0.035701,0.012586,0.001167,
0.327779,0.035856,-0.011657,0.001864,
0.325551,0.036013,-0.031067,0.001312,
0.322462,0.035981,-0.030456,-0.001697,
0.315909,0.035889,-0.094625,-0.000210,
TIME: 372.6 - SYSTEM: Plan 61
0.025942,0.000322,0.387192,0.031057,
0.074867,0.004381,0.571137,0.048296,
0.135465,0.009541,0.629888,0.053915,
0.190910,0.014672,0.485496,0.048606,
0.205496,0.018562,-0.142966,0.030327,
0.177262,0.017049,0.019707,0.025573,
0.179644,0.020417,0.027081,0.040262,
0.184450,0.024739,0.065373,0.045339,
0.191012,0.029219,0.065237,0.043917,
0.196096,0.032540,0.038179,0.023876,
0.163289,0.027423,0.033869,0.018757,
0.165358,0.029882,0.009353,0.029331,
0.165984,0.033048,0.003578,0.033378,
0.166381,0.036327,0.004267,0.032040,
0.164457,0.038981,-0.038967,0.021628,
0.178393,0.037205,0.390099,0.001197,
0.223904,0.037362,0.505947,0.001916,
0.275485,0.037524,0.519401,0.001334,
0.322232,0.037488,0.419216,-0.001799,
0.342590,0.037395,0.019162,-0.000232,
0.327834,0.035686,0.012586,0.001170,
0.327779,0.035847,-0.011658,0.001866,
0.325551,0.036003,-0.031067,0.001311,
0.322462,0.035970,-0.030456,-0.001698,
0.315909,0.035879,-0.094624,-0.000214,
TIME: 378.1 - SYSTEM: Plan 62
0.025942,0.000322,0.387193,0.031056,
0.074867,0.004381,0.571138,0.048296,
0.135465,0.009541,0.629890,0.053915,
0.190910,0.014671,0.485498,0.048607,
0.205497,0.018562,-0.142965,0.030327,
0.177262,0.017049,0.019709,0.025573,
0.179644,0.020417,0.027083,0.040262,
0.184450,0.024739,0.065376,0.045339,
0.191013,0.029219,0.065239,0.043918,
0.196097,0.032540,0.038180,0.023876,
0.163289,0.027427,0.033862,0.018760,
0.165358,0.029877,0.009338,0.029336,
0.165982,0.033058,0.003575,0.033379,
0.166379,0.036336,0.004260,0.032030,
0.164453,0.039001,-0.038985,0.021620,
0.178390,0.037223,0.390106,0.001198,
0.223902,0.037384,0.505954,0.001914,
0.275484,0.037542,0.519411,0.001331,
0.322232,0.037505,0.419230,-0.001801,
0.342591,0.037410,0.019177,-0.000230,
0.327835,0.035704,0.012584,0.001165,
0.327780,0.035859,-0.011660,0.001864,
0.325551,0.036016,-0.031070,0.001312,
0.322462,0.035984,-0.030459,-0.001696,
0.315908,0.035892,-0.094627,-0.000212,
TIME: 381.7 - SYSTEM: Plan 63
0.025942,0.000321,0.387192,0.031057,
0.074867,0.004380,0.571136,0.048296,
0.135465,0.009541,0.629888,0.053914,
0.190910,0.014671,0.485496,0.048607,
0.205496,0.018561,-0.142965,0.030327,
0.177262,0.017046,0.019708,0.025573,
0.179644,0.020421,0.027082,0.040261,
0.184450,0.024743,0.065375,0.045340,
0.191013,0.029220,0.065238,0.043914,
0.196096,0.032533,0.038179,0.023815,
0.163289,0.027420,0.033868,0.018795,
0.165358,0.029894,0.009348,0.029391,
0.165983,0.033067,0.003575,0.033427,
0.166381,0.036362,0.004278,0.032088,
0.164459,0.039029,-0.038940,0.021654,
0.178396,0.037251,0.390110,0.001196,
0.223908,0.037414,0.505962,0.001912,
0.275489,0.037577,0.519415,0.001326,
0.322236,0.037540,0.419211,-0.001806,
0.342591,0.037444,0.019108,-0.000236,
0.327834,0.035735,0.012584,0.001166,
0.327780,0.035891,-0.011659,0.001867,
0.325552,0.036053,-0.031069,0.001312,
0.322462,0.036020,-0.030458,-0.001700,
0.315908,0.035932,-0.094626,-0.000214,
TIME: 385.5 - SYSTEM: Plan 64
0.025942,0.000321,0.387191,0.031058,
0.074867,0.004380,0.571136,0.048297,
0.135465,0.009539,0.629887,0.053916,
0.190910,0.014670,0.485495,0.048607,
0.205496,0.018560,-0.142965,0.030328,
0.177262,0.017048,0.019707,0.025570,
0.179644,0.020417,0.027081,0.040260,
0.184449,0.024749,0.065373,0.045339,
0.191012,0.029223,0.065238,0.043913,
0.196096,0.032541,0.038179,0.023812,
0.163289,0.027431,0.033872,0.018783,
0.165359,0.029893,0.009356,0.029393,
0.165984,0.033064,0.003575,0.033442,
0.166382,0.036354,0.004281,0.032102,
0.164460,0.039024,-0.038928,0.021670,
0.178397,0.037245,0.390109,0.001197,
0.223909,0.037406,0.505960,0.001913,
0.275490,0.037571,0.519408,0.001331,
0.322237,0.037530,0.419197,-0.001802,
0.342589,0.037438,0.019079,-0.000232,
0.327834,0.035727,0.012586,0.001166,
0.327779,0.035882,-0.011657,0.001863,
0.325551,0.036040,-0.031067,0.001311,
0.322462,0.036007,-0.030455,-0.001696,
0.315909,0.035918,-0.094624,-0.000208,
TIME: 389.2 - SYSTEM: Plan 65
0.025942,0.000321,0.387191,0.031059,
0.074867,0.004380,0.571136,0.048297,
0.135465,0.009539,0.629888,0.053917,
0.190910,0.014670,0.485496,0.048607,
0.205496,0.018560,-0.142966,0.030328,
0.177262,0.017045,0.019707,0.025573,
0.179644,0.020420,0.027081,0.040262,
0.184450,0.024744,0.065374,0.045340,
0.191012,0.029230,0.065238,0.043911,
0.196096,0.032542,0.038179,0.023781,
0.163289,0.027432,0.033871,0.018815,
0.165358,0.029897,0.009353,0.029416,
0.165984,0.033062,0.003575,0.033457,
0.166382,0.036340,0.004287,0.032134,
0.164461,0.039014,-0.038915,0.021701,
0.178398,0.037234,0.390113,0.001199,
0.223911,0.037397,0.505969,0.001914,
0.275493,0.037554,0.519414,0.001332,
0.322239,0.037517,0.419182,-0.001801,
0.342588,0.037421,0.019024,-0.000231,
0.327832,0.035713,0.012590,0.001165,
0.327778,0.035869,-0.011651,0.001862,
0.325551,0.036027,-0.031061,0.001309,
0.322462,0.035992,-0.030450,-0.001699,
0.315909,0.035903,-0.094621,-0.000210,
TIME: 393.6 - SYSTEM: Plan 66
0.025942,0.000321,0.387193,0.031057,
0.074868,0.004380,0.571139,0.048296,
0.135465,0.009541,0.629891,0.053915,
0.190910,0.014671,0.485498,0.048607,
0.205497,0.018561,-0.142967,0.030328,
0.177262,0.017047,0.019709,0.025578,
0.179644,0.020418,0.027083,0.040259,
0.184450,0.024740,0.065376,0.045339,
0.191013,0.029217,0.065239,0.043912,
0.196097,0.032529,0.038180,0.023785,
0.163289,0.027416,0.033863,0.018811,
0.165358,0.029887,0.009337,0.029425,
0.165982,0.033069,0.003572,0.033473,
0.166380,0.036348,0.004278,0.032130,
0.164457,0.039017,-0.038938,0.021691,
0.178395,0.037238,0.390126,0.001197,
0.223908,0.037398,0.505984,0.001913,
0.275492,0.037555,0.519431,0.001331,
0.322240,0.037519,0.419203,-0.001801,
0.342590,0.037425,0.019040,-0.000230,
0.327834,0.035715,0.012585,0.001165,
0.327779,0.035872,-0.011658,0.001862,
0.325551,0.036031,-0.031068,0.001310,
0.322462,0.035996,-0.030456,-0.001699,
0.315909,0.035911,-0.094624,-0.000210,
TIME: 397.2 - SYSTEM: Plan 67
0.025942,0.000320,0.387192,0.031057,
0.074867,0.004380,0.571137,0.048298,
0.135465,0.009540,0.629888,0.053916,
0.190910,0.014671,0.485496,0.048607,
0.205497,0.018561,-0.142967,0.030327,
0.177262,0.017049,0.019708,0.025572,
0.179644,0.020418,0.027082,0.040259,
0.184450,0.024739,0.065375,0.045340,
0.191013,0.029221,0.065238,0.043914,
0.196097,0.032534,0.038180,0.023815,
0.163289,0.027421,0.033864,0.018790,
0.165358,0.029886,0.009341,0.029391,
0.165983,0.033054,0.003574,0.033435,
0.166380,0.036344,0.004274,0.032102,
0.164457,0.039005,-0.038949,0.021674,
0.178394,0.037226,0.390117,0.001196,
0.223907,0.037383,0.505971,0.001914,
0.275490,0.037543,0.519420,0.001334,
0.322237,0.037510,0.419204,-0.001799,
0.342589,0.037413,0.019076,-0.000228,
0.327833,0.035705,0.012588,0.001166,
0.327779,0.035861,-0.011655,0.001864,
0.325551,0.036021,-0.031064,0.001309,
0.322462,0.035984,-0.030453,-0.001699,
0.315909,0.035892,-0.094623,-0.000211,
TIME: 401 - SYSTEM: Plan 68
0.025942,0.000321,0.387193,0.031057,
0.074868,0.004381,0.571138,0.048298,
0.135465,0.009540,0.629890,0.053916,
0.190910,0.014671,0.485497,0.048607,
0.205497,0.018561,-0.142966,0.030327,
0.177262,0.017051,0.019710,0.025573,
0.179644,0.020418,0.027084,0.040261,
0.184451,0.024738,0.065377,0.045340,
0.191014,0.029223,0.065240,0.043915,
0.196097,0.032535,0.038180,0.023827,
0.163289,0.027424,0.033860,0.018789,
0.165357,0.029893,0.009333,0.029372,
0.165982,0.033059,0.003573,0.033416,
0.166379,0.036351,0.004268,0.032078,
0.164455,0.039016,-0.038966,0.021653,
0.178391,0.037239,0.390117,0.001197,
0.223904,0.037399,0.505971,0.001913,
0.275487,0.037562,0.519424,0.001329,
0.322235,0.037525,0.419219,-0.001804,
0.342590,0.037428,0.019116,-0.000234,
0.327834,0.035721,0.012584,0.001168,
0.327779,0.035877,-0.011659,0.001863,
0.325551,0.036036,-0.031069,0.001310,
0.322462,0.035999,-0.030457,-0.001700,
0.315909,0.035911,-0.094625,-0.000212,
TIME: 404.8 - SYSTEM: Plan 69
0.025942,0.000322,0.387191,0.031057,
0.074867,0.004381,0.571136,0.048297,
0.135465,0.009541,0.629887,0.053915,
0.190910,0.014672,0.485495,0.048606,
0.205496,0.018562,-0.142966,0.030326,
0.177262,0.017049,0.019706,0.025575,
0.179643,0.020420,0.027080,0.040259,
0.184449,0.024744,0.065372,0.045338,
0.191012,0.029221,0.065237,0.043913,
0.196096,0.032538,0.038179,0.023807,
0.163289,0.027418,0.033875,0.018802,
0.165359,0.029899,0.009360,0.029413,
0.165985,0.033085,0.003576,0.033449,
0.166383,0.036359,0.004284,0.032102,
0.164462,0.039022,-0.038920,0.021666,
0.178398,0.037243,0.390111,0.001198,
0.223910,0.037399,0.505961,0.001915,
0.275492,0.037560,0.519412,0.001332,
0.322239,0.037523,0.419202,-0.001800,
0.342590,0.037425,0.019082,-0.000228,
0.327834,0.035714,0.012586,0.001166,
0.327779,0.035871,-0.011658,0.001866,
0.325552,0.036027,-0.031067,0.001312,
0.322462,0.035994,-0.030456,-0.001697,
0.315909,0.035905,-0.094625,-0.000209,
TIME: 408.7 - SYSTEM: Plan 70
0.025942,0.000322,0.387191,0.031058,
0.074867,0.004380,0.571136,0.048297,
0.135465,0.009539,0.629887,0.053916,
0.190910,0.014670,0.485495,0.048607,
0.205496,0.018561,-0.142966,0.030328,
0.177262,0.017044,0.019707,0.025573,
0.179643,0.020421,0.027081,0.040259,
0.184449,0.024742,0.065373,0.045339,
0.191012,0.029224,0.065238,0.043915,
0.196096,0.032540,0.038179,0.023829,
0.163289,0.027430,0.033872,0.018786,
0.165359,0.029884,0.009357,0.029377,
0.165984,0.033063,0.003577,0.033425,
0.166382,0.036361,0.004278,0.032090,
0.164460,0.039016,-0.038935,0.021657,
0.178396,0.037237,0.390104,0.001198,
0.223908,0.037401,0.505953,0.001912,
0.275489,0.037558,0.519404,0.001331,
0.322236,0.037525,0.419200,-0.001801,
0.342590,0.037428,0.019103,-0.000232,
0.327834,0.035721,0.012587,0.001166,
0.327779,0.035882,-0.011656,0.001862,
0.325551,0.036038,-0.031066,0.001307,
0.322462,0.036002,-0.030455,-0.001703,
0.315909,0.035910,-0.094624,-0.000215,
TIME: 412.3 - SYSTEM: Plan 71
0.025942,0.000321,0.387192,0.031057,
0.074867,0.004380,0.571137,0.048297,
0.135465,0.009541,0.629888,0.053916,
0.190910,0.014670,0.485496,0.048607,
0.205497,0.018561,-0.142966,0.030328,
0.177262,0.017044,0.019708,0.025574,
0.179644,0.020421,0.027082,0.040259,
0.184450,0.024742,0.065375,0.045339,
0.191013,0.029223,0.065238,0.043911,
0.196096,0.032538,0.038179,0.023767,
0.163289,0.027428,0.033868,0.018822,
0.165358,0.029893,0.009347,0.029430,
0.165983,0.033076,0.003573,0.033483,
0.166381,0.036387,0.004286,0.032144,
0.164460,0.039039,-0.038916,0.021692,
0.178397,0.037257,0.390120,0.001197,
0.223910,0.037421,0.505976,0.001915,
0.275494,0.037581,0.519422,0.001330,
0.322241,0.037540,0.419193,-0.001804,
0.342590,0.037448,0.019032,-0.000232,
0.327834,0.035738,0.012586,0.001165,
0.327779,0.035889,-0.011657,0.001866,
0.325551,0.036046,-0.031067,0.001314,
0.322462,0.036013,-0.030456,-0.001692,
0.315909,0.035922,-0.094625,-0.000202,
TIME: 416.4 - SYSTEM: Plan 72
0.025942,0.000321,0.387192,0.031057,
0.074867,0.004381,0.571137,0.048296,
0.135465,0.009540,0.629888,0.053915,
0.190910,0.014670,0.485496,0.048607,
0.205497,0.018561,-0.142966,0.030328,
0.177262,0.017048,0.019708,0.025575,
0.179644,0.020418,0.027082,0.040263,
0.184450,0.024741,0.065375,0.045339,
0.191013,0.029221,0.065238,0.043914,
0.196097,0.032542,0.038179,0.023823,
0.163289,0.027422,0.033867,0.018795,
0.165358,0.029894,0.009346,0.029380,
0.165983,0.033070,0.003574,0.033431,
0.166381,0.036359,0.004274,0.032088,
0.164458,0.039001,-0.038947,0.021660,
0.178395,0.037224,0.390114,0.001197,
0.223907,0.037382,0.505969,0.001915,
0.275489,0.037541,0.519419,0.001333,
0.322237,0.037503,0.419211,-0.001800,
0.342590,0.037409,0.019099,-0.000229,
0.327834,0.035701,0.012587,0.001166,
0.327779,0.035856,-0.011656,0.001864,
0.325551,0.036012,-0.031066,0.001311,
0.322462,0.035979,-0.030455,-0.001697,
0.315909,0.035887,-0.094625,-0.000210,
TIME: 421.1 - SYSTEM: Plan 73
0.025942,0.000321,0.387192,0.031057,
0.074867,0.004380,0.571136,0.048297,
0.135465,0.009540,0.629888,0.053915,
0.190910,0.014671,0.485495,0.048608,
0.205496,0.018561,-0.142966,0.030328,
0.177262,0.017046,0.019707,0.025572,
0.179644,0.020417,0.027081,0.040261,
0.184450,0.024740,0.065374,0.045341,
0.191012,0.029223,0.065238,0.043914,
0.196096,0.032538,0.038179,0.023823,
0.163289,0.027425,0.033870,0.018787,
0.165358,0.029899,0.009353,0.029389,
0.165984,0.033069,0.003576,0.033428,
0.166381,0.036359,0.004278,0.032084,
0.164459,0.039011,-0.038938,0.021659,
0.178395,0.037231,0.390108,0.001197,
0.223907,0.037390,0.505958,0.001914,
0.275489,0.037553,0.519410,0.001333,
0.322236,0.037516,0.419206,-0.001801,
0.342590,0.037420,0.019101,-0.000231,
0.327834,0.035714,0.012586,0.001166,
0.327779,0.035867,-0.011657,0.001862,
0.325551,0.036026,-0.031066,0.001310,
0.322462,0.035990,-0.030455,-0.001698,
0.315909,0.035899,-0.094625,-0.000210,
TIME: 424.7 - SYSTEM: Plan 74
0.025942,0.000321,0.387192,0.031058,
0.074867,0.004379,0.571137,0.048298,
0.135465,0.009539,0.629888,0.053916,
0.190910,0.014669,0.485496,0.048607,
0.205497,0.018559,-0.142966,0.030328,
0.177262,0.017043,0.019708,0.025574,
0.179644,0.020419,0.027083,0.040261,
0.184450,0.024739,0.065375,0.045338,
0.191013,0.029220,0.065239,0.043915,
0.196097,0.032539,0.038180,0.023827,
0.163289,0.027422,0.033864,0.018785,
0.165358,0.029891,0.009340,0.029382,
0.165983,0.033057,0.003574,0.033423,
0.166380,0.036355,0.004271,0.032084,
0.164456,0.039017,-0.038956,0.021655,
0.178393,0.037239,0.390113,0.001197,
0.223905,0.037397,0.505965,0.001913,
0.275488,0.037558,0.519417,0.001334,
0.322236,0.037521,0.419214,-0.001800,
0.342590,0.037426,0.019109,-0.000230,
0.327834,0.035719,0.012585,0.001163,
0.327780,0.035873,-0.011658,0.001863,
0.325551,0.036030,-0.031068,0.001311,
0.322462,0.036001,-0.030457,-0.001699,
0.315909,0.035913,-0.094626,-0.000212,
TIME: 429.6 - SYSTEM: Plan 75
0.025942,0.000321,0.387191,0.031057,
0.074867,0.004379,0.571136,0.048298,
0.135465,0.009539,0.629887,0.053917,
0.190910,0.014670,0.485495,0.048609,
0.205496,0.018560,-0.142966,0.030329,
0.177262,0.017047,0.019707,0.025570,
0.179643,0.020417,0.027081,0.040260,
0.184449,0.024748,0.065373,0.045338,
0.191012,0.029224,0.065238,0.043913,
0.196096,0.032541,0.038179,0.023807,
0.163289,0.027430,0.033873,0.018800,
0.165359,0.029899,0.009357,0.029401,
0.165984,0.033058,0.003576,0.033444,
0.166382,0.036363,0.004283,0.032104,
0.164461,0.039006,-0.038923,0.021670,
0.178398,0.037227,0.390108,0.001198,
0.223910,0.037387,0.505960,0.001913,
0.275491,0.037547,0.519409,0.001334,
0.322238,0.037510,0.419197,-0.001801,
0.342590,0.037416,0.019077,-0.000230,
0.327834,0.035709,0.012587,0.001166,
0.327779,0.035861,-0.011656,0.001863,
0.325551,0.036025,-0.031065,0.001309,
0.322462,0.035987,-0.030454,-0.001700,
0.315909,0.035891,-0.094624,-0.000211,
TIME: 434.6 - SYSTEM: Plan 76
0.025942,0.000321,0.387192,0.031057,
0.074867,0.004380,0.571137,0.048296,
0.135465,0.009539,0.629888,0.053916,
0.190910,0.014669,0.485496,0.048608,
0.205496,0.018560,-0.142966,0.030329,
0.177262,0.017045,0.019707,0.025575,
0.179644,0.020420,0.027081,0.040261,
0.184450,0.024744,0.065373,0.045337,
0.191012,0.029229,0.065238,0.043911,
0.196096,0.032544,0.038179,0.023781,
0.163289,0.027427,0.033872,0.018818,
0.165359,0.029898,0.009355,0.029425,
0.165984,0.033078,0.003575,0.033470,
0.166382,0.036355,0.004287,0.032131,
0.164462,0.039014,-0.038913,0.021693,
0.178398,0.037237,0.390115,0.001199,
0.223912,0.037396,0.505971,0.001914,
0.275494,0.037554,0.519417,0.001333,
0.322241,0.037517,0.419189,-0.001801,
0.342589,0.037422,0.019034,-0.000229,
0.327833,0.035711,0.012588,0.001168,
0.327779,0.035867,-0.011654,0.001865,
0.325551,0.036026,-0.031064,0.001313,
0.322462,0.035993,-0.030453,-0.001696,
0.315909,0.035901,-0.094623,-0.000207,
TIME: 438.1 - SYSTEM: Plan 77
0.025942,0.000321,0.387193,0.031057,
0.074868,0.004380,0.571138,0.048297,
0.135465,0.009540,0.629890,0.053915,
0.190910,0.014671,0.485497,0.048606,
0.205497,0.018561,-0.142967,0.030328,
0.177262,0.017048,0.019710,0.025570,
0.179644,0.020421,0.027085,0.040261,
0.184451,0.024745,0.065378,0.045339,
0.191014,0.029225,0.065240,0.043915,
0.196098,0.032538,0.038180,0.023824,
0.163290,0.027422,0.033856,0.018787,
0.165357,0.029881,0.009325,0.029387,
0.165981,0.033046,0.003571,0.033429,
0.166378,0.036341,0.004265,0.032098,
0.164453,0.038998,-0.038975,0.021673,
0.178390,0.037217,0.390126,0.001197,
0.223904,0.037375,0.505985,0.001914,
0.275488,0.037536,0.519435,0.001332,
0.322237,0.037501,0.419216,-0.001800,
0.342589,0.037406,0.019082,-0.000228,
0.327833,0.035698,0.012586,0.001166,
0.327779,0.035854,-0.011656,0.001863,
0.325551,0.036011,-0.031066,0.001310,
0.322462,0.035978,-0.030455,-0.001698,
0.315909,0.035887,-0.094624,-0.000211,
TIME: 441.5 - SYSTEM: Plan 78
0.025942,0.000321,0.387194,0.031059,
0.074868,0.004380,0.571139,0.048296,
0.135465,0.009541,0.629891,0.053915,
0.190911,0.014671,0.485498,0.048605,
0.205497,0.018561,-0.142967,0.030326,
0.177262,0.017047,0.019710,0.025576,
0.179645,0.020421,0.027085,0.040260,
0.184451,0.024746,0.065378,0.045339,
0.191014,0.029224,0.065241,0.043915,
0.196098,0.032541,0.038180,0.023831,
0.163290,0.027431,0.033855,0.018785,
0.165357,0.029902,0.009323,0.029371,
0.165981,0.033079,0.003571,0.033416,
0.166377,0.036368,0.004262,0.032076,
0.164452,0.039034,-0.038981,0.021642,
0.178389,0.037255,0.390118,0.001194,
0.223902,0.037416,0.505972,0.001913,
0.275485,0.037578,0.519426,0.001330,
0.322234,0.037542,0.419228,-0.001803,
0.342592,0.037446,0.019133,-0.000233,
0.327835,0.035737,0.012581,0.001166,
0.327780,0.035890,-0.011663,0.001863,
0.325552,0.036052,-0.031073,0.001313,
0.322462,0.036017,-0.030461,-0.001696,
0.315908,0.035929,-0.094628,-0.000210,
TIME: 444.9 - SYSTEM: Plan 79
0.025942,0.000322,0.387192,0.031057,
0.074867,0.004380,0.571137,0.048298,
0.135465,0.009540,0.629888,0.053916,
0.190910,0.014670,0.485496,0.048608,
0.205496,0.018561,-0.142966,0.030328,
0.177262,0.017047,0.019707,0.025573,
0.179644,0.020422,0.027081,0.040261,
0.184450,0.024743,0.065374,0.045340,
0.191012,0.029220,0.065238,0.043914,
0.196096,0.032533,0.038179,0.023815,
0.163289,0.027420,0.033870,0.018797,
0.165358,0.029892,0.009352,0.029390,
0.165984,0.033069,0.003576,0.033435,
0.166382,0.036344,0.004279,0.032091,
0.164459,0.038992,-0.038936,0.021668,
0.178396,0.037215,0.390110,0.001197,
0.223908,0.037373,0.505962,0.001915,
0.275490,0.037536,0.519412,0.001333,
0.322237,0.037500,0.419202,-0.001800,
0.342589,0.037407,0.019085,-0.000232,
0.327834,0.035698,0.012587,0.001166,
0.327779,0.035854,-0.011655,0.001866,
0.325551,0.036013,-0.031065,0.001312,
0.322462,0.035977,-0.030454,-0.001698,
0.315909,0.035884,-0.094624,-0.000210,
TIME: 448.6 - SYSTEM: Plan 80
0.025942,0.000321,0.387192,0.031057,
0.074867,0.004380,0.571137,0.048298,
0.135465,0.009540,0.629888,0.053916,
0.190910,0.014670,0.485496,0.048607,
0.205496,0.018561,-0.142966,0.030328,
0.177262,0.017043,0.019708,0.025572,
0.179644,0.020421,0.027082,0.040260,
0.184450,0.024742,0.065374,0.045338,
0.191013,0.029223,0.065238,0.043915,
0.196096,0.032540,0.038179,0.023834,
0.163289,0.027430,0.033868,0.018783,
0.165358,0.029898,0.009348,0.029372,
0.165983,0.033072,0.003575,0.033408,
0.166381,0.036351,0.004273,0.032067,
0.164458,0.039002,-0.038950,0.021646,
0.178394,0.037223,0.390105,0.001197,
0.223906,0.037384,0.505954,0.001914,
0.275488,0.037543,0.519408,0.001332,
0.322235,0.037506,0.419212,-0.001800,
0.342590,0.037410,0.019127,-0.000228,
0.327834,0.035702,0.012586,0.001168,
0.327779,0.035860,-0.011657,0.001862,
0.325551,0.036015,-0.031067,0.001313,
0.322462,0.035980,-0.030456,-0.001697,
0.315909,0.035891,-0.094625,-0.000210,
TIME: 452.1 - SYSTEM: Plan 81
0.025942,0.000322,0.387192,0.031058,
0.074867,0.004381,0.571137,0.048297,
0.135465,0.009540,0.629888,0.053915,
0.190910,0.014669,0.485496,0.048607,
0.205497,0.018561,-0.142965,0.030328,
0.177262,0.017046,0.019708,0.025576,
0.179644,0.020422,0.027083,0.040260,
0.184450,0.024745,0.065375,0.045339,
0.191013,0.029221,0.065238,0.043914,
0.196097,0.032538,0.038179,0.023815,
0.163289,0.027422,0.033866,0.018798,
0.165358,0.029887,0.009343,0.029392,
0.165983,0.033055,0.003575,0.033435,
0.166380,0.036348,0.004275,0.032096,
0.164457,0.039005,-0.038946,0.021671,
0.178394,0.037227,0.390113,0.001198,
0.223907,0.037388,0.505967,0.001915,
0.275489,0.037547,0.519416,0.001334,
0.322236,0.037513,0.419203,-0.001800,
0.342590,0.037419,0.019080,-0.000231,
0.327834,0.035711,0.012587,0.001167,
0.327779,0.035864,-0.011656,0.001864,
0.325551,0.036022,-0.031065,0.001311,
0.322462,0.035985,-0.030455,-0.001698,
0.315909,0.035895,-0.094624,-0.000208,
TIME: 456.1 - SYSTEM: Plan 82
0.025942,0.000321,0.387192,0.031057,
0.074868,0.004379,0.571137,0.048297,
0.135465,0.009540,0.629889,0.053915,
0.190910,0.014670,0.485496,0.048606,
0.205497,0.018561,-0.142966,0.030328,
0.177262,0.017045,0.019709,0.025575,
0.179644,0.020421,0.027083,0.040261,
0.184450,0.024744,0.065376,0.045340,
0.191013,0.029221,0.065239,0.043914,
0.196097,0.032535,0.038180,0.023815,
0.163289,0.027422,0.033863,0.018787,
0.165358,0.029894,0.009338,0.029390,
0.165982,0.033056,0.003574,0.033435,
0.166380,0.036342,0.004273,0.032099,
0.164456,0.039003,-0.038953,0.021673,
0.178394,0.037225,0.390114,0.001197,
0.223907,0.037383,0.505967,0.001915,
0.275489,0.037545,0.519417,0.001332,
0.322237,0.037510,0.419202,-0.001800,
0.342590,0.037414,0.019079,-0.000231,
0.327834,0.035706,0.012587,0.001166,
0.327779,0.035858,-0.011656,0.001866,
0.325551,0.036019,-0.031066,0.001309,
0.322462,0.035984,-0.030455,-0.001698,
0.315909,0.035894,-0.094624,-0.000209,
TIME: 462 - SYSTEM: Plan 83
0.025942,0.000321,0.387193,0.031058,
0.074868,0.004380,0.571138,0.048298,
0.135465,0.009539,0.629890,0.053916,
0.190910,0.014670,0.485497,0.048607,
0.205497,0.018561,-0.142966,0.030328,
0.177262,0.017047,0.019709,0.025572,
0.179644,0.020416,0.027084,0.040259,
0.184450,0.024741,0.065376,0.045341,
0.191013,0.029223,0.065239,0.043915,
0.196097,0.032540,0.038180,0.023841,
0.163289,0.027430,0.033862,0.018780,
0.165358,0.029892,0.009337,0.029358,
0.165982,0.033069,0.003574,0.033403,
0.166379,0.036356,0.004267,0.032060,
0.164455,0.039014,-0.038968,0.021638,
0.178392,0.037236,0.390112,0.001198,
0.223903,0.037395,0.505964,0.001915,
0.275486,0.037559,0.519419,0.001333,
0.322234,0.037521,0.419225,-0.001803,
0.342591,0.037428,0.019142,-0.000234,
0.327835,0.035719,0.012585,0.001164,
0.327780,0.035875,-0.011658,0.001864,
0.325552,0.036031,-0.031068,0.001311,
0.322462,0.035995,-0.030457,-0.001697,
0.315908,0.035904,-0.094626,-0.000208,
TIME: 465.8 - SYSTEM: Plan 84
0.025942,0.000321,0.387191,0.031056,
0.074868,0.004380,0.571136,0.048296,
0.135465,0.009540,0.629888,0.053916,
0.190910,0.014670,0.485496,0.048607,
0.205497,0.018562,-0.142965,0.030328,
0.177262,0.017046,0.019708,0.025574,
0.179644,0.020422,0.027083,0.040262,
0.184450,0.024745,0.065375,0.045339,
0.191013,0.029223,0.065238,0.043915,
0.196097,0.032538,0.038179,0.023820,
0.163289,0.027425,0.033866,0.018785,
0.165358,0.029888,0.009344,0.029392,
0.165983,0.033062,0.003575,0.033436,
0.166380,0.036337,0.004274,0.032098,
0.164457,0.038990,-0.038948,0.021674,
0.178394,0.037212,0.390111,0.001199,
0.223907,0.037370,0.505963,0.001916,
0.275489,0.037535,0.519412,0.001334,
0.322236,0.037500,0.419199,-0.001799,
0.342589,0.037404,0.019077,-0.000231,
0.327834,0.035695,0.012587,0.001165,
0.327779,0.035852,-0.011656,0.001864,
0.325551,0.036007,-0.031065,0.001311,
0.322462,0.035973,-0.030454,-0.001698,
0.315909,0.035885,-0.094624,-0.000210,
TIME: 469.7 - SYSTEM: Plan 85
0.025942,0.000321,0.387193,0.031057,
0.074868,0.004380,0.571138,0.048296,
0.135465,0.009539,0.629889,0.053916,
0.190910,0.014670,0.485497,0.048607,
0.205497,0.018561,-0.142967,0.030328,
0.177262,0.017046,0.019710,0.025575,
0.179644,0.020417,0.027085,0.040261,
0.184451,0.024743,0.065377,0.045341,
0.191014,0.029217,0.065240,0.043916,
0.196098,0.032536,0.038180,0.023854,
0.163290,0.027426,0.033858,0.018773,
0.165357,0.029882,0.009330,0.029358,
0.165982,0.033058,0.003574,0.033390,
0.166378,0.036340,0.004262,0.032056,
0.164452,0.038996,-0.038984,0.021640,
0.178390,0.037219,0.390113,0.001198,
0.223902,0.037379,0.505965,0.001916,
0.275485,0.037539,0.519421,0.001336,
0.322234,0.037500,0.419225,-0.001798,
0.342590,0.037406,0.019144,-0.000229,
0.327834,0.035700,0.012585,0.001165,
0.327780,0.035856,-0.011659,0.001861,
0.325552,0.036012,-0.031069,0.001306,
0.322462,0.035980,-0.030457,-0.001700,
0.315908,0.035887,-0.094626,-0.000213,
TIME: 473.6 - SYSTEM: Plan 86
0.025942,0.000321,0.387192,0.031057,
0.074867,0.004380,0.571136,0.048297,
0.135465,0.009539,0.629888,0.053916,
0.190910,0.014669,0.485496,0.048609,
0.205496,0.018559,-0.142966,0.030329,
0.177262,0.017044,0.019708,0.025572,
0.179644,0.020415,0.027082,0.040262,
0.184450,0.024742,0.065375,0.045340,
0.191013,0.029220,0.065238,0.043916,
0.196096,0.032535,0.038179,0.023840,
0.163289,0.027428,0.033867,0.018780,
0.165358,0.029899,0.009348,0.029374,
0.165983,0.033087,0.003576,0.033403,
0.166381,0.036371,0.004272,0.032046,
0.164457,0.039017,-0.038954,0.021622,
0.178394,0.037239,0.390110,0.001197,
0.223906,0.037400,0.505957,0.001912,
0.275487,0.037559,0.519416,0.001330,
0.322234,0.037522,0.419233,-0.001802,
0.342592,0.037429,0.019166,-0.000233,
0.327836,0.035720,0.012581,0.001165,
0.327780,0.035876,-0.011663,0.001863,
0.325552,0.036034,-0.031073,0.001308,
0.322462,0.035998,-0.030462,-0.001699,
0.315908,0.035906,-0.094628,-0.000211,
TIME: 477.5 - SYSTEM: Plan 87
0.025942,0.000321,0.387191,0.031057,
0.074867,0.004380,0.571136,0.048296,
0.135465,0.009541,0.629888,0.053916,
0.190910,0.014671,0.485496,0.048607,
0.205496,0.018561,-0.142965,0.030327,
0.177262,0.017046,0.019708,0.025575,
0.179644,0.020417,0.027082,0.040261,
0.184450,0.024743,0.065375,0.045341,
0.191013,0.029217,0.065238,0.043916,
0.196096,0.032536,0.038179,0.023854,
0.163289,0.027425,0.033867,0.018769,
0.165358,0.029894,0.009348,0.029356,
0.165983,0.033053,0.003577,0.033385,
0.166381,0.036346,0.004269,0.032047,
0.164457,0.038989,-0.038961,0.021634,
0.178394,0.037213,0.390102,0.001197,
0.223904,0.037373,0.505949,0.001913,
0.275485,0.037532,0.519406,0.001333,
0.322233,0.037492,0.419217,-0.001799,
0.342590,0.037395,0.019151,-0.000228,
0.327834,0.035686,0.012585,0.001166,
0.327780,0.035843,-0.011659,0.001864,
0.325551,0.036002,-0.031069,0.001311,
0.322462,0.035970,-0.030457,-0.001698,
0.315909,0.035878,-0.094625,-0.000212,
TIME: 481 - SYSTEM: Plan 88
0.025942,0.000321,0.387193,0.031057,
0.074868,0.004380,0.571138,0.048296,
0.135465,0.009540,0.629890,0.053915,
0.190910,0.014670,0.485498,0.048607,
0.205497,0.018560,-0.142965,0.030327,
0.177262,0.017045,0.019710,0.025573,
0.179644,0.020416,0.027085,0.040261,
0.184451,0.024743,0.065377,0.045339,
0.191014,0.029222,0.065240,0.043915,
0.196098,0.032539,0.038180,0.023839,
0.163290,0.027425,0.033858,0.018783,
0.165357,0.029885,0.009330,0.029376,
0.165982,0.033045,0.003573,0.033409,
0.166378,0.036341,0.004264,0.032078,
0.164453,0.038985,-0.038977,0.021660,
0.178390,0.037208,0.390118,0.001198,
0.223904,0.037369,0.505973,0.001915,
0.275487,0.037530,0.519427,0.001333,
0.322235,0.037491,0.419218,-0.001801,
0.342590,0.037400,0.019106,-0.000230,
0.327834,0.035692,0.012587,0.001166,
0.327779,0.035846,-0.011656,0.001863,
0.325551,0.036004,-0.031066,0.001312,
0.322462,0.035969,-0.030455,-0.001696,
0.315909,0.035881,-0.094625,-0.000208,
TIME: 484.8 - SYSTEM: Plan 89
0.025943,0.000321,0.387193,0.031057,
0.074868,0.004380,0.571138,0.048297,
0.135465,0.009540,0.629890,0.053917,
0.190911,0.014671,0.485497,0.048608,
0.205497,0.018561,-0.142966,0.030328,
0.177262,0.017048,0.019710,0.025574,
0.179644,0.020417,0.027085,0.040260,
0.184451,0.024741,0.065378,0.045341,
0.191014,0.029217,0.065241,0.043915,
0.196098,0.032538,0.038180,0.023837,
0.163290,0.027428,0.033857,0.018779,
0.165357,0.029892,0.009329,0.029372,
0.165981,0.033061,0.003573,0.033417,
0.166378,0.036343,0.004264,0.032079,
0.164453,0.039009,-0.038977,0.021650,
0.178391,0.037231,0.390117,0.001198,
0.223904,0.037393,0.505970,0.001913,
0.275486,0.037558,0.519423,0.001330,
0.322235,0.037520,0.419221,-0.001803,
0.342591,0.037423,0.019120,-0.000236,
0.327835,0.035717,0.012584,0.001164,
0.327780,0.035873,-0.011660,0.001860,
0.325552,0.036030,-0.031069,0.001309,
0.322462,0.035995,-0.030458,-0.001700,
0.315908,0.035905,-0.094626,-0.000213,
TIME: 488.4 - SYSTEM: Plan 90
0.025942,0.000321,0.387192,0.031057,
0.074867,0.004380,0.571136,0.048297,
0.135465,0.009539,0.629888,0.053916,
0.190910,0.014670,0.485495,0.048607,
0.205496,0.018561,-0.142966,0.030328,
0.177262,0.017047,0.019707,0.025570,
0.179644,0.020421,0.027081,0.040261,
0.184450,0.024744,0.065374,0.045338,
0.191012,0.029224,0.065238,0.043915,
0.196096,0.032538,0.038179,0.023824,
0.163289,0.027425,0.033870,0.018783,
0.165358,0.029890,0.009353,0.029380,
0.165984,0.033055,0.003575,0.033423,
0.166382,0.036337,0.004277,0.032088,
0.164459,0.039004,-0.038938,0.021667,
0.178396,0.037225,0.390108,0.001197,
0.223907,0.037388,0.505959,0.001913,
0.275489,0.037549,0.519409,0.001332,
0.322236,0.037511,0.419200,-0.001802,
0.342589,0.037415,0.019090,-0.000232,
0.327833,0.035708,0.012589,0.001167,
0.327778,0.035864,-0.011654,0.001865,
0.325551,0.036022,-0.031063,0.001312,
0.322462,0.035989,-0.030452,-0.001699,
0.315909,0.035899,-0.094623,-0.000212,
TIME: 492.6 - SYSTEM: Plan 91
0.025942,0.000321,0.387191,0.031058,
0.074867,0.004380,0.571136,0.048296,
0.135465,0.009540,0.629887,0.053915,
0.190910,0.014669,0.485495,0.048607,
0.205496,0.018559,-0.142966,0.030328,
0.177261,0.017044,0.019706,0.025574,
0.179643,0.020415,0.027080,0.040263,
0.184449,0.024742,0.065372,0.045340,
0.191012,0.029222,0.065236,0.043917,
0.196095,0.032536,0.038179,0.023856,
0.163288,0.027426,0.033875,0.018768,
0.165359,0.029879,0.009363,0.029354,
0.165985,0.033054,0.003579,0.033395,
0.166383,0.036337,0.004276,0.032054,
0.164460,0.039003,-0.038942,0.021636,
0.178396,0.037225,0.390098,0.001197,
0.223907,0.037384,0.505944,0.001914,
0.275487,0.037546,0.519398,0.001331,
0.322234,0.037508,0.419208,-0.001799,
0.342590,0.037413,0.019144,-0.000230,
0.327834,0.035705,0.012586,0.001168,
0.327779,0.035860,-0.011657,0.001866,
0.325551,0.036016,-0.031067,0.001310,
0.322462,0.035984,-0.030456,-0.001697,
0.315909,0.035895,-0.094625,-0.000212,
TIME: 496.3 - SYSTEM: Plan 92
0.025942,0.000321,0.387193,0.031057,
0.074867,0.004380,0.571138,0.048297,
0.135465,0.009540,0.629890,0.053916,
0.190910,0.014670,0.485498,0.048607,
0.205497,0.018561,-0.142965,0.030328,
0.177262,0.017047,0.019709,0.025574,
0.179644,0.020422,0.027084,0.040262,
0.184451,0.024744,0.065376,0.045338,
0.191013,0.029219,0.065239,0.043914,
0.196097,0.032537,0.038180,0.023810,
0.163289,0.027420,0.033861,0.018795,
0.165358,0.029883,0.009335,0.029392,
0.165982,0.033047,0.003573,0.033444,
0.166379,0.036341,0.004272,0.032116,
0.164456,0.038992,-0.038954,0.021683,
0.178393,0.037214,0.390121,0.001198,
0.223907,0.037376,0.505979,0.001912,
0.275491,0.037541,0.519426,0.001331,
0.322238,0.037504,0.419202,-0.001804,
0.342589,0.037411,0.019060,-0.000235,
0.327833,0.035703,0.012588,0.001165,
0.327779,0.035855,-0.011654,0.001863,
0.325551,0.036016,-0.031064,0.001312,
0.322462,0.035982,-0.030453,-0.001696,
0.315909,0.035890,-0.094623,-0.000209,
TIME: 499.8 - SYSTEM: Plan 93
0.025942,0.000321,0.387191,0.031057,
0.074867,0.004380,0.571136,0.048297,
0.135465,0.009540,0.629887,0.053917,
0.190910,0.014672,0.485495,0.048607,
0.205496,0.018562,-0.142966,0.030327,
0.177262,0.017047,0.019707,0.025574,
0.179644,0.020421,0.027081,0.040260,
0.184450,0.024745,0.065374,0.045339,
0.191012,0.029228,0.065238,0.043911,
0.196096,0.032543,0.038179,0.023771,
0.163289,0.027439,0.033871,0.018819,
0.165358,0.029895,0.009351,0.029427,
0.165984,0.033078,0.003574,0.033472,
0.166382,0.036366,0.004287,0.032138,
0.164461,0.039028,-0.038912,0.021701,
0.178398,0.037249,0.390119,0.001198,
0.223911,0.037406,0.505976,0.001915,
0.275494,0.037567,0.519422,0.001334,
0.322240,0.037531,0.419189,-0.001799,
0.342588,0.037435,0.019022,-0.000229,
0.327833,0.035727,0.012589,0.001165,
0.327778,0.035882,-0.011653,0.001865,
0.325551,0.036040,-0.031062,0.001311,
0.322462,0.036001,-0.030452,-0.001698,
0.315909,0.035915,-0.094622,-0.000208,
TIME: 503.5 - SYSTEM: Plan 94
0.025942,0.000322,0.387191,0.031057,
0.074867,0.004381,0.571136,0.048297,
0.135465,0.009541,0.629887,0.053915,
0.190910,0.014671,0.485495,0.048607,
0.205496,0.018562,-0.142966,0.030327,
0.177261,0.017048,0.019706,0.025574,
0.179643,0.020421,0.027080,0.040258,
0.184449,0.024745,0.065372,0.045338,
0.191012,0.029224,0.065237,0.043913,
0.196095,0.032546,0.038179,0.023805,
0.163289,0.027429,0.033875,0.018788,
0.165359,0.029893,0.009361,0.029408,
0.165985,0.033061,0.003576,0.033448,
0.166383,0.036362,0.004285,0.032113,
0.164462,0.039027,-0.038918,0.021675,
0.178398,0.037248,0.390113,0.001196,
0.223910,0.037409,0.505964,0.001915,
0.275492,0.037570,0.519413,0.001333,
0.322238,0.037530,0.419197,-0.001802,
0.342589,0.037438,0.019068,-0.000232,
0.327833,0.035731,0.012586,0.001167,
0.327779,0.035891,-0.011657,0.001863,
0.325551,0.036051,-0.031066,0.001305,
0.322462,0.036011,-0.030455,-0.001703,
0.315909,0.035921,-0.094623,-0.000214,
TIME: 506.9 - SYSTEM: Plan 95
0.025942,0.000321,0.387193,0.031057,
0.074868,0.004381,0.571138,0.048298,
0.135465,0.009541,0.629890,0.053917,
0.190911,0.014671,0.485497,0.048608,
0.205497,0.018562,-0.142966,0.030327,
0.177262,0.017048,0.019710,0.025573,
0.179644,0.020415,0.027085,0.040261,
0.184451,0.024738,0.065377,0.045343,
0.191014,0.029219,0.065241,0.043918,
0.196098,0.032542,0.038180,0.023894,
0.163289,0.027429,0.033857,0.018739,
0.165357,0.029886,0.009331,0.029315,
0.165982,0.033055,0.003575,0.033360,
0.166378,0.036336,0.004253,0.032014,
0.164451,0.038984,-0.039004,0.021606,
0.178388,0.037207,0.390109,0.001199,
0.223900,0.037368,0.505957,0.001914,
0.275481,0.037529,0.519416,0.001333,
0.322230,0.037491,0.419241,-0.001797,
0.342591,0.037395,0.019206,-0.000229,
0.327835,0.035688,0.012583,0.001166,
0.327780,0.035840,-0.011661,0.001862,
0.325551,0.035998,-0.031071,0.001314,
0.322462,0.035964,-0.030460,-0.001692,
0.315908,0.035872,-0.094627,-0.000207,
TIME: 510.6 - SYSTEM: Plan 96
0.025942,0.000321,0.387193,0.031056,
0.074868,0.004379,0.571138,0.048297,
0.135465,0.009540,0.629890,0.053917,
0.190910,0.014670,0.485498,0.048607,
0.205497,0.018560,-0.142965,0.030328,
0.177262,0.017046,0.019710,0.025569,
0.179644,0.020418,0.027085,0.040261,
0.184451,0.024742,0.065377,0.045340,
0.191014,0.029220,0.065240,0.043916,
0.196098,0.032535,0.038180,0.023837,
0.163289,0.027425,0.033859,0.018782,
0.165357,0.029902,0.009332,0.029369,
0.165982,0.033067,0.003573,0.033402,
0.166379,0.036345,0.004265,0.032065,
0.164454,0.039012,-0.038973,0.021642,
0.178391,0.037236,0.390113,0.001198,
0.223902,0.037391,0.505964,0.001914,
0.275485,0.037551,0.519420,0.001332,
0.322234,0.037515,0.419223,-0.001800,
0.342591,0.037420,0.019135,-0.000229,
0.327835,0.035712,0.012585,0.001165,
0.327780,0.035866,-0.011659,0.001862,
0.325552,0.036024,-0.031069,0.001310,
0.322462,0.035991,-0.030458,-0.001698,
0.315908,0.035902,-0.094626,-0.000212,
TIME: 514.2 - SYSTEM: Plan 97
0.025942,0.000321,0.387191,0.031058,
0.074867,0.004380,0.571135,0.048297,
0.135465,0.009540,0.629887,0.053917,
0.190910,0.014671,0.485495,0.048608,
0.205496,0.018562,-0.142965,0.030328,
0.177262,0.017046,0.019707,0.025573,
0.179644,0.020422,0.027081,0.040262,
0.184449,0.024746,0.065374,0.045340,
0.191012,0.029227,0.065238,0.043914,
0.196096,0.032541,0.038179,0.023819,
0.163289,0.027431,0.033871,0.018790,
0.165358,0.029897,0.009355,0.029386,
0.165984,0.033061,0.003576,0.033426,
0.166382,0.036345,0.004280,0.032095,
0.164460,0.039015,-0.038934,0.021666,
0.178397,0.037235,0.390110,0.001198,
0.223909,0.037392,0.505962,0.001915,
0.275490,0.037553,0.519413,0.001333,
0.322237,0.037517,0.419203,-0.001797,
0.342589,0.037420,0.019088,-0.000226,
0.327833,0.035712,0.012588,0.001166,
0.327779,0.035867,-0.011654,0.001864,
0.325551,0.036024,-0.031063,0.001309,
0.322462,0.035990,-0.030453,-0.001697,
0.315909,0.035897,-0.094623,-0.000208,
TIME: 519.3 - SYSTEM: Plan 98
0.025942,0.000321,0.387191,0.031056,
0.074867,0.004380,0.571136,0.048298,
0.135465,0.009539,0.629887,0.053917,
0.190910,0.014669,0.485495,0.048609,
0.205496,0.018560,-0.142966,0.030329,
0.177262,0.017045,0.019708,0.025574,
0.179644,0.020416,0.027082,0.040262,
0.184450,0.024741,0.065374,0.045340,
0.191013,0.029219,0.065238,0.043916,
0.196096,0.032543,0.038179,0.023866,
0.163289,0.027429,0.033869,0.018768,
0.165358,0.029880,0.009352,0.029345,
0.165984,0.033040,0.003578,0.033382,
0.166381,0.036315,0.004269,0.032043,
0.164457,0.038985,-0.038963,0.021637,
0.178393,0.037209,0.390105,0.001198,
0.223905,0.037372,0.505955,0.001916,
0.275485,0.037533,0.519410,0.001331,
0.322233,0.037498,0.419218,-0.001802,
0.342589,0.037402,0.019148,-0.000233,
0.327833,0.035695,0.012587,0.001166,
0.327779,0.035848,-0.011656,0.001865,
0.325551,0.036008,-0.031066,0.001313,
0.322462,0.035973,-0.030455,-0.001694,
0.315909,0.035884,-0.094623,-0.000209,
TIME: 523.1 - SYSTEM: Plan 99
0.025942,0.000321,0.387192,0.031057,
0.074867,0.004380,0.571137,0.048296,
0.135465,0.009540,0.629889,0.053917,
0.190910,0.014671,0.485497,0.048607,
0.205497,0.018561,-0.142965,0.030328,
0.177262,0.017047,0.019709,0.025574,
0.179644,0.020422,0.027083,0.040262,
0.184450,0.024744,0.065376,0.045338,
0.191013,0.029219,0.065239,0.043914,
0.196097,0.032537,0.038180,0.023810,
0.163289,0.027423,0.033864,0.018794,
0.165358,0.029879,0.009341,0.029399,
0.165983,0.033047,0.003573,0.033441,
0.166380,0.036335,0.004275,0.032111,
0.164457,0.038989,-0.038946,0.021684,
0.178395,0.037210,0.390117,0.001197,
0.223908,0.037372,0.505972,0.001915,
0.275491,0.037533,0.519420,0.001332,
0.322238,0.037496,0.419197,-0.001800,
0.342589,0.037401,0.019058,-0.000231,
0.327833,0.035693,0.012589,0.001165,
0.327779,0.035848,-0.011653,0.001864,
0.325551,0.036005,-0.031062,0.001312,
0.322462,0.035972,-0.030451,-0.001696,
0.315909,0.035884,-0.094623,-0.000208,
TIME: 527.9 - SYSTEM: Plan 100
0.025942,0.000321,0.387191,0.031057,
0.074867,0.004380,0.571136,0.048297,
0.135465,0.009539,0.629887,0.053916,
0.190910,0.014670,0.485495,0.048607,
0.205496,0.018560,-0.142966,0.030328,
0.177262,0.017046,0.019707,0.025571,
0.179643,0.020417,0.027081,0.040259,
0.184449,0.024746,0.065374,0.045337,
0.191012,0.029224,0.065238,0.043915,
0.196096,0.032542,0.038179,0.023839,
0.163289,0.027428,0.033871,0.018776,
0.165358,0.029883,0.009355,0.029368,
0.165984,0.033057,0.003576,0.033412,
0.166382,0.036349,0.004275,0.032070,
0.164459,0.038996,-0.038944,0.021650,
0.178395,0.037217,0.390107,0.001198,
0.223907,0.037377,0.505957,0.001913,
0.275489,0.037540,0.519410,0.001331,
0.322235,0.037503,0.419210,-0.001801,
0.342590,0.037407,0.019119,-0.000231,
0.327834,0.035702,0.012587,0.001166,
0.327779,0.035855,-0.011655,0.001863,
0.325551,0.036009,-0.031065,0.001308,
0.322462,0.035979,-0.030454,-0.001697,
0.315909,0.035890,-0.094624,-0.000211,
TIME: 531.5 - SYSTEM: Plan 101
0.025942,0.000321,0.387192,0.031057,
0.074867,0.004380,0.571137,0.048297,
0.135465,0.009540,0.629888,0.053915,
0.190910,0.014670,0.485496,0.048608,
0.205497,0.018561,-0.142965,0.030328,
0.177262,0.017049,0.019708,0.025573,
0.179644,0.020417,0.027083,0.040259,
0.184450,0.024740,0.065375,0.045341,
0.191013,0.029225,0.065239,0.043916,
0.196097,0.032539,0.038179,0.023862,
0.163289,0.027429,0.033865,0.018766,
0.165358,0.029894,0.009345,0.029339,
0.165983,0.033063,0.003576,0.033371,
0.166380,0.036337,0.004266,0.032033,
0.164456,0.038991,-0.038970,0.021621,
0.178392,0.037213,0.390105,0.001197,
0.223903,0.037371,0.505954,0.001913,
0.275484,0.037533,0.519412,0.001333,
0.322232,0.037499,0.419229,-0.001800,
0.342590,0.037406,0.019175,-0.000231,
0.327834,0.035696,0.012585,0.001168,
0.327780,0.035853,-0.011658,0.001865,
0.325551,0.036011,-0.031068,0.001313,
0.322462,0.035978,-0.030457,-0.001697,
0.315909,0.035886,-0.094626,-0.000211,
TIME: 535 - SYSTEM: Plan 102
0.025942,0.000321,0.387194,0.031057,
0.074868,0.004381,0.571139,0.048297,
0.135465,0.009541,0.629891,0.053916,
0.190911,0.014671,0.485498,0.048608,
0.205497,0.018562,-0.142965,0.030327,
0.177262,0.017048,0.019710,0.025574,
0.179644,0.020421,0.027085,0.040258,
0.184451,0.024745,0.065378,0.045338,
0.191014,0.029224,0.065240,0.043913,
0.196098,0.032546,0.038180,0.023805,
0.163290,0.027430,0.033860,0.018802,
0.165357,0.029892,0.009332,0.029409,
0.165982,0.033063,0.003572,0.033450,
0.166379,0.036362,0.004272,0.032115,
0.164455,0.039028,-0.038956,0.021675,
0.178393,0.037248,0.390125,0.001200,
0.223907,0.037405,0.505982,0.001916,
0.275490,0.037565,0.519432,0.001335,
0.322238,0.037527,0.419212,-0.001797,
0.342590,0.037432,0.019071,-0.000225,
0.327834,0.035723,0.012585,0.001165,
0.327780,0.035883,-0.011658,0.001862,
0.325552,0.036038,-0.031067,0.001306,
0.322462,0.036004,-0.030456,-0.001702,
0.315909,0.035914,-0.094626,-0.000212,
TIME: 538.5 - SYSTEM: Plan 103
0.025942,0.000321,0.387193,0.031057,
0.074868,0.004380,0.571138,0.048297,
0.135465,0.009540,0.629890,0.053916,
0.190910,0.014671,0.485497,0.048608,
0.205497,0.018561,-0.142967,0.030328,
0.177262,0.017046,0.019708,0.025573,
0.179644,0.020417,0.027083,0.040259,
0.184450,0.024741,0.065375,0.045341,
0.191013,0.029223,0.065239,0.043917,
0.196097,0.032534,0.038180,0.023854,
0.163289,0.027428,0.033863,0.018773,
0.165358,0.029895,0.009341,0.029354,
0.165983,0.033060,0.003575,0.033379,
0.166380,0.036344,0.004266,0.032046,
0.164455,0.038994,-0.038970,0.021631,
0.178391,0.037216,0.390111,0.001196,
0.223903,0.037376,0.505962,0.001910,
0.275485,0.037540,0.519419,0.001330,
0.322233,0.037504,0.419228,-0.001802,
0.342590,0.037408,0.019157,-0.000233,
0.327834,0.035702,0.012586,0.001167,
0.327780,0.035855,-0.011657,0.001866,
0.325552,0.036012,-0.031067,0.001313,
0.322462,0.035978,-0.030456,-0.001694,
0.315909,0.035886,-0.094625,-0.000209,
TIME: 541.9 - SYSTEM: Plan 104
0.025942,0.000321,0.387192,0.031057,
0.074867,0.004381,0.571137,0.048297,
0.135465,0.009540,0.629889,0.053915,
0.190910,0.014670,0.485497,0.048607,
0.205497,0.018561,-0.142965,0.030328,
0.177262,0.017044,0.019708,0.025574,
0.179644,0.020421,0.027083,0.040259,
0.184450,0.024742,0.065375,0.045339,
0.191013,0.029223,0.065238,0.043911,
0.196097,0.032538,0.038179,0.023767,
0.163289,0.027424,0.033868,0.018825,
0.165358,0.029886,0.009346,0.029443,
0.165983,0.033055,0.003573,0.033493,
0.166381,0.036351,0.004286,0.032167,
0.164460,0.039010,-0.038917,0.021722,
0.178397,0.037232,0.390126,0.001198,
0.223912,0.037390,0.505987,0.001915,
0.275496,0.037549,0.519428,0.001334,
0.322242,0.037514,0.419181,-0.001801,
0.342588,0.037420,0.018984,-0.000229,
0.327832,0.035714,0.012589,0.001166,
0.327778,0.035871,-0.011652,0.001863,
0.325551,0.036031,-0.031061,0.001307,
0.322462,0.035998,-0.030451,-0.001706,
0.315909,0.035906,-0.094621,-0.000215,
TIME: 546.9 - SYSTEM: Plan 105
0.025942,0.000321,0.387193,0.031058,
0.074867,0.004380,0.571138,0.048296,
0.135465,0.009540,0.629889,0.053916,
0.190910,0.014670,0.485496,0.048608,
0.205497,0.018561,-0.142967,0.030328,
0.177262,0.017044,0.019708,0.025575,
0.179644,0.020420,0.027083,0.040261,
0.184450,0.024744,0.065375,0.045338,
0.191013,0.029223,0.065238,0.043916,
0.196097,0.032539,0.038179,0.023842,
0.163289,0.027426,0.033864,0.018778,
0.165358,0.029891,0.009341,0.029362,
0.165983,0.033058,0.003574,0.033397,
0.166380,0.036348,0.004268,0.032065,
0.164456,0.039015,-0.038964,0.021643,
0.178392,0.037235,0.390110,0.001198,
0.223904,0.037393,0.505960,0.001916,
0.275485,0.037552,0.519415,0.001336,
0.322234,0.037519,0.419218,-0.001797,
0.342590,0.037425,0.019135,-0.000228,
0.327834,0.035715,0.012585,0.001166,
0.327779,0.035875,-0.011658,0.001863,
0.325552,0.036033,-0.031068,0.001308,
0.322462,0.035995,-0.030457,-0.001702,
0.315909,0.035906,-0.094625,-0.000214,
TIME: 550.6 - SYSTEM: Plan 106
0.025942,0.000321,0.387192,0.031057,
0.074867,0.004380,0.571136,0.048297,
0.135465,0.009539,0.629888,0.053915,
0.190910,0.014670,0.485496,0.048607,
0.205496,0.018561,-0.142965,0.030328,
0.177262,0.017046,0.019707,0.025577,
0.179644,0.020421,0.027081,0.040255,
0.184450,0.024745,0.065374,0.045336,
0.191012,0.029224,0.065238,0.043913,
0.196096,0.032540,0.038179,0.023796,
0.163289,0.027426,0.033871,0.018807,
0.165358,0.029895,0.009353,0.029412,
0.165984,0.033074,0.003575,0.033454,
0.166382,0.036356,0.004283,0.032115,
0.164461,0.039018,-0.038923,0.021679,
0.178397,0.037240,0.390108,0.001198,
0.223909,0.037397,0.505959,0.001913,
0.275491,0.037560,0.519407,0.001332,
0.322238,0.037524,0.419191,-0.001802,
0.342590,0.037431,0.019062,-0.000233,
0.327834,0.035721,0.012586,0.001165,
0.327779,0.035878,-0.011657,0.001862,
0.325551,0.036034,-0.031066,0.001311,
0.322462,0.036002,-0.030455,-0.001700,
0.315909,0.035912,-0.094624,-0.000211,
TIME: 554.1 - SYSTEM: Plan 107
0.025942,0.000321,0.387192,0.031056,
0.074867,0.004380,0.571137,0.048296,
0.135465,0.009540,0.629888,0.053914,
0.190910,0.014669,0.485496,0.048606,
0.205496,0.018559,-0.142966,0.030328,
0.177262,0.017046,0.019707,0.025575,
0.179644,0.020416,0.027081,0.040258,
0.184450,0.024744,0.065373,0.045341,
0.191012,0.029222,0.065237,0.043912,
0.196096,0.032533,0.038179,0.023775,
0.163289,0.027423,0.033871,0.018813,
0.165358,0.029899,0.009352,0.029424,
0.165984,0.033076,0.003574,0.033471,
0.166382,0.036374,0.004287,0.032133,
0.164461,0.039035,-0.038913,0.021686,
0.178398,0.037254,0.390115,0.001197,
0.223912,0.037414,0.505970,0.001914,
0.275493,0.037575,0.519416,0.001333,
0.322240,0.037541,0.419193,-0.001802,
0.342590,0.037444,0.019045,-0.000232,
0.327834,0.035736,0.012587,0.001166,
0.327779,0.035890,-0.011656,0.001863,
0.325551,0.036047,-0.031066,0.001309,
0.322462,0.036014,-0.030455,-0.001699,
0.315909,0.035926,-0.094624,-0.000209,
TIME: 557.8 - SYSTEM: Plan 108
0.025942,0.000321,0.387192,0.031058,
0.074867,0.004380,0.571137,0.048297,
0.135465,0.009541,0.629889,0.053916,
0.190910,0.014671,0.485496,0.048607,
0.205497,0.018561,-0.142966,0.030327,
0.177262,0.017046,0.019708,0.025572,
0.179644,0.020418,0.027082,0.040260,
0.184450,0.024743,0.065375,0.045342,
0.191013,0.029222,0.065238,0.043914,
0.196097,0.032535,0.038179,0.023814,
0.163289,0.027419,0.033867,0.018794,
0.165358,0.029896,0.009346,0.029402,
0.165983,0.033060,0.003574,0.033443,
0.166381,0.036359,0.004276,0.032101,
0.164458,0.039022,-0.038943,0.021667,
0.178394,0.037245,0.390111,0.001198,
0.223907,0.037406,0.505961,0.001913,
0.275489,0.037568,0.519412,0.001329,
0.322238,0.037532,0.419203,-0.001804,
0.342590,0.037434,0.019085,-0.000235,
0.327834,0.035724,0.012585,0.001166,
0.327779,0.035880,-0.011659,0.001862,
0.325551,0.036037,-0.031069,0.001310,
0.322462,0.036002,-0.030458,-0.001696,
0.315909,0.035909,-0.094626,-0.000207,
TIME: 561.4 - SYSTEM: Plan 109
0.025942,0.000321,0.387193,0.031058,
0.074868,0.004379,0.571138,0.048297,
0.135465,0.009539,0.629889,0.053917,
0.190910,0.014671,0.485497,0.048608,
0.205497,0.018562,-0.142966,0.030328,
0.177262,0.017049,0.019709,0.025570,
0.179644,0.020418,0.027083,0.040261,
0.184450,0.024747,0.065376,0.045339,
0.191013,0.029230,0.065239,0.043913,
0.196097,0.032545,0.038180,0.023811,
0.163289,0.027432,0.033864,0.018798,
0.165358,0.029891,0.009340,0.029395,
0.165983,0.033068,0.003573,0.033439,
0.166380,0.036362,0.004274,0.032095,
0.164457,0.039017,-0.038949,0.021665,
0.178394,0.037240,0.390117,0.001198,
0.223907,0.037400,0.505971,0.001913,
0.275489,0.037563,0.519422,0.001331,
0.322237,0.037524,0.419212,-0.001801,
0.342590,0.037426,0.019091,-0.000231,
0.327834,0.035717,0.012585,0.001165,
0.327779,0.035872,-0.011659,0.001863,
0.325552,0.036028,-0.031068,0.001310,
0.322462,0.035995,-0.030457,-0.001695,
0.315909,0.035903,-0.094625,-0.000208,
TIME: 565 - SYSTEM: Plan 110
0.025942,0.000321,0.387192,0.031058,
0.074867,0.004381,0.571138,0.048297,
0.135465,0.009540,0.629889,0.053916,
0.190910,0.014670,0.485497,0.048606,
0.205497,0.018561,-0.142966,0.030327,
0.177262,0.017046,0.019709,0.025575,
0.179644,0.020418,0.027083,0.040261,
0.184450,0.024743,0.065376,0.045341,
0.191013,0.029217,0.065239,0.043916,
0.196097,0.032536,0.038180,0.023854,
0.163289,0.027422,0.033863,0.018769,
0.165358,0.029885,0.009340,0.029355,
0.165983,0.033055,0.003575,0.033399,
0.166379,0.036340,0.004266,0.032065,
0.164455,0.038989,-0.038972,0.021644,
0.178392,0.037210,0.390110,0.001200,
0.223903,0.037369,0.505961,0.001915,
0.275486,0.037531,0.519415,0.001334,
0.322234,0.037493,0.419217,-0.001798,
0.342590,0.037396,0.019133,-0.000229,
0.327834,0.035689,0.012587,0.001167,
0.327779,0.035843,-0.011656,0.001865,
0.325552,0.036004,-0.031066,0.001313,
0.322462,0.035968,-0.030455,-0.001696,
0.315909,0.035876,-0.094625,-0.000209,
TIME: 568.5 - SYSTEM: Plan 111
0.025942,0.000321,0.387193,0.031056,
0.074868,0.004380,0.571138,0.048297,
0.135465,0.009540,0.629890,0.053914,
0.190910,0.014670,0.485498,0.048608,
0.205497,0.018561,-0.142966,0.030328,
0.177262,0.017046,0.019710,0.025576,
0.179644,0.020422,0.027085,0.040259,
0.184451,0.024745,0.065378,0.045339,
0.191014,0.029221,0.065241,0.043913,
0.196098,0.032537,0.038180,0.023803,
0.163290,0.027424,0.033859,0.018796,
0.165357,0.029901,0.009331,0.029398,
0.165982,0.033086,0.003572,0.033438,
0.166379,0.036385,0.004272,0.032095,
0.164455,0.039037,-0.038956,0.021657,
0.178393,0.037257,0.390116,0.001198,
0.223905,0.037416,0.505968,0.001914,
0.275488,0.037577,0.519421,0.001334,
0.322237,0.037541,0.419215,-0.001798,
0.342591,0.037447,0.019103,-0.000229,
0.327835,0.035739,0.012583,0.001166,
0.327780,0.035890,-0.011661,0.001861,
0.325552,0.036047,-0.031071,0.001311,
0.322462,0.036016,-0.030460,-0.001697,
0.315908,0.035925,-0.094627,-0.000208,
TIME: 572.1 - SYSTEM: Plan 112
0.025942,0.000321,0.387192,0.031057,
0.074867,0.004380,0.571137,0.048297,
0.135465,0.009539,0.629889,0.053916,
0.190910,0.014669,0.485496,0.048608,
0.205497,0.018560,-0.142966,0.030329,
0.177262,0.017046,0.019709,0.025569,
0.179644,0.020418,0.027083,0.040261,
0.184450,0.024742,0.065376,0.045340,
0.191013,0.029220,0.065239,0.043916,
0.196097,0.032535,0.038180,0.023837,
0.163289,0.027428,0.033862,0.018782,
0.165358,0.029893,0.009338,0.029371,
0.165982,0.033070,0.003574,0.033405,
0.166379,0.036329,0.004268,0.032070,
0.164455,0.038993,-0.038964,0.021653,
0.178392,0.037215,0.390114,0.001197,
0.223905,0.037377,0.505967,0.001914,
0.275487,0.037540,0.519421,0.001332,
0.322234,0.037504,0.419217,-0.001803,
0.342590,0.037407,0.019117,-0.000233,
0.327834,0.035701,0.012587,0.001165,
0.327779,0.035856,-0.011656,0.001863,
0.325551,0.036014,-0.031066,0.001311,
0.322462,0.035979,-0.030455,-0.001698,
0.315909,0.035890,-0.094624,-0.000212,
TIME: 575.5 - SYSTEM: Plan 113
0.025942,0.000321,0.387192,0.031059,
0.074867,0.004379,0.571137,0.048298,
0.135465,0.009538,0.629888,0.053916,
0.190910,0.014669,0.485496,0.048609,
0.205497,0.018559,-0.142966,0.030329,
0.177262,0.017044,0.019708,0.025572,
0.179644,0.020419,0.027082,0.040262,
0.184450,0.024744,0.065375,0.045338,
0.191013,0.029220,0.065238,0.043912,
0.196097,0.032535,0.038179,0.023779,
0.163289,0.027424,0.033868,0.018813,
0.165358,0.029889,0.009345,0.029425,
0.165983,0.033072,0.003573,0.033469,
0.166381,0.036365,0.004283,0.032131,
0.164460,0.039027,-0.038924,0.021691,
0.178397,0.037249,0.390119,0.001197,
0.223910,0.037409,0.505975,0.001913,
0.275493,0.037569,0.519421,0.001334,
0.322239,0.037532,0.419195,-0.001800,
0.342590,0.037435,0.019040,-0.000229,
0.327834,0.035727,0.012587,0.001166,
0.327779,0.035880,-0.011656,0.001862,
0.325551,0.036039,-0.031065,0.001310,
0.322462,0.036004,-0.030454,-0.001699,
0.315909,0.035915,-0.094624,-0.000209,
TIME: 579.5 - SYSTEM: Plan 114
0.025942,0.000321,0.387192,0.031057,
0.074867,0.004380,0.571137,0.048296,
0.135465,0.009538,0.629888,0.053917,
0.190910,0.014669,0.485496,0.048609,
0.205496,0.018559,-0.142966,0.030329,
0.177262,0.017045,0.019708,0.025574,
0.179644,0.020415,0.027081,0.040258,
0.184450,0.024743,0.065374,0.045340,
0.191013,0.029222,0.065238,0.043914,
0.196096,0.032540,0.038179,0.023819,
0.163289,0.027421,0.033869,0.018788,
0.165358,0.029889,0.009351,0.029395,
0.165984,0.033055,0.003576,0.033431,
0.166381,0.036335,0.004278,0.032105,
0.164459,0.038995,-0.038939,0.021679,
0.178396,0.037218,0.390114,0.001197,
0.223908,0.037378,0.505968,0.001914,
0.275491,0.037537,0.519417,0.001331,
0.322237,0.037497,0.419198,-0.001802,
0.342589,0.037402,0.019067,-0.000230,
0.327833,0.035694,0.012588,0.001166,
0.327778,0.035848,-0.011654,0.001863,
0.325551,0.036006,-0.031063,0.001314,
0.322462,0.035972,-0.030452,-0.001695,
0.315909,0.035881,-0.094622,-0.000206,
TIME: 583.4 - SYSTEM: Plan 115
0.025942,0.000321,0.387191,0.031056,
0.074867,0.004380,0.571136,0.048297,
0.135465,0.009539,0.629888,0.053916,
0.190910,0.014669,0.485496,0.048607,
0.205496,0.018560,-0.142966,0.030328,
0.177262,0.017044,0.019708,0.025573,
0.179644,0.020415,0.027082,0.040259,
0.184450,0.024738,0.065375,0.045340,
0.191013,0.029220,0.065238,0.043916,
0.196096,0.032538,0.038179,0.023845,
0.163289,0.027428,0.033867,0.018780,
0.165358,0.029903,0.009348,0.029367,
0.165983,0.033064,0.003576,0.033402,
0.166381,0.036348,0.004271,0.032054,
0.164457,0.039002,-0.038956,0.021638,
0.178393,0.037224,0.390106,0.001198,
0.223905,0.037386,0.505955,0.001913,
0.275486,0.037547,0.519410,0.001332,
0.322234,0.037507,0.419219,-0.001801,
0.342591,0.037416,0.019143,-0.000231,
0.327834,0.035708,0.012585,0.001164,
0.327779,0.035863,-0.011658,0.001861,
0.325551,0.036021,-0.031068,0.001310,
0.322462,0.035989,-0.030457,-0.001697,
0.315908,0.035897,-0.094626,-0.000212,
TIME: 586.9 - SYSTEM: Plan 116
0.025942,0.000321,0.387191,0.031058,
0.074867,0.004379,0.571136,0.048296,
0.135465,0.009539,0.629887,0.053915,
0.190910,0.014669,0.485496,0.048607,
0.205496,0.018560,-0.142965,0.030328,
0.177262,0.017048,0.019707,0.025570,
0.179644,0.020417,0.027081,0.040260,
0.184450,0.024749,0.065374,0.045339,
0.191012,0.029223,0.065237,0.043913,
0.196096,0.032541,0.038179,0.023813,
0.163289,0.027434,0.033871,0.018787,
0.165358,0.029899,0.009354,0.029394,
0.165984,0.033067,0.003576,0.033431,
0.166382,0.036359,0.004281,0.032097,
0.164460,0.039018,-0.038932,0.021664,
0.178396,0.037239,0.390111,0.001198,
0.223908,0.037398,0.505962,0.001912,
0.275490,0.037560,0.519414,0.001333,
0.322237,0.037521,0.419204,-0.001800,
0.342590,0.037424,0.019090,-0.000230,
0.327834,0.035715,0.012587,0.001165,
0.327779,0.035871,-0.011656,0.001864,
0.325551,0.036031,-0.031065,0.001310,
0.322462,0.035997,-0.030454,-0.001700,
0.315909,0.035909,-0.094624,-0.000212,
TIME: 590.4 - SYSTEM: Plan 117
0.025942,0.000321,0.387191,0.031057,
0.074867,0.004380,0.571136,0.048297,
0.135465,0.009539,0.629887,0.053916,
0.190910,0.014670,0.485495,0.048608,
0.205496,0.018561,-0.142966,0.030328,
0.177262,0.017044,0.019707,0.025574,
0.179644,0.020421,0.027080,0.040259,
0.184449,0.024742,0.065373,0.045339,
0.191012,0.029223,0.065237,0.043911,
0.196096,0.032538,0.038179,0.023767,
0.163289,0.027427,0.033872,0.018824,
0.165359,0.029892,0.009354,0.029425,
0.165984,0.033060,0.003574,0.033474,
0.166382,0.036359,0.004289,0.032145,
0.164462,0.039019,-0.038907,0.021701,
0.178399,0.037237,0.390116,0.001199,
0.223912,0.037396,0.505973,0.001915,
0.275493,0.037557,0.519417,0.001333,
0.322240,0.037522,0.419184,-0.001798,
0.342589,0.037427,0.019021,-0.000228,
0.327833,0.035718,0.012589,0.001165,
0.327778,0.035872,-0.011653,0.001863,
0.325551,0.036028,-0.031062,0.001311,
0.322462,0.035994,-0.030451,-0.001696,
0.315909,0.035904,-0.094622,-0.000206,
TIME: 593.8 - SYSTEM: Plan 118
0.025942,0.000321,0.387192,0.031057,
0.074867,0.004380,0.571137,0.048297,
0.135465,0.009539,0.629888,0.053916,
0.190910,0.014670,0.485496,0.048609,
0.205496,0.018560,-0.142967,0.030329,
0.177262,0.017046,0.019708,0.025573,
0.179644,0.020415,0.027081,0.040264,
0.184450,0.024739,0.065374,0.045339,
0.191013,0.029220,0.065238,0.043916,
0.196096,0.032535,0.038179,0.023844,
0.163289,0.027427,0.033869,0.018776,
0.165358,0.029890,0.009351,0.029358,
0.165984,0.033052,0.003576,0.033404,
0.166381,0.036345,0.004272,0.032065,
0.164458,0.039000,-0.038952,0.021643,
0.178394,0.037221,0.390105,0.001199,
0.223906,0.037381,0.505955,0.001914,
0.275487,0.037542,0.519408,0.001334,
0.322235,0.037506,0.419213,-0.001800,
0.342590,0.037410,0.019133,-0.000230,
0.327834,0.035704,0.012586,0.001165,
0.327779,0.035858,-0.011657,0.001864,
0.325551,0.036017,-0.031066,0.001309,
0.322462,0.035980,-0.030455,-0.001699,
0.315909,0.035890,-0.094625,-0.000212,
TIME: 597.2 - SYSTEM: Plan 119
0.025942,0.000321,0.387193,0.031057,
0.074868,0.004380,0.571139,0.048297,
0.135465,0.009540,0.629890,0.053917,
0.190911,0.014670,0.485498,0.048608,
0.205497,0.018561,-0.142966,0.030328,
0.177262,0.017044,0.019710,0.025575,
0.179645,0.020420,0.027085,0.040261,
0.184451,0.024744,0.065378,0.045338,
0.191014,0.029223,0.065240,0.043916,
0.196098,0.032539,0.038180,0.023842,
0.163290,0.027432,0.033855,0.018777,
0.165357,0.029900,0.009325,0.029369,
0.165981,0.033066,0.003572,0.033398,
0.166378,0.036344,0.004261,0.032060,
0.164452,0.038999,-0.038983,0.021643,
0.178390,0.037221,0.390116,0.001198,
0.223903,0.037382,0.505969,0.001914,
0.275486,0.037541,0.519425,0.001331,
0.322235,0.037503,0.419227,-0.001800,
0.342591,0.037408,0.019137,-0.000230,
0.327835,0.035701,0.012584,0.001165,
0.327780,0.035858,-0.011659,0.001862,
0.325552,0.036012,-0.031069,0.001309,
0.322462,0.035978,-0.030458,-0.001696,
0.315908,0.035886,-0.094626,-0.000210,
TIME: 601.3 - SYSTEM: Plan 120
0.025942,0.000321,0.387192,0.031058,
0.074867,0.004380,0.571137,0.048298,
0.135465,0.009540,0.629888,0.053916,
0.190910,0.014670,0.485496,0.048607,
0.205496,0.018560,-0.142966,0.030328,
0.177262,0.017047,0.019708,0.025571,
0.179644,0.020420,0.027082,0.040260,
0.184450,0.024747,0.065375,0.045338,
0.191013,0.029221,0.065238,0.043913,
0.196096,0.032539,0.038179,0.023799,
0.163289,0.027435,0.033869,0.018803,
0.165358,0.029908,0.009348,0.029404,
0.165983,0.033079,0.003574,0.033447,
0.166381,0.036363,0.004280,0.032107,
0.164459,0.039026,-0.038931,0.021673,
0.178396,0.037247,0.390112,0.001197,
0.223908,0.037408,0.505965,0.001913,
0.275490,0.037569,0.519415,0.001332,
0.322237,0.037530,0.419202,-0.001802,
0.342590,0.037440,0.019074,-0.000232,
0.327834,0.035732,0.012586,0.001163,
0.327779,0.035891,-0.011657,0.001860,
0.325551,0.036045,-0.031067,0.001307,
0.322462,0.036011,-0.030456,-0.001701,
0.315909,0.035922,-0.094625,-0.000212,
TIME: 604.9 - SYSTEM: Plan 121
0.025942,0.000321,0.387192,0.031058,
0.074867,0.004380,0.571137,0.048298,
0.135465,0.009539,0.629889,0.053916,
0.190910,0.014670,0.485496,0.048607,
0.205497,0.018561,-0.142966,0.030328,
0.177262,0.017049,0.019709,0.025573,
0.179644,0.020417,0.027083,0.040263,
0.184450,0.024740,0.065376,0.045343,
0.191013,0.029224,0.065239,0.043916,
0.196097,0.032539,0.038180,0.023864,
0.163289,0.027428,0.033863,0.018758,
0.165358,0.029897,0.009340,0.029336,
0.165983,0.033062,0.003575,0.033374,
0.166379,0.036346,0.004263,0.032028,
0.164454,0.038999,-0.038977,0.021619,
0.178391,0.037221,0.390103,0.001199,
0.223902,0.037382,0.505950,0.001916,
0.275483,0.037540,0.519408,0.001335,
0.322232,0.037503,0.419228,-0.001797,
0.342591,0.037408,0.019180,-0.000228,
0.327835,0.035701,0.012584,0.001165,
0.327780,0.035857,-0.011660,0.001864,
0.325552,0.036016,-0.031070,0.001312,
0.322462,0.035982,-0.030459,-0.001699,
0.315908,0.035890,-0.094626,-0.000213,
TIME: 608.4 - SYSTEM: Plan 122
0.025942,0.000321,0.387193,0.031057,
0.074868,0.004380,0.571139,0.048297,
0.135465,0.009539,0.629891,0.053916,
0.190910,0.014669,0.485498,0.048608,
0.205497,0.018560,-0.142965,0.030329,
0.177262,0.017045,0.019710,0.025573,
0.179644,0.020421,0.027085,0.040264,
0.184451,0.024745,0.065377,0.045337,
0.191014,0.029226,0.065240,0.043913,
0.196098,0.032541,0.038180,0.023790,
0.163290,0.027434,0.033860,0.018805,
0.165357,0.029898,0.009332,0.029411,
0.165982,0.033075,0.003572,0.033457,
0.166379,0.036377,0.004275,0.032114,
0.164456,0.039031,-0.038948,0.021675,
0.178393,0.037253,0.390123,0.001197,
0.223907,0.037411,0.505979,0.001914,
0.275491,0.037574,0.519428,0.001331,
0.322239,0.037537,0.419210,-0.001803,
0.342591,0.037445,0.019070,-0.000232,
0.327834,0.035736,0.012584,0.001166,
0.327780,0.035894,-0.011659,0.001862,
0.325551,0.036052,-0.031069,0.001307,
0.322462,0.036018,-0.030458,-0.001702,
0.315909,0.035930,-0.094626,-0.000214,
TIME: 611.9 - SYSTEM: Plan 123
0.025942,0.000321,0.387191,0.031058,
0.074867,0.004379,0.571136,0.048297,
0.135465,0.009540,0.629888,0.053916,
0.190910,0.014670,0.485496,0.048606,
0.205496,0.018560,-0.142966,0.030328,
0.177262,0.017045,0.019707,0.025574,
0.179643,0.020416,0.027081,0.040262,
0.184449,0.024741,0.065373,0.045340,
0.191012,0.029219,0.065238,0.043916,
0.196096,0.032543,0.038179,0.023866,
0.163289,0.027433,0.033872,0.018758,
0.165358,0.029886,0.009358,0.029344,
0.165984,0.033046,0.003578,0.033380,
0.166382,0.036330,0.004271,0.032039,
0.164458,0.038981,-0.038955,0.021628,
0.178394,0.037206,0.390101,0.001197,
0.223905,0.037363,0.505947,0.001913,
0.275486,0.037526,0.519404,0.001333,
0.322233,0.037488,0.419217,-0.001800,
0.342590,0.037394,0.019161,-0.000231,
0.327834,0.035685,0.012586,0.001168,
0.327779,0.035843,-0.011657,0.001866,
0.325551,0.036000,-0.031067,0.001314,
0.322462,0.035965,-0.030456,-0.001696,
0.315909,0.035872,-0.094624,-0.000212,
TIME: 615.5 - SYSTEM: Plan 124
0.025942,0.000321,0.387192,0.031057,
0.074867,0.004381,0.571137,0.048296,
0.135465,0.009541,0.629889,0.053915,
0.190910,0.014671,0.485497,0.048606,
0.205497,0.018562,-0.142965,0.030327,
0.177262,0.017049,0.019708,0.025573,
0.179644,0.020417,0.027082,0.040262,
0.184450,0.024739,0.065375,0.045339,
0.191013,0.029219,0.065238,0.043917,
0.196097,0.032540,0.038179,0.023876,
0.163289,0.027426,0.033866,0.018757,
0.165358,0.029895,0.009346,0.029338,
0.165983,0.033060,0.003577,0.033361,
0.166380,0.036336,0.004264,0.032024,
0.164455,0.038992,-0.038975,0.021616,
0.178392,0.037216,0.390105,0.001197,
0.223903,0.037371,0.505952,0.001914,
0.275483,0.037535,0.519413,0.001334,
0.322232,0.037494,0.419232,-0.001798,
0.342590,0.037401,0.019185,-0.000228,
0.327834,0.035692,0.012585,0.001168,
0.327780,0.035849,-0.011658,0.001866,
0.325551,0.036003,-0.031068,0.001313,
0.322462,0.035968,-0.030457,-0.001696,
0.315909,0.035881,-0.094626,-0.000210,
TIME: 619.2 - SYSTEM: Plan 125
0.025942,0.000321,0.387192,0.031057,
0.074867,0.004381,0.571138,0.048297,
0.135465,0.009541,0.629889,0.053915,
0.190910,0.014671,0.485497,0.048606,
0.205497,0.018561,-0.142965,0.030327,
0.177262,0.017046,0.019709,0.025573,
0.179644,0.020422,0.027083,0.040260,
0.184450,0.024745,0.065376,0.045340,
0.191013,0.029226,0.065239,0.043914,
0.196097,0.032542,0.038180,0.023827,
0.163289,0.027432,0.033862,0.018787,
0.165358,0.029903,0.009337,0.029377,
0.165982,0.033076,0.003573,0.033416,
0.166379,0.036360,0.004270,0.032076,
0.164456,0.039008,-0.038960,0.021651,
0.178393,0.037228,0.390110,0.001197,
0.223905,0.037386,0.505961,0.001915,
0.275487,0.037548,0.519414,0.001335,
0.322235,0.037510,0.419213,-0.001797,
0.342591,0.037413,0.019118,-0.000225,
0.327834,0.035705,0.012584,0.001167,
0.327780,0.035861,-0.011659,0.001863,
0.325552,0.036015,-0.031069,0.001312,
0.322462,0.035978,-0.030458,-0.001696,
0.315908,0.035886,-0.094626,-0.000206,
TIME: 623.4 - SYSTEM: Plan 126
0.025942,0.000321,0.387191,0.031057,
0.074867,0.004380,0.571135,0.048298,
0.135465,0.009540,0.629887,0.053917,
0.190910,0.014671,0.485495,0.048609,
0.205496,0.018561,-0.142966,0.030329,
0.177261,0.017047,0.019707,0.025570,
0.179643,0.020421,0.027080,0.040260,
0.184449,0.024744,0.065373,0.045338,
0.191012,0.029224,0.065237,0.043915,
0.196096,0.032538,0.038179,0.023824,
0.163289,0.027425,0.033873,0.018791,
0.165359,0.029887,0.009358,0.029384,
0.165984,0.033064,0.003577,0.033422,
0.166382,0.036368,0.004280,0.032081,
0.164460,0.039018,-0.038931,0.021649,
0.178397,0.037241,0.390105,0.001199,
0.223908,0.037401,0.505954,0.001913,
0.275489,0.037561,0.519407,0.001331,
0.322236,0.037523,0.419208,-0.001803,
0.342590,0.037430,0.019116,-0.000233,
0.327834,0.035722,0.012586,0.001166,
0.327779,0.035877,-0.011658,0.001861,
0.325551,0.036033,-0.031067,0.001309,
0.322462,0.036003,-0.030456,-0.001698,
0.315909,0.035913,-0.094625,-0.000212,
TIME: 627.4 - SYSTEM: Plan 127
0.025942,0.000321,0.387192,0.031057,
0.074867,0.004381,0.571138,0.048296,
0.135465,0.009541,0.629889,0.053915,
0.190911,0.014671,0.485497,0.048607,
0.205497,0.018561,-0.142966,0.030327,
0.177262,0.017049,0.019709,0.025573,
0.179644,0.020417,0.027084,0.040260,
0.184451,0.024741,0.065376,0.045341,
0.191014,0.029222,0.065239,0.043915,
0.196097,0.032536,0.038180,0.023839,
0.163289,0.027429,0.033861,0.018782,
0.165357,0.029894,0.009335,0.029367,
0.165982,0.033065,0.003574,0.033415,
0.166379,0.036356,0.004267,0.032072,
0.164454,0.039018,-0.038969,0.021646,
0.178392,0.037238,0.390113,0.001197,
0.223904,0.037398,0.505965,0.001915,
0.275486,0.037559,0.519417,0.001332,
0.322235,0.037524,0.419219,-0.001801,
0.342591,0.037426,0.019127,-0.000231,
0.327835,0.035717,0.012583,0.001166,
0.327780,0.035872,-0.011661,0.001865,
0.325551,0.036028,-0.031071,0.001308,
0.322462,0.035999,-0.030459,-0.001697,
0.315908,0.035908,-0.094626,-0.000211,
TIME: 631.1 - SYSTEM: Plan 128
0.025942,0.000321,0.387192,0.031057,
0.074867,0.004380,0.571136,0.048297,
0.135465,0.009540,0.629888,0.053915,
0.190910,0.014670,0.485496,0.048606,
0.205496,0.018560,-0.142966,0.030327,
0.177262,0.017045,0.019708,0.025572,
0.179644,0.020420,0.027082,0.040262,
0.184450,0.024743,0.065374,0.045337,
0.191013,0.029229,0.065238,0.043913,
0.196096,0.032543,0.038179,0.023792,
0.163289,0.027433,0.033870,0.018809,
0.165358,0.029895,0.009352,0.029416,
0.165984,0.033057,0.003574,0.033454,
0.166382,0.036364,0.004283,0.032119,
0.164460,0.039030,-0.038923,0.021683,
0.178397,0.037252,0.390111,0.001198,
0.223909,0.037410,0.505963,0.001913,
0.275492,0.037571,0.519411,0.001333,
0.322239,0.037532,0.419192,-0.001801,
0.342590,0.037438,0.019055,-0.000230,
0.327834,0.035728,0.012587,0.001166,
0.327779,0.035885,-0.011656,0.001865,
0.325551,0.036038,-0.031066,0.001312,
0.322462,0.036005,-0.030455,-0.001696,
0.315909,0.035915,-0.094624,-0.000206,
TIME: 634.7 - SYSTEM: Plan 129
0.025942,0.000321,0.387192,0.031058,
0.074868,0.004380,0.571138,0.048297,
0.135465,0.009540,0.629889,0.053916,
0.190910,0.014670,0.485496,0.048608,
0.205497,0.018560,-0.142967,0.030328,
0.177262,0.017045,0.019709,0.025573,
0.179644,0.020416,0.027084,0.040263,
0.184450,0.024742,0.065376,0.045340,
0.191014,0.029219,0.065239,0.043917,
0.196097,0.032546,0.038180,0.023873,
0.163289,0.027433,0.033862,0.018761,
0.165358,0.029892,0.009338,0.029333,
0.165982,0.033058,0.003575,0.033365,
0.166379,0.036338,0.004261,0.032032,
0.164454,0.038990,-0.038984,0.021624,
0.178390,0.037212,0.390106,0.001197,
0.223902,0.037375,0.505955,0.001912,
0.275483,0.037535,0.519413,0.001330,
0.322231,0.037500,0.419228,-0.001802,
0.342590,0.037405,0.019173,-0.000232,
0.327834,0.035696,0.012586,0.001166,
0.327779,0.035852,-0.011657,0.001866,
0.325551,0.036009,-0.031067,0.001314,
0.322462,0.035977,-0.030456,-0.001695,
0.315909,0.035886,-0.094625,-0.000210,
TIME: 638.5 - SYSTEM: Plan 130
0.025942,0.000322,0.387191,0.031057,
0.074867,0.004380,0.571136,0.048297,
0.135465,0.009541,0.629888,0.053916,
0.190910,0.014672,0.485496,0.048608,
0.205496,0.018562,-0.142965,0.030327,
0.177262,0.017049,0.019708,0.025576,
0.179644,0.020419,0.027082,0.040262,
0.184450,0.024743,0.065374,0.045339,
0.191013,0.029222,0.065238,0.043916,
0.196096,0.032540,0.038179,0.023844,
0.163289,0.027430,0.033869,0.018778,
0.165358,0.029905,0.009351,0.029362,
0.165984,0.033081,0.003576,0.033397,
0.166381,0.036371,0.004273,0.032057,
0.164458,0.039027,-0.038951,0.021629,
0.178394,0.037247,0.390105,0.001198,
0.223905,0.037408,0.505953,0.001913,
0.275486,0.037569,0.519410,0.001330,
0.322235,0.037531,0.419222,-0.001803,
0.342591,0.037437,0.019155,-0.000233,
0.327835,0.035729,0.012583,0.001165,
0.327780,0.035888,-0.011661,0.001861,
0.325552,0.036045,-0.031071,0.001307,
0.322462,0.036012,-0.030459,-0.001700,
0.315908,0.035924,-0.094627,-0.000215,
TIME: 642.6 - SYSTEM: Plan 131
0.025942,0.000321,0.387191,0.031058,
0.074867,0.004379,0.571136,0.048298,
0.135465,0.009539,0.629888,0.053916,
0.190910,0.014670,0.485496,0.048608,
0.205496,0.018560,-0.142965,0.030328,
0.177262,0.017045,0.019707,0.025571,
0.179644,0.020420,0.027081,0.040266,
0.184450,0.024746,0.065374,0.045340,
0.191013,0.029230,0.065238,0.043911,
0.196096,0.032542,0.038179,0.023768,
0.163289,0.027428,0.033872,0.018823,
0.165359,0.029903,0.009353,0.029430,
0.165984,0.033085,0.003574,0.033475,
0.166382,0.036366,0.004289,0.032140,
0.164462,0.039032,-0.038910,0.021702,
0.178398,0.037251,0.390115,0.001198,
0.223911,0.037412,0.505971,0.001914,
0.275494,0.037573,0.519416,0.001334,
0.322240,0.037540,0.419183,-0.001803,
0.342589,0.037447,0.019019,-0.000234,
0.327833,0.035738,0.012589,0.001166,
0.327779,0.035888,-0.011653,0.001864,
0.325551,0.036050,-0.031063,0.001311,
0.322462,0.036014,-0.030452,-0.001698,
0.315909,0.035926,-0.094622,-0.000207,
TIME: 646.9 - SYSTEM: Plan 132
0.025942,0.000321,0.387193,0.031058,
0.074868,0.004381,0.571139,0.048296,
0.135465,0.009541,0.629890,0.053914,
0.190910,0.014670,0.485497,0.048606,
0.205497,0.018560,-0.142967,0.030327,
0.177262,0.017045,0.019709,0.025574,
0.179644,0.020415,0.027084,0.040262,
0.184451,0.024739,0.065376,0.045338,
0.191014,0.029219,0.065239,0.043914,
0.196097,0.032532,0.038180,0.023819,
0.163289,0.027422,0.033860,0.018793,
0.165357,0.029890,0.009334,0.029386,
0.165982,0.033061,0.003573,0.033437,
0.166379,0.036366,0.004270,0.032093,
0.164455,0.039023,-0.038961,0.021660,
0.178393,0.037243,0.390119,0.001196,
0.223906,0.037399,0.505973,0.001912,
0.275488,0.037563,0.519423,0.001332,
0.322237,0.037527,0.419216,-0.001801,
0.342591,0.037432,0.019100,-0.000231,
0.327835,0.035723,0.012584,0.001169,
0.327780,0.035878,-0.011660,0.001866,
0.325551,0.036036,-0.031070,0.001314,
0.322462,0.036002,-0.030459,-0.001695,
0.315909,0.035910,-0.094626,-0.000208,
TIME: 651 - SYSTEM: Plan 133
0.025942,0.000321,0.387192,0.031057,
0.074868,0.004380,0.571137,0.048297,
0.135465,0.009541,0.629889,0.053915,
0.190910,0.014671,0.485496,0.048607,
0.205497,0.018561,-0.142966,0.030327,
0.177262,0.017049,0.019708,0.025572,
0.179644,0.020418,0.027083,0.040259,
0.184450,0.024739,0.065375,0.045340,
0.191013,0.029221,0.065239,0.043914,
0.196097,0.032534,0.038180,0.023815,
0.163289,0.027425,0.033864,0.018785,
0.165358,0.029883,0.009340,0.029396,
0.165983,0.033048,0.003574,0.033441,
0.166380,0.036353,0.004274,0.032101,
0.164457,0.039003,-0.038949,0.021670,
0.178394,0.037227,0.390118,0.001198,
0.223907,0.037385,0.505971,0.001914,
0.275489,0.037548,0.519420,0.001332,
0.322238,0.037508,0.419207,-0.001800,
0.342590,0.037414,0.019081,-0.000231,
0.327834,0.035705,0.012586,0.001167,
0.327779,0.035859,-0.011657,0.001866,
0.325551,0.036017,-0.031067,0.001311,
0.322462,0.035982,-0.030456,-0.001695,
0.315909,0.035892,-0.094625,-0.000207,
TIME: 655.2 - SYSTEM: Plan 134
0.025942,0.000321,0.387192,0.031057,
0.074868,0.004381,0.571138,0.048296,
0.135465,0.009541,0.629889,0.053915,
0.190910,0.014670,0.485496,0.048605,
0.205497,0.018561,-0.142966,0.030327,
0.177262,0.017046,0.019709,0.025573,
0.179644,0.020422,0.027083,0.040261,
0.184450,0.024743,0.065376,0.045340,
0.191013,0.029220,0.065239,0.043914,
0.196097,0.032533,0.038180,0.023815,
0.163289,0.027426,0.033863,0.018786,
0.165358,0.029894,0.009339,0.029380,
0.165983,0.033059,0.003573,0.033432,
0.166380,0.036361,0.004273,0.032096,
0.164456,0.039014,-0.038952,0.021663,
0.178393,0.037235,0.390117,0.001197,
0.223907,0.037395,0.505972,0.001913,
0.275489,0.037556,0.519422,0.001331,
0.322236,0.037518,0.419211,-0.001801,
0.342590,0.037422,0.019094,-0.000231,
0.327834,0.035717,0.012586,0.001165,
0.327779,0.035871,-0.011657,0.001864,
0.325551,0.036026,-0.031066,0.001307,
0.322462,0.035990,-0.030455,-0.001698,
0.315909,0.035899,-0.094624,-0.000210,
TIME: 658.7 - SYSTEM: Plan 135
0.025942,0.000321,0.387192,0.031057,
0.074867,0.004380,0.571138,0.048297,
0.135465,0.009539,0.629889,0.053917,
0.190910,0.014670,0.485497,0.048607,
0.205497,0.018561,-0.142966,0.030328,
0.177262,0.017047,0.019709,0.025576,
0.179644,0.020418,0.027083,0.040259,
0.184450,0.024740,0.065375,0.045339,
0.191013,0.029219,0.065239,0.043912,
0.196097,0.032531,0.038180,0.023787,
0.163289,0.027414,0.033863,0.018816,
0.165358,0.029898,0.009337,0.029422,
0.165982,0.033074,0.003573,0.033462,
0.166380,0.036357,0.004278,0.032130,
0.164457,0.039027,-0.038940,0.021690,
0.178395,0.037246,0.390121,0.001199,
0.223908,0.037404,0.505978,0.001918,
0.275492,0.037565,0.519426,0.001336,
0.322240,0.037527,0.419199,-0.001797,
0.342590,0.037429,0.019044,-0.000226,
0.327834,0.035722,0.012586,0.001167,
0.327779,0.035879,-0.011656,0.001862,
0.325551,0.036035,-0.031066,0.001309,
0.322462,0.035999,-0.030455,-0.001701,
0.315909,0.035911,-0.094624,-0.000211,
TIME: 662.2 - SYSTEM: Plan 136
0.025942,0.000322,0.387192,0.031057,
0.074867,0.004381,0.571137,0.048296,
0.135465,0.009540,0.629889,0.053914,
0.190910,0.014671,0.485496,0.048606,
0.205497,0.018561,-0.142967,0.030327,
0.177262,0.017049,0.019709,0.025573,
0.179644,0.020417,0.027083,0.040260,
0.184450,0.024741,0.065376,0.045341,
0.191013,0.029222,0.065239,0.043915,
0.196097,0.032536,0.038180,0.023839,
0.163289,0.027429,0.033862,0.018780,
0.165358,0.029882,0.009337,0.029373,
0.165982,0.033062,0.003574,0.033416,
0.166379,0.036353,0.004268,0.032072,
0.164455,0.039017,-0.038967,0.021647,
0.178392,0.037237,0.390117,0.001198,
0.223905,0.037396,0.505970,0.001917,
0.275487,0.037560,0.519424,0.001334,
0.322235,0.037522,0.419224,-0.001801,
0.342591,0.037430,0.019125,-0.000232,
0.327834,0.035720,0.012584,0.001165,
0.327780,0.035874,-0.011659,0.001863,
0.325552,0.036032,-0.031069,0.001311,
0.322462,0.036000,-0.030458,-0.001697,
0.315909,0.035910,-0.094626,-0.000209,
TIME: 665.7 - SYSTEM: Plan 137
0.025942,0.000321,0.387192,0.031057,
0.074867,0.004379,0.571137,0.048296,
0.135465,0.009540,0.629888,0.053916,
0.190910,0.014671,0.485496,0.048608,
0.205497,0.018561,-0.142966,0.030328,
0.177262,0.017049,0.019708,0.025574,
0.179644,0.020417,0.027082,0.040261,
0.184450,0.024741,0.065375,0.045341,
0.191013,0.029217,0.065238,0.043915,
0.196097,0.032538,0.038179,0.023832,
0.163289,0.027424,0.033866,0.018785,
0.165358,0.029881,0.009345,0.029380,
0.165983,0.033062,0.003575,0.033429,
0.166380,0.036352,0.004272,0.032087,
0.164457,0.039009,-0.038953,0.021658,
0.178394,0.037231,0.390116,0.001198,
0.223906,0.037390,0.505969,0.001915,
0.275489,0.037552,0.519419,0.001333,
0.322236,0.037515,0.419213,-0.001800,
0.342590,0.037420,0.019103,-0.000230,
0.327834,0.035712,0.012585,0.001166,
0.327779,0.035865,-0.011658,0.001864,
0.325551,0.036020,-0.031068,0.001314,
0.322462,0.035989,-0.030457,-0.001695,
0.315909,0.035897,-0.094625,-0.000207,
TIME: 670.5 - SYSTEM: Plan 138
0.025942,0.000321,0.387192,0.031057,
0.074867,0.004380,0.571137,0.048297,
0.135465,0.009539,0.629888,0.053916,
0.190910,0.014669,0.485496,0.048608,
0.205496,0.018559,-0.142966,0.030328,
0.177262,0.017044,0.019707,0.025574,
0.179644,0.020414,0.027081,0.040263,
0.184450,0.024736,0.065374,0.045340,
0.191012,0.029221,0.065238,0.043916,
0.196096,0.032535,0.038179,0.023844,
0.163289,0.027431,0.033869,0.018772,
0.165358,0.029884,0.009351,0.029367,
0.165984,0.033046,0.003577,0.033409,
0.166381,0.036339,0.004273,0.032077,
0.164458,0.038992,-0.038952,0.021652,
0.178394,0.037213,0.390109,0.001196,
0.223906,0.037372,0.505959,0.001911,
0.275488,0.037532,0.519412,0.001334,
0.322235,0.037495,0.419209,-0.001798,
0.342589,0.037402,0.019115,-0.000228,
0.327834,0.035695,0.012587,0.001167,
0.327779,0.035855,-0.011655,0.001867,
0.325551,0.036011,-0.031065,0.001310,
0.322462,0.035978,-0.030454,-0.001703,
0.315909,0.035889,-0.094624,-0.000215,
TIME: 674.3 - SYSTEM: Plan 139
0.025942,0.000321,0.387192,0.031057,
0.074867,0.004378,0.571137,0.048297,
0.135465,0.009538,0.629888,0.053917,
0.190910,0.014669,0.485496,0.048610,
0.205496,0.018560,-0.142966,0.030330,
0.177262,0.017045,0.019708,0.025572,
0.179644,0.020420,0.027082,0.040264,
0.184450,0.024744,0.065374,0.045338,
0.191013,0.029226,0.065238,0.043913,
0.196096,0.032540,0.038179,0.023790,
0.163289,0.027433,0.033869,0.018807,
0.165358,0.029907,0.009349,0.029408,
0.165984,0.033066,0.003574,0.033448,
0.166381,0.036368,0.004282,0.032112,
0.164460,0.039031,-0.038926,0.021679,
0.178396,0.037251,0.390114,0.001197,
0.223909,0.037412,0.505968,0.001916,
0.275491,0.037572,0.519417,0.001334,
0.322238,0.037538,0.419199,-0.001800,
0.342589,0.037441,0.019063,-0.000231,
0.327833,0.035732,0.012587,0.001166,
0.327779,0.035889,-0.011655,0.001863,
0.325551,0.036047,-0.031065,0.001310,
0.322462,0.036015,-0.030454,-0.001699,
0.315909,0.035925,-0.094624,-0.000213,
TIME: 678.5 - SYSTEM: Plan 140
0.025942,0.000321,0.387192,0.031056,
0.074867,0.004380,0.571137,0.048297,
0.135465,0.009539,0.629888,0.053917,
0.190910,0.014669,0.485496,0.048608,
0.205497,0.018560,-0.142966,0.030328,
0.177262,0.017045,0.019708,0.025573,
0.179644,0.020415,0.027083,0.040261,
0.184450,0.024739,0.065375,0.045341,
0.191013,0.029218,0.065239,0.043915,
0.196097,0.032534,0.038179,0.023829,
0.163289,0.027421,0.033866,0.018785,
0.165358,0.029895,0.009345,0.029375,
0.165983,0.033057,0.003575,0.033412,
0.166380,0.036350,0.004273,0.032077,
0.164457,0.039015,-0.038952,0.021652,
0.178394,0.037235,0.390110,0.001197,
0.223906,0.037396,0.505962,0.001913,
0.275488,0.037556,0.519415,0.001331,
0.322235,0.037519,0.419212,-0.001800,
0.342590,0.037426,0.019115,-0.000230,
0.327834,0.035717,0.012586,0.001166,
0.327779,0.035874,-0.011657,0.001863,
0.325551,0.036029,-0.031066,0.001309,
0.322462,0.035996,-0.030456,-0.001696,
0.315909,0.035904,-0.094625,-0.000208,
TIME: 682.6 - SYSTEM: Plan 141
0.025942,0.000321,0.387192,0.031058,
0.074867,0.004380,0.571137,0.048296,
0.135465,0.009540,0.629888,0.053916,
0.190910,0.014670,0.485496,0.048607,
0.205496,0.018560,-0.142966,0.030328,
0.177262,0.017044,0.019708,0.025573,
0.179644,0.020415,0.027082,0.040260,
0.184450,0.024740,0.065374,0.045339,
0.191013,0.029219,0.065238,0.043917,
0.196096,0.032537,0.038179,0.023855,
0.163289,0.027417,0.033869,0.018772,
0.165358,0.029889,0.009352,0.029364,
0.165984,0.033066,0.003577,0.033395,
0.166381,0.036354,0.004271,0.032048,
0.164457,0.039001,-0.038956,0.021628,
0.178394,0.037224,0.390103,0.001197,
0.223905,0.037384,0.505950,0.001913,
0.275487,0.037543,0.519408,0.001331,
0.322235,0.037505,0.419221,-0.001801,
0.342591,0.037413,0.019157,-0.000230,
0.327835,0.035707,0.012583,0.001167,
0.327780,0.035860,-0.011661,0.001864,
0.325551,0.036016,-0.031071,0.001314,
0.322462,0.035984,-0.030459,-0.001694,
0.315908,0.035892,-0.094627,-0.000208,
TIME: 686.7 - SYSTEM: Plan 142
0.025942,0.000321,0.387192,0.031057,
0.074867,0.004381,0.571136,0.048297,
0.135465,0.009540,0.629888,0.053916,
0.190910,0.014670,0.485496,0.048607,
0.205496,0.018560,-0.142965,0.030327,
0.177262,0.017046,0.019708,0.025572,
0.179644,0.020416,0.027082,0.040261,
0.184450,0.024741,0.065374,0.045341,
0.191013,0.029220,0.065238,0.043914,
0.196096,0.032535,0.038179,0.023817,
0.163289,0.027422,0.033868,0.018797,
0.165358,0.029891,0.009348,0.029399,
0.165983,0.033059,0.003575,0.033431,
0.166381,0.036349,0.004277,0.032098,
0.164458,0.039013,-0.038941,0.021670,
0.178395,0.037235,0.390114,0.001199,
0.223908,0.037396,0.505967,0.001914,
0.275490,0.037558,0.519419,0.001329,
0.322238,0.037519,0.419204,-0.001804,
0.342589,0.037426,0.019081,-0.000233,
0.327833,0.035717,0.012587,0.001166,
0.327779,0.035873,-0.011655,0.001863,
0.325551,0.036027,-0.031065,0.001311,
0.322462,0.035994,-0.030454,-0.001696,
0.315909,0.035904,-0.094624,-0.000208,
TIME: 690.6 - SYSTEM: Plan 143
0.025942,0.000321,0.387193,0.031057,
0.074867,0.004379,0.571138,0.048296,
0.135465,0.009539,0.629890,0.053916,
0.190910,0.014668,0.485497,0.048608,
0.205497,0.018558,-0.142966,0.030329,
0.177262,0.017043,0.019708,0.025577,
0.179644,0.020419,0.027083,0.040260,
0.184450,0.024744,0.065375,0.045337,
0.191013,0.029219,0.065238,0.043912,
0.196097,0.032535,0.038179,0.023786,
0.163289,0.027421,0.033867,0.018811,
0.165358,0.029896,0.009345,0.029430,
0.165983,0.033070,0.003573,0.033471,
0.166381,0.036356,0.004281,0.032130,
0.164459,0.039022,-0.038929,0.021688,
0.178396,0.037243,0.390118,0.001200,
0.223909,0.037405,0.505973,0.001914,
0.275492,0.037564,0.519420,0.001332,
0.322240,0.037529,0.419196,-0.001802,
0.342590,0.037434,0.019043,-0.000233,
0.327834,0.035725,0.012585,0.001168,
0.327779,0.035878,-0.011658,0.001865,
0.325551,0.036038,-0.031067,0.001312,
0.322462,0.036005,-0.030456,-0.001696,
0.315909,0.035913,-0.094625,-0.000208,
TIME: 694.4 - SYSTEM: Plan 144
0.025942,0.000321,0.387191,0.031058,
0.074867,0.004380,0.571135,0.048298,
0.135465,0.009541,0.629887,0.053914,
0.190910,0.014670,0.485495,0.048605,
0.205496,0.018561,-0.142967,0.030327,
0.177262,0.017046,0.019707,0.025577,
0.179644,0.020422,0.027081,0.040255,
0.184450,0.024745,0.065373,0.045336,
0.191012,0.029224,0.065238,0.043913,
0.196096,0.032540,0.038179,0.023796,
0.163289,0.027430,0.033872,0.018803,
0.165359,0.029895,0.009355,0.029407,
0.165984,0.033077,0.003575,0.033453,
0.166382,0.036358,0.004284,0.032107,
0.164461,0.039010,-0.038921,0.021673,
0.178397,0.037232,0.390108,0.001198,
0.223909,0.037392,0.505959,0.001914,
0.275491,0.037554,0.519408,0.001331,
0.322238,0.037515,0.419195,-0.001802,
0.342590,0.037423,0.019071,-0.000232,
0.327834,0.035715,0.012586,0.001166,
0.327779,0.035869,-0.011657,0.001866,
0.325551,0.036023,-0.031066,0.001312,
0.322462,0.035993,-0.030455,-0.001693,
0.315909,0.035900,-0.094625,-0.000207,
TIME: 697.9 - SYSTEM: Plan 145
0.025942,0.000321,0.387191,0.031057,
0.074867,0.004380,0.571135,0.048297,
0.135465,0.009539,0.629887,0.053915,
0.190910,0.014670,0.485495,0.048608,
0.205496,0.018559,-0.142966,0.030329,
0.177261,0.017045,0.019706,0.025573,
0.179643,0.020415,0.027080,0.040260,
0.184449,0.024737,0.065372,0.045338,
0.191012,0.029219,0.065237,0.043915,
0.196095,0.032533,0.038179,0.023845,
0.163288,0.027427,0.033876,0.018781,
0.165359,0.029886,0.009365,0.029364,
0.165985,0.033063,0.003578,0.033406,
0.166383,0.036350,0.004279,0.032060,
0.164461,0.039008,-0.038933,0.021634,
0.178396,0.037229,0.390097,0.001198,
0.223907,0.037387,0.505942,0.001914,
0.275487,0.037546,0.519396,0.001333,
0.322233,0.037512,0.419208,-0.001797,
0.342591,0.037416,0.019144,-0.000228,
0.327835,0.035708,0.012584,0.001165,
0.327780,0.035863,-0.011659,0.001864,
0.325552,0.036021,-0.031069,0.001312,
0.322462,0.035987,-0.030458,-0.001697,
0.315908,0.035891,-0.094626,-0.000210,
TIME: 701.8 - SYSTEM: Plan 146
0.025942,0.000321,0.387192,0.031057,
0.074867,0.004380,0.571137,0.048297,
0.135465,0.009540,0.629889,0.053917,
0.190910,0.014670,0.485497,0.048607,
0.205497,0.018562,-0.142965,0.030328,
0.177262,0.017048,0.019708,0.025574,
0.179644,0.020420,0.027083,0.040259,
0.184450,0.024744,0.065375,0.045338,
0.191013,0.029222,0.065238,0.043913,
0.196097,0.032539,0.038179,0.023807,
0.163289,0.027429,0.033867,0.018795,
0.165358,0.029900,0.009345,0.029393,
0.165983,0.033054,0.003575,0.033438,
0.166381,0.036353,0.004278,0.032108,
0.164458,0.039008,-0.038940,0.021676,
0.178396,0.037228,0.390115,0.001197,
0.223908,0.037389,0.505970,0.001914,
0.275491,0.037554,0.519419,0.001332,
0.322237,0.037515,0.419200,-0.001802,
0.342589,0.037424,0.019071,-0.000232,
0.327833,0.035717,0.012588,0.001164,
0.327779,0.035873,-0.011655,0.001861,
0.325551,0.036025,-0.031064,0.001308,
0.322462,0.035996,-0.030453,-0.001699,
0.315909,0.035907,-0.094623,-0.000212,
TIME: 705.5 - SYSTEM: Plan 147
0.025942,0.000321,0.387191,0.031056,
0.074867,0.004379,0.571136,0.048297,
0.135465,0.009539,0.629887,0.053916,
0.190910,0.014670,0.485495,0.048607,
0.205496,0.018560,-0.142966,0.030328,
0.177262,0.017045,0.019707,0.025573,
0.179644,0.020421,0.027081,0.040264,
0.184450,0.024745,0.065374,0.045337,
0.191012,0.029226,0.065238,0.043912,
0.196096,0.032541,0.038179,0.023785,
0.163289,0.027431,0.033872,0.018807,
0.165359,0.029901,0.009355,0.029424,
0.165984,0.033078,0.003575,0.033466,
0.166382,0.036377,0.004287,0.032123,
0.164462,0.039042,-0.038915,0.021679,
0.178398,0.037262,0.390112,0.001198,
0.223911,0.037422,0.505963,0.001913,
0.275494,0.037586,0.519412,0.001329,
0.322241,0.037549,0.419194,-0.001803,
0.342590,0.037455,0.019058,-0.000233,
0.327834,0.035746,0.012586,0.001165,
0.327779,0.035897,-0.011657,0.001863,
0.325551,0.036057,-0.031067,0.001312,
0.322462,0.036025,-0.030456,-0.001698,
0.315909,0.035933,-0.094625,-0.000208,
TIME: 709.1 - SYSTEM: Plan 148
0.025942,0.000321,0.387192,0.031057,
0.074867,0.004381,0.571137,0.048296,
0.135465,0.009541,0.629888,0.053914,
0.190910,0.014672,0.485496,0.048607,
0.205496,0.018562,-0.142966,0.030327,
0.177262,0.017048,0.019707,0.025574,
0.179644,0.020421,0.027081,0.040260,
0.184450,0.024745,0.065373,0.045336,
0.191012,0.029224,0.065237,0.043912,
0.196096,0.032545,0.038179,0.023798,
0.163289,0.027432,0.033871,0.018798,
0.165358,0.029900,0.009353,0.029402,
0.165984,0.033068,0.003575,0.033445,
0.166382,0.036363,0.004283,0.032115,
0.164460,0.039022,-0.038925,0.021677,
0.178397,0.037244,0.390114,0.001198,
0.223909,0.037402,0.505968,0.001912,
0.275491,0.037559,0.519416,0.001331,
0.322238,0.037524,0.419197,-0.001798,
0.342589,0.037432,0.019065,-0.000228,
0.327833,0.035723,0.012588,0.001165,
0.327779,0.035877,-0.011655,0.001864,
0.325551,0.036035,-0.031065,0.001313,
0.322462,0.036002,-0.030454,-0.001697,
0.315909,0.035912,-0.094623,-0.000209,
TIME: 712.7 - SYSTEM: Plan 149
0.025942,0.000321,0.387191,0.031057,
0.074867,0.004381,0.571136,0.048297,
0.135465,0.009540,0.629887,0.053914,
0.190910,0.014670,0.485495,0.048607,
0.205496,0.018561,-0.142966,0.030328,
0.177262,0.017047,0.019707,0.025574,
0.179644,0.020417,0.027081,0.040263,
0.184450,0.024744,0.065373,0.045341,
0.191012,0.029220,0.065238,0.043916,
0.196096,0.032541,0.038179,0.023843,
0.163289,0.027434,0.033871,0.018779,
0.165358,0.029903,0.009355,0.029360,
0.165984,0.033076,0.003577,0.033399,
0.166382,0.036362,0.004275,0.032048,
0.164459,0.039021,-0.038946,0.021628,
0.178395,0.037242,0.390103,0.001198,
0.223906,0.037399,0.505951,0.001912,
0.275487,0.037561,0.519407,0.001330,
0.322234,0.037528,0.419222,-0.001803,
0.342591,0.037434,0.019158,-0.000233,
0.327835,0.035725,0.012584,0.001164,
0.327780,0.035880,-0.011660,0.001860,
0.325551,0.036041,-0.031070,0.001312,
0.322462,0.036003,-0.030459,-0.001696,
0.315908,0.035914,-0.094626,-0.000209,
TIME: 716.3 - SYSTEM: Plan 150
0.025942,0.000321,0.387192,0.031056,
0.074867,0.004380,0.571137,0.048297,
0.135465,0.009539,0.629889,0.053916,
0.190910,0.014669,0.485497,0.048608,
0.205497,0.018559,-0.142965,0.030329,
0.177262,0.017044,0.019709,0.025574,
0.179644,0.020419,0.027083,0.040263,
0.184450,0.024742,0.065375,0.045342,
0.191013,0.029215,0.065239,0.043914,
0.196097,0.032534,0.038180,0.023808,
0.163289,0.027420,0.033864,0.018799,
0.165358,0.029898,0.009340,0.029401,
0.165983,0.033068,0.003573,0.033441,
0.166380,0.036358,0.004275,0.032096,
0.164457,0.039007,-0.038946,0.021670,
0.178394,0.037229,0.390117,0.001199,
0.223907,0.037391,0.505971,0.001914,
0.275489,0.037551,0.519422,0.001330,
0.322237,0.037515,0.419208,-0.001802,
0.342590,0.037421,0.019081,-0.000232,
0.327834,0.035713,0.012585,0.001165,
0.327779,0.035869,-0.011658,0.001863,
0.325551,0.036023,-0.031067,0.001313,
0.322462,0.035991,-0.030456,-0.001695,
0.315909,0.035899,-0.094625,-0.000207,
TIME: 720.9 - SYSTEM: Plan 151
0.025942,0.000321,0.387192,0.031057,
0.074867,0.004381,0.571136,0.048297,
0.135465,0.009540,0.629888,0.053915,
0.190910,0.014670,0.485496,0.048607,
0.205496,0.018559,-0.142966,0.030328,
0.177262,0.017045,0.019707,0.025574,
0.179644,0.020415,0.027081,0.040258,
0.184450,0.024743,0.065373,0.045341,
0.191012,0.029221,0.065237,0.043914,
0.196096,0.032539,0.038179,0.023814,
0.163289,0.027432,0.033870,0.018790,
0.165358,0.029894,0.009353,0.029386,
0.165984,0.033068,0.003575,0.033433,
0.166382,0.036356,0.004280,0.032095,
0.164460,0.039026,-0.038933,0.021667,
0.178396,0.037245,0.390105,0.001199,
0.223908,0.037403,0.505955,0.001915,
0.275490,0.037563,0.519405,0.001334,
0.322236,0.037526,0.419196,-0.001798,
0.342590,0.037432,0.019087,-0.000226,
0.327834,0.035723,0.012587,0.001166,
0.327779,0.035877,-0.011656,0.001865,
0.325551,0.036036,-0.031065,0.001312,
0.322463,0.035998,-0.030454,-0.001697,
0.315909,0.035906,-0.094624,-0.000208,
TIME: 724.6 - SYSTEM: Plan 152
0.025942,0.000321,0.387192,0.031057,
0.074867,0.004380,0.571137,0.048297,
0.135465,0.009540,0.629889,0.053916,
0.190910,0.014670,0.485496,0.048608,
0.205497,0.018561,-0.142966,0.030328,
0.177262,0.017044,0.019709,0.025574,
0.179644,0.020422,0.027083,0.040263,
0.184450,0.024741,0.065375,0.045338,
0.191013,0.029221,0.065239,0.043913,
0.196097,0.032538,0.038180,0.023813,
0.163289,0.027425,0.033862,0.018794,
0.165358,0.029891,0.009337,0.029396,
0.165982,0.033066,0.003573,0.033432,
0.166379,0.036343,0.004273,0.032091,
0.164456,0.039024,-0.038953,0.021667,
0.178393,0.037242,0.390118,0.001199,
0.223906,0.037408,0.505972,0.001917,
0.275489,0.037569,0.519424,0.001331,
0.322237,0.037533,0.419212,-0.001802,
0.342590,0.037440,0.019089,-0.000233,
0.327834,0.035731,0.012585,0.001167,
0.327779,0.035889,-0.011658,0.001863,
0.325551,0.036046,-0.031068,0.001310,
0.322462,0.036010,-0.030457,-0.001700,
0.315909,0.035919,-0.094625,-0.000211,
TIME: 728.4 - SYSTEM: Plan 153
0.025942,0.000321,0.387192,0.031057,
0.074867,0.004381,0.571137,0.048298,
0.135465,0.009541,0.629889,0.053916,
0.190910,0.014670,0.485496,0.048607,
0.205497,0.018561,-0.142966,0.030327,
0.177262,0.017046,0.019709,0.025574,
0.179644,0.020422,0.027083,0.040260,
0.184450,0.024745,0.065376,0.045339,
0.191013,0.029222,0.065239,0.043913,
0.196097,0.032536,0.038180,0.023796,
0.163289,0.027426,0.033864,0.018802,
0.165358,0.029896,0.009339,0.029403,
0.165982,0.033070,0.003573,0.033449,
0.166380,0.036363,0.004277,0.032113,
0.164457,0.039013,-0.038942,0.021677,
0.178395,0.037234,0.390118,0.001200,
0.223907,0.037393,0.505974,0.001917,
0.275491,0.037549,0.519423,0.001337,
0.322238,0.037518,0.419203,-0.001797,
0.342590,0.037423,0.019068,-0.000227,
0.327834,0.035716,0.012587,0.001165,
0.327779,0.035871,-0.011655,0.001862,
0.325551,0.036022,-0.031065,0.001310,
0.322462,0.035993,-0.030454,-0.001697,
0.315909,0.035903,-0.094624,-0.000208,
TIME: 732.3 - SYSTEM: Plan 154
0.025942,0.000322,0.387193,0.031057,
0.074868,0.004381,0.571138,0.048295,
0.135465,0.009541,0.629889,0.053914,
0.190910,0.014671,0.485497,0.048606,
0.205497,0.018562,-0.142966,0.030326,
0.177262,0.017049,0.019710,0.025574,
0.179644,0.020417,0.027084,0.040262,
0.184451,0.024739,0.065377,0.045340,
0.191014,0.029217,0.065240,0.043918,
0.196098,0.032540,0.038180,0.023872,
0.163289,0.027420,0.033858,0.018752,
0.165357,0.029889,0.009331,0.029333,
0.165982,0.033055,0.003575,0.033366,
0.166378,0.036332,0.004259,0.032026,
0.164452,0.038990,-0.038992,0.021621,
0.178389,0.037211,0.390113,0.001196,
0.223902,0.037372,0.505963,0.001915,
0.275483,0.037534,0.519422,0.001332,
0.322233,0.037498,0.419238,-0.001801,
0.342590,0.037401,0.019180,-0.000232,
0.327834,0.035696,0.012585,0.001166,
0.327780,0.035850,-0.011659,0.001862,
0.325551,0.036008,-0.031068,0.001310,
0.322462,0.035976,-0.030457,-0.001699,
0.315909,0.035886,-0.094626,-0.000214,
TIME: 737.8 - SYSTEM: Plan 155
0.025942,0.000321,0.387192,0.031058,
0.074867,0.004379,0.571137,0.048297,
0.135465,0.009539,0.629889,0.053916,
0.190910,0.014668,0.485497,0.048608,
0.205497,0.018558,-0.142965,0.030329,
0.177262,0.017043,0.019708,0.025573,
0.179644,0.020419,0.027083,0.040260,
0.184450,0.024742,0.065375,0.045339,
0.191013,0.029220,0.065238,0.043916,
0.196097,0.032539,0.038179,0.023842,
0.163289,0.027429,0.033864,0.018778,
0.165358,0.029896,0.009341,0.029365,
0.165983,0.033061,0.003575,0.033402,
0.166380,0.036354,0.004269,0.032063,
0.164456,0.039005,-0.038963,0.021641,
0.178392,0.037227,0.390106,0.001198,
0.223904,0.037389,0.505956,0.001914,
0.275486,0.037550,0.519411,0.001330,
0.322234,0.037511,0.419216,-0.001802,
0.342591,0.037417,0.019137,-0.000232,
0.327835,0.035711,0.012585,0.001166,
0.327780,0.035861,-0.011659,0.001865,
0.325551,0.036021,-0.031068,0.001311,
0.322462,0.035987,-0.030457,-0.001698,
0.315909,0.035896,-0.094626,-0.000210,
TIME: 741.3 - SYSTEM: Plan 156
0.025942,0.000321,0.387192,0.031057,
0.074868,0.004380,0.571138,0.048296,
0.135465,0.009539,0.629889,0.053915,
0.190911,0.014670,0.485497,0.048607,
0.205497,0.018561,-0.142966,0.030328,
0.177262,0.017047,0.019709,0.025570,
0.179644,0.020421,0.027083,0.040261,
0.184450,0.024745,0.065376,0.045339,
0.191013,0.029224,0.065239,0.043915,
0.196097,0.032539,0.038180,0.023825,
0.163289,0.027423,0.033863,0.018784,
0.165358,0.029881,0.009338,0.029388,
0.165982,0.033047,0.003574,0.033426,
0.166380,0.036344,0.004271,0.032094,
0.164456,0.039008,-0.038958,0.021664,
0.178393,0.037229,0.390119,0.001199,
0.223905,0.037389,0.505973,0.001914,
0.275488,0.037553,0.519424,0.001334,
0.322236,0.037516,0.419212,-0.001800,
0.342590,0.037418,0.019094,-0.000232,
0.327834,0.035710,0.012586,0.001166,
0.327779,0.035867,-0.011657,0.001863,
0.325551,0.036021,-0.031066,0.001309,
0.322462,0.035987,-0.030455,-0.001700,
0.315909,0.035898,-0.094624,-0.000211,
TIME: 744.9 - SYSTEM: Plan 157
0.025942,0.000321,0.387192,0.031057,
0.074868,0.004380,0.571137,0.048296,
0.135465,0.009540,0.629889,0.053916,
0.190910,0.014671,0.485497,0.048606,
0.205497,0.018562,-0.142966,0.030327,
0.177262,0.017047,0.019708,0.025576,
0.179644,0.020422,0.027083,0.040260,
0.184450,0.024745,0.065376,0.045339,
0.191013,0.029224,0.065239,0.043915,
0.196097,0.032544,0.038179,0.023828,
0.163289,0.027434,0.033864,0.018785,
0.165358,0.029882,0.009341,0.029384,
0.165983,0.033061,0.003574,0.033426,
0.166380,0.036331,0.004272,0.032084,
0.164456,0.038996,-0.038956,0.021666,
0.178394,0.037220,0.390116,0.001199,
0.223905,0.037377,0.505970,0.001916,
0.275488,0.037541,0.519421,0.001335,
0.322236,0.037503,0.419210,-0.001800,
0.342589,0.037411,0.019093,-0.000231,
0.327834,0.035704,0.012587,0.001166,
0.327779,0.035860,-0.011656,0.001863,
0.325551,0.036016,-0.031065,0.001310,
0.322462,0.035982,-0.030455,-0.001697,
0.315909,0.035890,-0.094624,-0.000211,
TIME: 748.6 - SYSTEM: Plan 158
0.025942,0.000321,0.387192,0.031057,
0.074867,0.004380,0.571137,0.048297,
0.135465,0.009539,0.629888,0.053916,
0.190910,0.014670,0.485496,0.048609,
0.205497,0.018561,-0.142966,0.030329,
0.177262,0.017046,0.019709,0.025576,
0.179644,0.020422,0.027083,0.040259,
0.184450,0.024745,0.065376,0.045339,
0.191013,0.029221,0.065239,0.043913,
0.196097,0.032537,0.038180,0.023809,
0.163289,0.027428,0.033863,0.018798,
0.165358,0.029904,0.009339,0.029392,
0.165983,0.033072,0.003573,0.033435,
0.166380,0.036359,0.004274,0.032095,
0.164457,0.039024,-0.038949,0.021663,
0.178394,0.037245,0.390117,0.001198,
0.223906,0.037405,0.505971,0.001915,
0.275489,0.037570,0.519422,0.001331,
0.322237,0.037534,0.419213,-0.001802,
0.342590,0.037439,0.019093,-0.000234,
0.327834,0.035732,0.012585,0.001164,
0.327779,0.035885,-0.011658,0.001862,
0.325551,0.036044,-0.031067,0.001310,
0.322462,0.036008,-0.030456,-0.001700,
0.315909,0.035918,-0.094625,-0.000211,
TIME: 752.6 - SYSTEM: Plan 159
0.025942,0.000321,0.387191,0.031057,
0.074867,0.004380,0.571135,0.048297,
0.135465,0.009539,0.629887,0.053918,
0.190910,0.014669,0.485495,0.048608,
0.205496,0.018559,-0.142966,0.030329,
0.177262,0.017045,0.019707,0.025575,
0.179644,0.020420,0.027081,0.040263,
0.184449,0.024742,0.065374,0.045339,
0.191012,0.029220,0.065237,0.043912,
0.196096,0.032534,0.038179,0.023786,
0.163289,0.027421,0.033873,0.018813,
0.165359,0.029874,0.009355,0.029426,
0.165984,0.033050,0.003575,0.033486,
0.166382,0.036335,0.004287,0.032145,
0.164462,0.039004,-0.038914,0.021707,
0.178398,0.037226,0.390119,0.001199,
0.223911,0.037387,0.505976,0.001913,
0.275494,0.037547,0.519418,0.001331,
0.322241,0.037508,0.419182,-0.001800,
0.342589,0.037415,0.019010,-0.000229,
0.327833,0.035710,0.012589,0.001164,
0.327778,0.035863,-0.011653,0.001861,
0.325551,0.036018,-0.031063,0.001309,
0.322462,0.035985,-0.030451,-0.001698,
0.315909,0.035896,-0.094622,-0.000209,
TIME: 756.3 - SYSTEM: Plan 160
0.025942,0.000322,0.387193,0.031058,
0.074867,0.004380,0.571138,0.048296,
0.135465,0.009539,0.629890,0.053916,
0.190910,0.014670,0.485497,0.048607,
0.205497,0.018561,-0.142967,0.030328,
0.177262,0.017046,0.019709,0.025571,
0.179644,0.020420,0.027084,0.040259,
0.184450,0.024741,0.065376,0.045338,
0.191013,0.029222,0.065239,0.043915,
0.196097,0.032543,0.038180,0.023843,
0.163289,0.027440,0.033862,0.018772,
0.165358,0.029896,0.009337,0.029361,
0.165982,0.033079,0.003574,0.033401,
0.166379,0.036369,0.004266,0.032062,
0.164455,0.039021,-0.038968,0.021636,
0.178391,0.037242,0.390108,0.001197,
0.223904,0.037400,0.505956,0.001913,
0.275485,0.037564,0.519411,0.001331,
0.322234,0.037528,0.419220,-0.001802,
0.342591,0.037434,0.019145,-0.000233,
0.327835,0.035725,0.012584,0.001169,
0.327780,0.035880,-0.011660,0.001861,
0.325552,0.036040,-0.031070,0.001308,
0.322462,0.036005,-0.030459,-0.001699,
0.315908,0.035917,-0.094627,-0.000213,
TIME: 760.9 - SYSTEM: Plan 161
0.025942,0.000321,0.387192,0.031057,
0.074867,0.004381,0.571137,0.048297,
0.135465,0.009541,0.629888,0.053915,
0.190910,0.014671,0.485496,0.048606,
0.205497,0.018562,-0.142965,0.030327,
0.177262,0.017047,0.019708,0.025573,
0.179644,0.020422,0.027082,0.040262,
0.184450,0.024745,0.065375,0.045340,
0.191013,0.029225,0.065239,0.043914,
0.196097,0.032538,0.038179,0.023814,
0.163289,0.027428,0.033867,0.018790,
0.165358,0.029884,0.009346,0.029394,
0.165983,0.033043,0.003575,0.033441,
0.166381,0.036318,0.004277,0.032109,
0.164458,0.038977,-0.038942,0.021689,
0.178395,0.037201,0.390115,0.001198,
0.223908,0.037360,0.505971,0.001913,
0.275490,0.037522,0.519417,0.001330,
0.322238,0.037480,0.419193,-0.001803,
0.342588,0.037386,0.019051,-0.000231,
0.327832,0.035677,0.012590,0.001167,
0.327778,0.035831,-0.011652,0.001865,
0.325551,0.035987,-0.031062,0.001312,
0.322462,0.035950,-0.030450,-0.001692,
0.315909,0.035859,-0.094621,-0.000203,
TIME: 764.6 - SYSTEM: Plan 162
0.025942,0.000321,0.387191,0.031058,
0.074867,0.004380,0.571136,0.048297,
0.135465,0.009541,0.629888,0.053915,
0.190910,0.014670,0.485495,0.048607,
0.205496,0.018560,-0.142966,0.030327,
0.177261,0.017044,0.019706,0.025571,
0.179643,0.020417,0.027080,0.040262,
0.184449,0.024741,0.065372,0.045340,
0.191012,0.029222,0.065237,0.043915,
0.196095,0.032540,0.038179,0.023838,
0.163289,0.027427,0.033874,0.018780,
0.165359,0.029886,0.009361,0.029373,
0.165985,0.033063,0.003577,0.033418,
0.166382,0.036344,0.004278,0.032080,
0.164460,0.038990,-0.038936,0.021657,
0.178396,0.037213,0.390105,0.001198,
0.223909,0.037372,0.505955,0.001913,
0.275490,0.037534,0.519406,0.001333,
0.322237,0.037495,0.419203,-0.001800,
0.342589,0.037404,0.019105,-0.000230,
0.327833,0.035698,0.012588,0.001167,
0.327779,0.035854,-0.011654,0.001860,
0.325551,0.036008,-0.031064,0.001309,
0.322462,0.035974,-0.030453,-0.001698,
0.315909,0.035884,-0.094623,-0.000210,
TIME: 769 - SYSTEM: Plan 163
0.025942,0.000321,0.387193,0.031056,
0.074867,0.004379,0.571138,0.048297,
0.135465,0.009540,0.629889,0.053916,
0.190910,0.014671,0.485497,0.048608,
0.205497,0.018560,-0.142966,0.030328,
0.177262,0.017047,0.019708,0.025569,
0.179644,0.020422,0.027083,0.040260,
0.184450,0.024746,0.065375,0.045340,
0.191013,0.029221,0.065238,0.043912,
0.196097,0.032540,0.038179,0.023801,
0.163289,0.027426,0.033867,0.018796,
0.165358,0.029897,0.009346,0.029399,
0.165983,0.033069,0.003574,0.033442,
0.166381,0.036371,0.004279,0.032104,
0.164459,0.039033,-0.038935,0.021666,
0.178396,0.037251,0.390116,0.001198,
0.223909,0.037412,0.505969,0.001915,
0.275491,0.037574,0.519420,0.001333,
0.322239,0.037536,0.419208,-0.001799,
0.342590,0.037443,0.019086,-0.000231,
0.327834,0.035734,0.012586,0.001165,
0.327779,0.035887,-0.011657,0.001866,
0.325551,0.036049,-0.031066,0.001311,
0.322462,0.036012,-0.030456,-0.001699,
0.315909,0.035920,-0.094625,-0.000210,
TIME: 774.8 - SYSTEM: Plan 164
0.025942,0.000321,0.387192,0.031057,
0.074867,0.004381,0.571137,0.048297,
0.135465,0.009541,0.629888,0.053916,
0.190910,0.014671,0.485496,0.048607,
0.205497,0.018562,-0.142966,0.030327,
0.177262,0.017047,0.019708,0.025573,
0.179644,0.020417,0.027083,0.040261,
0.184450,0.024740,0.065375,0.045339,
0.191013,0.029220,0.065238,0.043916,
0.196097,0.032544,0.038179,0.023867,
0.163289,0.027434,0.033864,0.018762,
0.165358,0.029893,0.009343,0.029347,
0.165983,0.033082,0.003576,0.033378,
0.166380,0.036366,0.004265,0.032029,
0.164455,0.039018,-0.038974,0.021607,
0.178391,0.037241,0.390105,0.001196,
0.223903,0.037399,0.505951,0.001913,
0.275483,0.037558,0.519411,0.001331,
0.322232,0.037520,0.419237,-0.001799,
0.342592,0.037427,0.019196,-0.000229,
0.327836,0.035718,0.012581,0.001167,
0.327780,0.035876,-0.011664,0.001865,
0.325552,0.036034,-0.031074,0.001312,
0.322462,0.035999,-0.030462,-0.001698,
0.315908,0.035909,-0.094629,-0.000213,
TIME: 779.2 - SYSTEM: Plan 165
0.025942,0.000321,0.387192,0.031057,
0.074867,0.004379,0.571138,0.048298,
0.135465,0.009540,0.629889,0.053916,
0.190910,0.014672,0.485498,0.048608,
0.205497,0.018562,-0.142965,0.030327,
0.177262,0.017049,0.019708,0.025576,
0.179644,0.020420,0.027083,0.040263,
0.184450,0.024746,0.065375,0.045340,
0.191013,0.029225,0.065238,0.043915,
0.196097,0.032543,0.038179,0.023842,
0.163289,0.027440,0.033864,0.018776,
0.165358,0.029895,0.009341,0.029360,
0.165983,0.033072,0.003575,0.033398,
0.166380,0.036347,0.004269,0.032059,
0.164456,0.038997,-0.038963,0.021642,
0.178392,0.037217,0.390107,0.001198,
0.223904,0.037380,0.505957,0.001915,
0.275485,0.037540,0.519411,0.001331,
0.322233,0.037502,0.419217,-0.001800,
0.342590,0.037406,0.019137,-0.000231,
0.327834,0.035697,0.012586,0.001166,
0.327779,0.035854,-0.011657,0.001866,
0.325551,0.036009,-0.031067,0.001313,
0.322462,0.035976,-0.030456,-0.001695,
0.315909,0.035886,-0.094626,-0.000210,
TIME: 783.2 - SYSTEM: Plan 166
0.025942,0.000321,0.387191,0.031058,
0.074867,0.004380,0.571136,0.048297,
0.135465,0.009540,0.629888,0.053916,
0.190910,0.014670,0.485496,0.048607,
0.205497,0.018561,-0.142965,0.030328,
0.177262,0.017047,0.019708,0.025572,
0.179644,0.020423,0.027083,0.040262,
0.184450,0.024746,0.065375,0.045339,
0.191013,0.029220,0.065238,0.043912,
0.196097,0.032537,0.038179,0.023788,
0.163289,0.027430,0.033866,0.018807,
0.165358,0.029895,0.009343,0.029414,
0.165983,0.033085,0.003574,0.033457,
0.166381,0.036375,0.004281,0.032111,
0.164459,0.039037,-0.038932,0.021669,
0.178395,0.037258,0.390118,0.001197,
0.223909,0.037417,0.505972,0.001914,
0.275491,0.037573,0.519422,0.001332,
0.322239,0.037539,0.419209,-0.001799,
0.342591,0.037442,0.019077,-0.000228,
0.327835,0.035734,0.012585,0.001166,
0.327780,0.035889,-0.011659,0.001862,
0.325552,0.036048,-0.031069,0.001309,
0.322462,0.036016,-0.030458,-0.001700,
0.315909,0.035925,-0.094626,-0.000212,
TIME: 786.8 - SYSTEM: Plan 167
0.025942,0.000321,0.387193,0.031058,
0.074867,0.004379,0.571138,0.048297,
0.135465,0.009539,0.629889,0.053915,
0.190910,0.014669,0.485497,0.048608,
0.205497,0.018560,-0.142966,0.030329,
0.177262,0.017045,0.019709,0.025573,
0.179644,0.020415,0.027083,0.040262,
0.184450,0.024739,0.065376,0.045341,
0.191013,0.029218,0.065239,0.043914,
0.196097,0.032534,0.038180,0.023829,
0.163289,0.027424,0.033861,0.018787,
0.165357,0.029889,0.009335,0.029380,
0.165982,0.033054,0.003573,0.033417,
0.166379,0.036356,0.004268,0.032080,
0.164455,0.039008,-0.038965,0.021656,
0.178392,0.037227,0.390118,0.001197,
0.223905,0.037385,0.505973,0.001916,
0.275488,0.037546,0.519426,0.001335,
0.322236,0.037509,0.419219,-0.001796,
0.342590,0.037411,0.019110,-0.000225,
0.327834,0.035704,0.012585,0.001166,
0.327779,0.035862,-0.011658,0.001867,
0.325551,0.036023,-0.031067,0.001312,
0.322462,0.035990,-0.030456,-0.001699,
0.315909,0.035899,-0.094625,-0.000215,
TIME: 790.7 - SYSTEM: Plan 168
0.025942,0.000321,0.387192,0.031058,
0.074867,0.004379,0.571137,0.048298,
0.135465,0.009539,0.629889,0.053917,
0.190910,0.014670,0.485496,0.048609,
0.205497,0.018560,-0.142966,0.030329,
0.177262,0.017046,0.019709,0.025573,
0.179644,0.020416,0.027083,0.040261,
0.184450,0.024739,0.065376,0.045338,
0.191013,0.029219,0.065239,0.043916,
0.196097,0.032535,0.038180,0.023839,
0.163289,0.027428,0.033863,0.018776,
0.165358,0.029887,0.009339,0.029369,
0.165982,0.033064,0.003574,0.033409,
0.166379,0.036349,0.004268,0.032063,
0.164455,0.039008,-0.038965,0.021644,
0.178392,0.037230,0.390112,0.001198,
0.223904,0.037391,0.505962,0.001915,
0.275487,0.037551,0.519417,0.001333,
0.322235,0.037512,0.419220,-0.001800,
0.342591,0.037418,0.019132,-0.000229,
0.327834,0.035712,0.012585,0.001164,
0.327780,0.035865,-0.011658,0.001859,
0.325552,0.036023,-0.031068,0.001307,
0.322462,0.035990,-0.030457,-0.001700,
0.315909,0.035897,-0.094626,-0.000212,
TIME: 795.8 - SYSTEM: Plan 169
0.025942,0.000321,0.387192,0.031058,
0.074867,0.004380,0.571137,0.048297,
0.135465,0.009539,0.629888,0.053916,
0.190910,0.014669,0.485496,0.048608,
0.205497,0.018560,-0.142965,0.030329,
0.177262,0.017044,0.019708,0.025571,
0.179644,0.020416,0.027082,0.040261,
0.184450,0.024741,0.065375,0.045340,
0.191013,0.029222,0.065238,0.043915,
0.196097,0.032540,0.038179,0.023832,
0.163289,0.027426,0.033866,0.018785,
0.165358,0.029886,0.009346,0.029382,
0.165983,0.033049,0.003574,0.033421,
0.166380,0.036333,0.004272,0.032086,
0.164457,0.038995,-0.038952,0.021663,
0.178394,0.037221,0.390113,0.001198,
0.223906,0.037380,0.505967,0.001913,
0.275489,0.037543,0.519418,0.001329,
0.322237,0.037505,0.419209,-0.001803,
0.342589,0.037409,0.019096,-0.000234,
0.327833,0.035701,0.012586,0.001165,
0.327779,0.035853,-0.011657,0.001865,
0.325551,0.036012,-0.031067,0.001315,
0.322462,0.035980,-0.030455,-0.001694,
0.315909,0.035888,-0.094624,-0.000208,
TIME: 801.8 - SYSTEM: Plan 170
0.025942,0.000321,0.387192,0.031057,
0.074867,0.004380,0.571137,0.048296,
0.135465,0.009541,0.629889,0.053915,
0.190910,0.014671,0.485496,0.048607,
0.205496,0.018562,-0.142966,0.030327,
0.177262,0.017048,0.019708,0.025573,
0.179644,0.020421,0.027082,0.040258,
0.184450,0.024745,0.065374,0.045339,
0.191013,0.029227,0.065238,0.043911,
0.196096,0.032543,0.038179,0.023777,
0.163289,0.027429,0.033869,0.018806,
0.165358,0.029906,0.009348,0.029420,
0.165983,0.033080,0.003574,0.033464,
0.166381,0.036370,0.004286,0.032133,
0.164460,0.039036,-0.038919,0.021693,
0.178397,0.037256,0.390119,0.001198,
0.223911,0.037413,0.505975,0.001915,
0.275493,0.037575,0.519421,0.001335,
0.322239,0.037541,0.419193,-0.001799,
0.342589,0.037445,0.019037,-0.000229,
0.327833,0.035734,0.012588,0.001164,
0.327778,0.035888,-0.011654,0.001865,
0.325551,0.036047,-0.031063,0.001311,
0.322462,0.036010,-0.030453,-0.001697,
0.315909,0.035919,-0.094623,-0.000206,
TIME: 805.7 - SYSTEM: Plan 171
0.025942,0.000321,0.387192,0.031057,
0.074867,0.004381,0.571137,0.048297,
0.135465,0.009540,0.629888,0.053916,
0.190910,0.014670,0.485496,0.048607,
0.205497,0.018561,-0.142967,0.030328,
0.177262,0.017048,0.019708,0.025572,
0.179644,0.020421,0.027082,0.040261,
0.184450,0.024745,0.065375,0.045339,
0.191013,0.029225,0.065238,0.043915,
0.196097,0.032538,0.038180,0.023824,
0.163289,0.027425,0.033864,0.018787,
0.165358,0.029894,0.009342,0.029386,
0.165983,0.033062,0.003574,0.033426,
0.166380,0.036364,0.004272,0.032080,
0.164457,0.039016,-0.038953,0.021652,
0.178393,0.037237,0.390113,0.001196,
0.223906,0.037393,0.505963,0.001912,
0.275488,0.037555,0.519416,0.001333,
0.322235,0.037524,0.419215,-0.001798,
0.342591,0.037429,0.019114,-0.000229,
0.327835,0.035719,0.012584,0.001166,
0.327780,0.035880,-0.011660,0.001866,
0.325552,0.036040,-0.031069,0.001308,
0.322462,0.036004,-0.030458,-0.001703,
0.315908,0.035915,-0.094626,-0.000215,
TIME: 809.6 - SYSTEM: Plan 172
0.025942,0.000321,0.387192,0.031058,
0.074867,0.004379,0.571136,0.048298,
0.135465,0.009539,0.629888,0.053918,
0.190910,0.014670,0.485496,0.048609,
0.205496,0.018561,-0.142966,0.030329,
0.177262,0.017047,0.019707,0.025572,
0.179644,0.020415,0.027081,0.040259,
0.184450,0.024741,0.065373,0.045341,
0.191012,0.029223,0.065237,0.043914,
0.196096,0.032540,0.038179,0.023830,
0.163289,0.027427,0.033870,0.018786,
0.165358,0.029880,0.009353,0.029374,
0.165984,0.033057,0.003576,0.033425,
0.166381,0.036359,0.004276,0.032080,
0.164459,0.039013,-0.038942,0.021651,
0.178395,0.037236,0.390104,0.001197,
0.223907,0.037391,0.505953,0.001914,
0.275488,0.037553,0.519405,0.001332,
0.322236,0.037514,0.419206,-0.001800,
0.342590,0.037419,0.019114,-0.000228,
0.327834,0.035710,0.012586,0.001167,
0.327780,0.035868,-0.011658,0.001864,
0.325551,0.036023,-0.031067,0.001313,
0.322462,0.035989,-0.030456,-0.001697,
0.315909,0.035897,-0.094626,-0.000210,
TIME: 813.6 - SYSTEM: Plan 173
0.025942,0.000321,0.387192,0.031057,
0.074867,0.004381,0.571137,0.048297,
0.135465,0.009540,0.629888,0.053916,
0.190910,0.014669,0.485496,0.048607,
0.205496,0.018559,-0.142966,0.030328,
0.177262,0.017045,0.019708,0.025575,
0.179644,0.020420,0.027082,0.040263,
0.184450,0.024741,0.065374,0.045338,
0.191013,0.029220,0.065238,0.043913,
0.196096,0.032534,0.038179,0.023792,
0.163289,0.027421,0.033869,0.018803,
0.165358,0.029881,0.009348,0.029418,
0.165984,0.033052,0.003574,0.033468,
0.166381,0.036341,0.004282,0.032134,
0.164460,0.039006,-0.038927,0.021700,
0.178397,0.037225,0.390122,0.001196,
0.223910,0.037388,0.505979,0.001915,
0.275494,0.037552,0.519424,0.001333,
0.322240,0.037515,0.419191,-0.001803,
0.342588,0.037422,0.019026,-0.000234,
0.327832,0.035714,0.012589,0.001165,
0.327778,0.035872,-0.011653,0.001865,
0.325551,0.036029,-0.031062,0.001307,
0.322462,0.035994,-0.030451,-0.001699,
0.315909,0.035903,-0.094622,-0.000211,
TIME: 817.3 - SYSTEM: Plan 174
0.025942,0.000321,0.387192,0.031058,
0.074867,0.004380,0.571137,0.048299,
0.135465,0.009539,0.629888,0.053917,
0.190910,0.014669,0.485496,0.048609,
0.205497,0.018560,-0.142967,0.030329,
0.177262,0.017045,0.019708,0.025569,
0.179644,0.020420,0.027083,0.040262,
0.184450,0.024736,0.065375,0.045339,
0.191013,0.029222,0.065238,0.043916,
0.196097,0.032539,0.038180,0.023846,
0.163289,0.027426,0.033865,0.018775,
0.165358,0.029909,0.009344,0.029358,
0.165983,0.033070,0.003575,0.033393,
0.166380,0.036344,0.004269,0.032055,
0.164456,0.039005,-0.038962,0.021635,
0.178393,0.037227,0.390107,0.001198,
0.223904,0.037388,0.505956,0.001915,
0.275486,0.037551,0.519412,0.001333,
0.322233,0.037512,0.419220,-0.001800,
0.342590,0.037416,0.019147,-0.000231,
0.327834,0.035710,0.012585,0.001166,
0.327779,0.035866,-0.011658,0.001861,
0.325551,0.036023,-0.031068,0.001307,
0.322462,0.035988,-0.030457,-0.001700,
0.315908,0.035898,-0.094626,-0.000213,
TIME: 820.9 - SYSTEM: Plan 175
0.025942,0.000321,0.387193,0.031057,
0.074868,0.004380,0.571139,0.048297,
0.135465,0.009540,0.629890,0.053916,
0.190910,0.014670,0.485498,0.048607,
0.205497,0.018561,-0.142965,0.030327,
0.177262,0.017049,0.019709,0.025574,
0.179644,0.020418,0.027083,0.040261,
0.184450,0.024738,0.065376,0.045342,
0.191013,0.029219,0.065239,0.043915,
0.196097,0.032531,0.038180,0.023838,
0.163289,0.027421,0.033861,0.018775,
0.165358,0.029886,0.009336,0.029373,
0.165982,0.033057,0.003574,0.033409,
0.166379,0.036346,0.004267,0.032068,
0.164455,0.038995,-0.038968,0.021645,
0.178392,0.037216,0.390112,0.001199,
0.223904,0.037379,0.505962,0.001913,
0.275486,0.037536,0.519417,0.001331,
0.322235,0.037500,0.419219,-0.001798,
0.342591,0.037409,0.019130,-0.000229,
0.327835,0.035701,0.012585,0.001166,
0.327780,0.035856,-0.011658,0.001865,
0.325552,0.036013,-0.031068,0.001313,
0.322462,0.035982,-0.030457,-0.001695,
0.315908,0.035893,-0.094626,-0.000210,
TIME: 824.4 - SYSTEM: Plan 176
0.025942,0.000321,0.387193,0.031058,
0.074868,0.004381,0.571139,0.048296,
0.135465,0.009540,0.629890,0.053916,
0.190910,0.014670,0.485498,0.048607,
0.205497,0.018560,-0.142966,0.030328,
0.177262,0.017044,0.019710,0.025571,
0.179644,0.020417,0.027085,0.040262,
0.184451,0.024741,0.065377,0.045340,
0.191014,0.029222,0.065240,0.043915,
0.196098,0.032540,0.038180,0.023838,
0.163289,0.027433,0.033859,0.018781,
0.165357,0.029904,0.009333,0.029371,
0.165982,0.033072,0.003573,0.033396,
0.166379,0.036359,0.004265,0.032063,
0.164454,0.039030,-0.038972,0.021634,
0.178391,0.037251,0.390112,0.001199,
0.223902,0.037406,0.505961,0.001914,
0.275484,0.037568,0.519419,0.001331,
0.322234,0.037532,0.419227,-0.001799,
0.342591,0.037435,0.019148,-0.000229,
0.327835,0.035725,0.012583,0.001167,
0.327780,0.035878,-0.011661,0.001866,
0.325552,0.036035,-0.031071,0.001312,
0.322462,0.036001,-0.030460,-0.001694,
0.315908,0.035914,-0.094627,-0.000207,
TIME: 828 - SYSTEM: Plan 177
0.025942,0.000322,0.387192,0.031058,
0.074867,0.004380,0.571138,0.048297,
0.135465,0.009540,0.629889,0.053915,
0.190910,0.014670,0.485497,0.048607,
0.205497,0.018561,-0.142966,0.030328,
0.177262,0.017047,0.019709,0.025578,
0.179644,0.020418,0.027084,0.040259,
0.184450,0.024740,0.065376,0.045339,
0.191013,0.029217,0.065239,0.043912,
0.196097,0.032529,0.038180,0.023785,
0.163289,0.027416,0.033863,0.018811,
0.165358,0.029890,0.009336,0.029423,
0.165982,0.033061,0.003572,0.033470,
0.166380,0.036345,0.004278,0.032133,
0.164457,0.039007,-0.038939,0.021693,
0.178394,0.037229,0.390123,0.001199,
0.223909,0.037387,0.505981,0.001915,
0.275492,0.037550,0.519427,0.001334,
0.322239,0.037512,0.419198,-0.001799,
0.342590,0.037422,0.019037,-0.000231,
0.327834,0.035714,0.012586,0.001168,
0.327779,0.035874,-0.011657,0.001864,
0.325551,0.036035,-0.031067,0.001307,
0.322462,0.036003,-0.030456,-0.001705,
0.315909,0.035908,-0.094624,-0.000216,
TIME: 831.8 - SYSTEM: Plan 178
0.025942,0.000322,0.387193,0.031058,
0.074868,0.004381,0.571138,0.048298,
0.135465,0.009539,0.629890,0.053917,
0.190910,0.014670,0.485497,0.048609,
0.205497,0.018560,-0.142967,0.030329,
0.177262,0.017046,0.019710,0.025573,
0.179644,0.020416,0.027084,0.040262,
0.184451,0.024741,0.065377,0.045340,
0.191014,0.029218,0.065240,0.043916,
0.196098,0.032532,0.038180,0.023838,
0.163289,0.027422,0.033859,0.018782,
0.165357,0.029890,0.009331,0.029367,
0.165982,0.033047,0.003573,0.033414,
0.166378,0.036336,0.004265,0.032075,
0.164454,0.038990,-0.038974,0.021659,
0.178391,0.037212,0.390118,0.001196,
0.223904,0.037373,0.505974,0.001914,
0.275487,0.037535,0.519425,0.001331,
0.322236,0.037498,0.419218,-0.001802,
0.342590,0.037405,0.019108,-0.000234,
0.327834,0.035699,0.012586,0.001167,
0.327779,0.035850,-0.011657,0.001863,
0.325551,0.036008,-0.031066,0.001310,
0.322462,0.035976,-0.030456,-0.001695,
0.315909,0.035886,-0.094624,-0.000209,
TIME: 835.8 - SYSTEM: Plan 179
0.025942,0.000322,0.387192,0.031057,
0.074867,0.004381,0.571137,0.048297,
0.135465,0.009540,0.629889,0.053915,
0.190910,0.014670,0.485496,0.048606,
0.205497,0.018561,-0.142966,0.030327,
0.177262,0.017046,0.019708,0.025576,
0.179644,0.020422,0.027083,0.040259,
0.184450,0.024745,0.065376,0.045339,
0.191013,0.029221,0.065239,0.043913,
0.196097,0.032537,0.038180,0.023803,
0.163289,0.027427,0.033861,0.018802,
0.165358,0.029880,0.009335,0.029401,
0.165982,0.033057,0.003572,0.033452,
0.166379,0.036348,0.004274,0.032116,
0.164456,0.039018,-0.038950,0.021683,
0.178394,0.037241,0.390125,0.001199,
0.223907,0.037396,0.505983,0.001913,
0.275491,0.037556,0.519430,0.001331,
0.322239,0.037519,0.419207,-0.001800,
0.342589,0.037426,0.019059,-0.000228,
0.327833,0.035716,0.012587,0.001166,
0.327779,0.035869,-0.011656,0.001865,
0.325551,0.036026,-0.031065,0.001314,
0.322462,0.035992,-0.030455,-0.001694,
0.315909,0.035905,-0.094624,-0.000206,
TIME: 839.3 - SYSTEM: Plan 180
0.025942,0.000321,0.387191,0.031057,
0.074867,0.004380,0.571136,0.048297,
0.135465,0.009540,0.629887,0.053916,
0.190910,0.014670,0.485495,0.048607,
0.205496,0.018560,-0.142966,0.030328,
0.177262,0.017044,0.019707,0.025573,
0.179644,0.020415,0.027081,0.040259,
0.184450,0.024738,0.065374,0.045340,
0.191012,0.029220,0.065237,0.043916,
0.196096,0.032538,0.038179,0.023845,
0.163289,0.027428,0.033869,0.018776,
0.165358,0.029902,0.009352,0.029365,
0.165984,0.033064,0.003577,0.033396,
0.166381,0.036349,0.004273,0.032053,
0.164458,0.039003,-0.038951,0.021636,
0.178394,0.037224,0.390102,0.001199,
0.223906,0.037384,0.505949,0.001915,
0.275487,0.037544,0.519405,0.001334,
0.322234,0.037509,0.419215,-0.001798,
0.342591,0.037414,0.019145,-0.000229,
0.327834,0.035708,0.012584,0.001166,
0.327780,0.035862,-0.011660,0.001864,
0.325551,0.036021,-0.031070,0.001310,
0.322462,0.035990,-0.030458,-0.001699,
0.315909,0.035898,-0.094626,-0.000213,
TIME: 843.1 - SYSTEM: Plan 181
0.025942,0.000322,0.387192,0.031057,
0.074867,0.004381,0.571136,0.048297,
0.135465,0.009540,0.629888,0.053914,
0.190910,0.014670,0.485497,0.048606,
0.205497,0.018560,-0.142965,0.030327,
0.177262,0.017047,0.019708,0.025573,
0.179644,0.020421,0.027083,0.040260,
0.184450,0.024747,0.065375,0.045339,
0.191013,0.029221,0.065238,0.043914,
0.196097,0.032536,0.038179,0.023812,
0.163289,0.027423,0.033866,0.018790,
0.165358,0.029885,0.009345,0.029395,
0.165983,0.033068,0.003575,0.033436,
0.166380,0.036359,0.004277,0.032096,
0.164458,0.039017,-0.038943,0.021664,
0.178394,0.037239,0.390115,0.001198,
0.223908,0.037397,0.505968,0.001912,
0.275490,0.037556,0.519418,0.001334,
0.322237,0.037523,0.419208,-0.001799,
0.342590,0.037427,0.019091,-0.000230,
0.327834,0.035717,0.012586,0.001165,
0.327779,0.035874,-0.011657,0.001863,
0.325551,0.036033,-0.031067,0.001309,
0.322462,0.035996,-0.030456,-0.001700,
0.315909,0.035906,-0.094625,-0.000210,
TIME: 847.2 - SYSTEM: Plan 182
0.025942,0.000322,0.387191,0.031056,
0.074867,0.004380,0.571135,0.048297,
0.135465,0.009539,0.629886,0.053916,
0.190910,0.014670,0.485495,0.048609,
0.205496,0.018560,-0.142966,0.030329,
0.177261,0.017045,0.019707,0.025571,
0.179644,0.020420,0.027081,0.040266,
0.184449,0.024746,0.065374,0.045340,
0.191012,0.029229,0.065238,0.043911,
0.196096,0.032542,0.038179,0.023774,
0.163289,0.027432,0.033874,0.018817,
0.165359,0.029894,0.009357,0.029434,
0.165984,0.033081,0.003575,0.033476,
0.166383,0.036360,0.004290,0.032141,
0.164463,0.039023,-0.038906,0.021699,
0.178399,0.037244,0.390116,0.001198,
0.223912,0.037405,0.505971,0.001914,
0.275494,0.037564,0.519416,0.001332,
0.322240,0.037525,0.419185,-0.001802,
0.342589,0.037433,0.019023,-0.000230,
0.327833,0.035723,0.012589,0.001166,
0.327779,0.035873,-0.011654,0.001865,
0.325551,0.036033,-0.031063,0.001315,
0.322462,0.035993,-0.030452,-0.001692,
0.315909,0.035905,-0.094623,-0.000201,
TIME: 851.1 - SYSTEM: Plan 183
0.025942,0.000321,0.387193,0.031057,
0.074868,0.004380,0.571139,0.048296,
0.135465,0.009540,0.629890,0.053915,
0.190910,0.014671,0.485497,0.048607,
0.205497,0.018562,-0.142967,0.030327,
0.177262,0.017046,0.019710,0.025574,
0.179644,0.020422,0.027085,0.040262,
0.184451,0.024745,0.065378,0.045339,
0.191014,0.029223,0.065240,0.043915,
0.196098,0.032538,0.038180,0.023820,
0.163290,0.027425,0.033859,0.018785,
0.165357,0.029888,0.009332,0.029392,
0.165982,0.033062,0.003573,0.033436,
0.166379,0.036337,0.004269,0.032098,
0.164455,0.038990,-0.038964,0.021674,
0.178392,0.037212,0.390120,0.001200,
0.223906,0.037371,0.505975,0.001914,
0.275489,0.037534,0.519425,0.001335,
0.322238,0.037498,0.419208,-0.001801,
0.342590,0.037407,0.019078,-0.000231,
0.327834,0.035701,0.012587,0.001165,
0.327779,0.035855,-0.011656,0.001860,
0.325551,0.036013,-0.031065,0.001307,
0.322462,0.035982,-0.030455,-0.001700,
0.315909,0.035891,-0.094624,-0.000213,
TIME: 854.9 - SYSTEM: Plan 184
0.025942,0.000321,0.387192,0.031056,
0.074867,0.004380,0.571137,0.048296,
0.135465,0.009539,0.629889,0.053915,
0.190910,0.014668,0.485496,0.048608,
0.205497,0.018559,-0.142966,0.030329,
0.177262,0.017043,0.019708,0.025574,
0.179644,0.020419,0.027082,0.040261,
0.184450,0.024739,0.065375,0.045338,
0.191013,0.029220,0.065239,0.043915,
0.196097,0.032539,0.038179,0.023827,
0.163289,0.027423,0.033866,0.018781,
0.165358,0.029888,0.009345,0.029384,
0.165983,0.033063,0.003575,0.033429,
0.166380,0.036365,0.004273,0.032091,
0.164457,0.039030,-0.038951,0.021655,
0.178394,0.037250,0.390115,0.001199,
0.223906,0.037411,0.505966,0.001912,
0.275488,0.037572,0.519418,0.001332,
0.322236,0.037534,0.419213,-0.001803,
0.342590,0.037440,0.019106,-0.000233,
0.327834,0.035732,0.012585,0.001165,
0.327780,0.035890,-0.011658,0.001864,
0.325552,0.036046,-0.031068,0.001312,
0.322462,0.036013,-0.030457,-0.001698,
0.315909,0.035923,-0.094626,-0.000213,
TIME: 858.8 - SYSTEM: Plan 185
0.025942,0.000322,0.387191,0.031058,
0.074867,0.004380,0.571136,0.048297,
0.135465,0.009542,0.629887,0.053916,
0.190910,0.014672,0.485495,0.048606,
0.205496,0.018561,-0.142966,0.030327,
0.177262,0.017046,0.019708,0.025573,
0.179644,0.020416,0.027082,0.040260,
0.184450,0.024740,0.065374,0.045341,
0.191013,0.029223,0.065238,0.043913,
0.196096,0.032538,0.038179,0.023818,
0.163289,0.027427,0.033870,0.018787,
0.165358,0.029893,0.009351,0.029378,
0.165984,0.033072,0.003575,0.033423,
0.166381,0.036357,0.004278,0.032083,
0.164459,0.039018,-0.038937,0.021653,
0.178395,0.037239,0.390104,0.001199,
0.223907,0.037397,0.505953,0.001913,
0.275488,0.037557,0.519404,0.001332,
0.322235,0.037523,0.419204,-0.001800,
0.342590,0.037430,0.019111,-0.000229,
0.327834,0.035721,0.012586,0.001164,
0.327779,0.035876,-0.011657,0.001864,
0.325551,0.036035,-0.031067,0.001310,
0.322462,0.035999,-0.030456,-0.001699,
0.315909,0.035908,-0.094625,-0.000210,
TIME: 862.6 - SYSTEM: Plan 186
0.025942,0.000321,0.387194,0.031057,
0.074868,0.004380,0.571139,0.048296,
0.135465,0.009540,0.629891,0.053914,
0.190910,0.014671,0.485498,0.048605,
0.205497,0.018561,-0.142966,0.030326,
0.177262,0.017050,0.019710,0.025574,
0.179644,0.020417,0.027085,0.040262,
0.184451,0.024739,0.065378,0.045342,
0.191014,0.029220,0.065240,0.043915,
0.196098,0.032532,0.038180,0.023831,
0.163290,0.027416,0.033856,0.018787,
0.165357,0.029874,0.009326,0.029387,
0.165981,0.033050,0.003572,0.033427,
0.166378,0.036328,0.004264,0.032090,
0.164453,0.038984,-0.038977,0.021669,
0.178390,0.037206,0.390122,0.001198,
0.223904,0.037366,0.505978,0.001914,
0.275487,0.037527,0.519429,0.001333,
0.322236,0.037488,0.419215,-0.001800,
0.342590,0.037400,0.019089,-0.000231,
0.327834,0.035691,0.012586,0.001166,
0.327779,0.035843,-0.011657,0.001866,
0.325551,0.036002,-0.031067,0.001312,
0.322462,0.035972,-0.030456,-0.001695,
0.315909,0.035881,-0.094625,-0.000209,
TIME: 866 - SYSTEM: Plan 187
0.025942,0.000321,0.387192,0.031057,
0.074868,0.004380,0.571137,0.048296,
0.135465,0.009539,0.629889,0.053915,
0.190910,0.014670,0.485496,0.048607,
0.205497,0.018561,-0.142966,0.030328,
0.177262,0.017044,0.019708,0.025574,
0.179644,0.020421,0.027083,0.040259,
0.184450,0.024742,0.065375,0.045339,
0.191013,0.029223,0.065238,0.043911,
0.196097,0.032538,0.038179,0.023767,
0.163289,0.027428,0.033866,0.018819,
0.165358,0.029892,0.009341,0.029433,
0.165983,0.033075,0.003573,0.033481,
0.166380,0.036389,0.004284,0.032145,
0.164459,0.039041,-0.038923,0.021693,
0.178397,0.037263,0.390121,0.001198,
0.223910,0.037422,0.505978,0.001912,
0.275493,0.037581,0.519424,0.001331,
0.322241,0.037544,0.419196,-0.001802,
0.342590,0.037449,0.019033,-0.000231,
0.327834,0.035739,0.012585,0.001166,
0.327779,0.035897,-0.011658,0.001864,
0.325552,0.036057,-0.031068,0.001309,
0.322462,0.036024,-0.030456,-0.001701,
0.315909,0.035937,-0.094625,-0.000214,
TIME: 869.6 - SYSTEM: Plan 188
0.025942,0.000322,0.387192,0.031057,
0.074867,0.004381,0.571137,0.048298,
0.135465,0.009541,0.629889,0.053916,
0.190910,0.014671,0.485496,0.048606,
0.205497,0.018562,-0.142967,0.030327,
0.177262,0.017049,0.019708,0.025570,
0.179644,0.020418,0.027083,0.040261,
0.184450,0.024747,0.065375,0.045339,
0.191013,0.029231,0.065238,0.043913,
0.196097,0.032546,0.038180,0.023817,
0.163289,0.027430,0.033866,0.018788,
0.165358,0.029886,0.009344,0.029386,
0.165983,0.033060,0.003574,0.033428,
0.166380,0.036341,0.004275,0.032096,
0.164457,0.039014,-0.038946,0.021670,
0.178394,0.037237,0.390114,0.001198,
0.223907,0.037396,0.505968,0.001915,
0.275489,0.037557,0.519418,0.001330,
0.322236,0.037521,0.419204,-0.001803,
0.342589,0.037425,0.019084,-0.000233,
0.327833,0.035716,0.012588,0.001166,
0.327779,0.035868,-0.011655,0.001865,
0.325551,0.036027,-0.031064,0.001313,
0.322462,0.035993,-0.030454,-0.001694,
0.315909,0.035904,-0.094623,-0.000207,
TIME: 873.1 - SYSTEM: Plan 189
0.025942,0.000321,0.387192,0.031057,
0.074868,0.004379,0.571137,0.048297,
0.135465,0.009538,0.629889,0.053916,
0.190910,0.014669,0.485497,0.048609,
0.205497,0.018560,-0.142966,0.030329,
0.177262,0.017044,0.019709,0.025571,
0.179644,0.020417,0.027083,0.040263,
0.184450,0.024741,0.065376,0.045339,
0.191013,0.029222,0.065239,0.043915,
0.196097,0.032540,0.038180,0.023838,
0.163289,0.027427,0.033861,0.018781,
0.165358,0.029890,0.009335,0.029365,
0.165982,0.033055,0.003573,0.033408,
0.166379,0.036354,0.004266,0.032075,
0.164454,0.039004,-0.038969,0.021648,
0.178392,0.037227,0.390116,0.001197,
0.223905,0.037384,0.505970,0.001911,
0.275487,0.037544,0.519424,0.001330,
0.322235,0.037510,0.419222,-0.001800,
0.342590,0.037414,0.019125,-0.000231,
0.327834,0.035707,0.012585,0.001165,
0.327779,0.035864,-0.011658,0.001862,
0.325551,0.036017,-0.031068,0.001310,
0.322462,0.035983,-0.030457,-0.001697,
0.315909,0.035893,-0.094625,-0.000209,
TIME: 876.5 - SYSTEM: Plan 190
0.025942,0.000321,0.387192,0.031058,
0.074867,0.004380,0.571137,0.048299,
0.135465,0.009539,0.629888,0.053918,
0.190910,0.014669,0.485496,0.048609,
0.205497,0.018559,-0.142966,0.030329,
0.177262,0.017045,0.019708,0.025574,
0.179644,0.020416,0.027082,0.040260,
0.184450,0.024743,0.065375,0.045342,
0.191013,0.029217,0.065239,0.043911,
0.196097,0.032534,0.038179,0.023773,
0.163289,0.027424,0.033868,0.018820,
0.165358,0.029885,0.009346,0.029437,
0.165983,0.033059,0.003574,0.033476,
0.166381,0.036347,0.004285,0.032145,
0.164460,0.039025,-0.038921,0.021708,
0.178397,0.037244,0.390122,0.001198,
0.223911,0.037407,0.505980,0.001913,
0.275495,0.037565,0.519425,0.001330,
0.322241,0.037529,0.419187,-0.001804,
0.342589,0.037434,0.019010,-0.000232,
0.327833,0.035728,0.012588,0.001166,
0.327778,0.035881,-0.011654,0.001863,
0.325551,0.036038,-0.031064,0.001311,
0.322462,0.036005,-0.030452,-0.001699,
0.315909,0.035920,-0.094622,-0.000210,
TIME: 881 - SYSTEM: Plan 191
0.025942,0.000321,0.387192,0.031057,
0.074867,0.004381,0.571137,0.048296,
0.135465,0.009540,0.629888,0.053915,
0.190910,0.014670,0.485495,0.048607,
0.205496,0.018561,-0.142967,0.030328,
0.177262,0.017044,0.019708,0.025574,
0.179644,0.020422,0.027082,0.040263,
0.184450,0.024741,0.065374,0.045338,
0.191013,0.029221,0.065238,0.043913,
0.196096,0.032538,0.038179,0.023813,
0.163289,0.027425,0.033869,0.018794,
0.165358,0.029891,0.009350,0.029396,
0.165984,0.033066,0.003575,0.033432,
0.166381,0.036343,0.004278,0.032091,
0.164459,0.039024,-0.038936,0.021667,
0.178396,0.037243,0.390110,0.001199,
0.223907,0.037408,0.505962,0.001915,
0.275489,0.037570,0.519413,0.001330,
0.322236,0.037534,0.419203,-0.001803,
0.342590,0.037438,0.019087,-0.000234,
0.327834,0.035729,0.012586,0.001165,
0.327779,0.035882,-0.011658,0.001863,
0.325551,0.036039,-0.031067,0.001313,
0.322462,0.036006,-0.030456,-0.001695,
0.315909,0.035918,-0.094624,-0.000207,
TIME: 885.1 - SYSTEM: Plan 192
0.025942,0.000321,0.387191,0.031057,
0.074867,0.004380,0.571136,0.048297,
0.135465,0.009539,0.629888,0.053916,
0.190910,0.014670,0.485496,0.048607,
0.205496,0.018561,-0.142966,0.030328,
0.177262,0.017047,0.019707,0.025578,
0.179644,0.020418,0.027081,0.040259,
0.184449,0.024740,0.065373,0.045339,
0.191012,0.029217,0.065238,0.043912,
0.196096,0.032529,0.038179,0.023785,
0.163289,0.027416,0.033874,0.018811,
0.165359,0.029889,0.009358,0.029422,
0.165984,0.033058,0.003575,0.033471,
0.166383,0.036345,0.004288,0.032135,
0.164462,0.039007,-0.038911,0.021694,
0.178399,0.037228,0.390113,0.001198,
0.223912,0.037387,0.505967,0.001915,
0.275494,0.037549,0.519412,0.001332,
0.322240,0.037511,0.419185,-0.001800,
0.342589,0.037421,0.019033,-0.000230,
0.327833,0.035711,0.012588,0.001167,
0.327779,0.035867,-0.011654,0.001867,
0.325551,0.036019,-0.031064,0.001314,
0.322462,0.035987,-0.030453,-0.001695,
0.315909,0.035893,-0.094623,-0.000204,
TIME: 889.6 - SYSTEM: Plan 193
0.025942,0.000321,0.387191,0.031057,
0.074867,0.004380,0.571135,0.048297,
0.135465,0.009538,0.629887,0.053916,
0.190910,0.014669,0.485495,0.048608,
0.205496,0.018558,-0.142966,0.030329,
0.177262,0.017045,0.019707,0.025573,
0.179644,0.020419,0.027081,0.040261,
0.184450,0.024747,0.065374,0.045337,
0.191013,0.029220,0.065238,0.043912,
0.196096,0.032535,0.038179,0.023768,
0.163289,0.027422,0.033872,0.018822,
0.165358,0.029902,0.009353,0.029436,
0.165984,0.033081,0.003574,0.033478,
0.166382,0.036368,0.004289,0.032137,
0.164462,0.039025,-0.038908,0.021696,
0.178399,0.037248,0.390117,0.001198,
0.223911,0.037412,0.505971,0.001914,
0.275493,0.037573,0.519418,0.001332,
0.322240,0.037536,0.419189,-0.001806,
0.342589,0.037443,0.019029,-0.000236,
0.327834,0.035736,0.012587,0.001166,
0.327779,0.035889,-0.011655,0.001865,
0.325551,0.036045,-0.031065,0.001311,
0.322462,0.036013,-0.030454,-0.001696,
0.315909,0.035920,-0.094624,-0.000207,
TIME: 893.4 - SYSTEM: Plan 194
0.025942,0.000321,0.387193,0.031057,
0.074868,0.004381,0.571139,0.048297,
0.135465,0.009541,0.629890,0.053915,
0.190910,0.014672,0.485497,0.048606,
0.205497,0.018561,-0.142967,0.030327,
0.177262,0.017046,0.019710,0.025573,
0.179644,0.020417,0.027085,0.040259,
0.184451,0.024743,0.065378,0.045341,
0.191014,0.029217,0.065240,0.043916,
0.196098,0.032535,0.038180,0.023846,
0.163290,0.027421,0.033855,0.018775,
0.165357,0.029899,0.009324,0.029362,
0.165981,0.033064,0.003572,0.033399,
0.166377,0.036345,0.004260,0.032060,
0.164452,0.038998,-0.038987,0.021641,
0.178389,0.037221,0.390118,0.001197,
0.223902,0.037379,0.505971,0.001914,
0.275485,0.037542,0.519426,0.001332,
0.322234,0.037504,0.419230,-0.001801,
0.342591,0.037413,0.019141,-0.000231,
0.327835,0.035707,0.012584,0.001167,
0.327780,0.035865,-0.011660,0.001862,
0.325552,0.036021,-0.031070,0.001311,
0.322462,0.035992,-0.030458,-0.001699,
0.315908,0.035899,-0.094626,-0.000215,
TIME: 897.6 - SYSTEM: Plan 195
0.025942,0.000321,0.387192,0.031058,
0.074867,0.004380,0.571137,0.048298,
0.135465,0.009539,0.629888,0.053916,
0.190910,0.014671,0.485496,0.048608,
0.205496,0.018561,-0.142966,0.030328,
0.177262,0.017044,0.019708,0.025574,
0.179644,0.020421,0.027082,0.040259,
0.184450,0.024742,0.065374,0.045339,
0.191013,0.029223,0.065238,0.043911,
0.196096,0.032538,0.038179,0.023767,
0.163289,0.027425,0.033871,0.018824,
0.165358,0.029893,0.009351,0.029428,
0.165984,0.033060,0.003574,0.033472,
0.166382,0.036359,0.004288,0.032145,
0.164462,0.039019,-0.038910,0.021701,
0.178399,0.037239,0.390115,0.001199,
0.223911,0.037401,0.505971,0.001915,
0.275493,0.037559,0.519416,0.001332,
0.322240,0.037523,0.419183,-0.001802,
0.342589,0.037428,0.019021,-0.000230,
0.327833,0.035722,0.012589,0.001166,
0.327779,0.035880,-0.011654,0.001864,
0.325551,0.036034,-0.031063,0.001308,
0.322462,0.036000,-0.030452,-0.001703,
0.315909,0.035914,-0.094623,-0.000214,
TIME: 901.3 - SYSTEM: Plan 196
0.025942,0.000321,0.387193,0.031058,
0.074868,0.004381,0.571139,0.048296,
0.135465,0.009540,0.629891,0.053915,
0.190910,0.014671,0.485497,0.048607,
0.205497,0.018561,-0.142967,0.030328,
0.177262,0.017044,0.019709,0.025574,
0.179644,0.020422,0.027084,0.040263,
0.184450,0.024741,0.065376,0.045338,
0.191013,0.029221,0.065239,0.043914,
0.196097,0.032538,0.038180,0.023813,
0.163289,0.027422,0.033863,0.018789,
0.165358,0.029893,0.009338,0.029389,
0.165982,0.033053,0.003574,0.033437,
0.166380,0.036333,0.004273,0.032107,
0.164456,0.039005,-0.038952,0.021680,
0.178393,0.037228,0.390119,0.001198,
0.223907,0.037389,0.505975,0.001916,
0.275489,0.037552,0.519423,0.001331,
0.322237,0.037511,0.419202,-0.001803,
0.342589,0.037420,0.019067,-0.000233,
0.327833,0.035712,0.012588,0.001165,
0.327778,0.035863,-0.011654,0.001863,
0.325551,0.036023,-0.031063,0.001311,
0.322462,0.035989,-0.030453,-0.001694,
0.315909,0.035897,-0.094623,-0.000207,
TIME: 905.1 - SYSTEM: Plan 197
0.025942,0.000321,0.387192,0.031057,
0.074867,0.004381,0.571137,0.048297,
0.135465,0.009541,0.629889,0.053915,
0.190910,0.014671,0.485496,0.048607,
0.205497,0.018561,-0.142966,0.030328,
0.177262,0.017047,0.019708,0.025573,
0.179644,0.020421,0.027082,0.040261,
0.184450,0.024743,0.065375,0.045340,
0.191013,0.029220,0.065238,0.043914,
0.196096,0.032534,0.038179,0.023815,
0.163289,0.027420,0.033867,0.018796,
0.165358,0.029897,0.009347,0.029397,
0.165983,0.033068,0.003575,0.033432,
0.166381,0.036355,0.004277,0.032089,
0.164458,0.039006,-0.038942,0.021660,
0.178395,0.037229,0.390110,0.001198,
0.223908,0.037389,0.505961,0.001917,
0.275490,0.037551,0.519414,0.001331,
0.322237,0.037518,0.419208,-0.001801,
0.342590,0.037421,0.019098,-0.000233,
0.327835,0.035713,0.012586,0.001165,
0.327780,0.035866,-0.011657,0.001863,
0.325552,0.036024,-0.031067,0.001313,
0.322462,0.035991,-0.030456,-0.001697,
0.315909,0.035901,-0.094626,-0.000209,
TIME: 909.4 - SYSTEM: Plan 198
0.025942,0.000321,0.387191,0.031057,
0.074867,0.004380,0.571135,0.048296,
0.135465,0.009540,0.629887,0.053915,
0.190910,0.014670,0.485495,0.048607,
0.205496,0.018561,-0.142966,0.030328,
0.177262,0.017046,0.019707,0.025573,
0.179644,0.020423,0.027081,0.040260,
0.184450,0.024745,0.065374,0.045340,
0.191012,0.029226,0.065237,0.043914,
0.196096,0.032541,0.038179,0.023827,
0.163289,0.027428,0.033871,0.018785,
0.165358,0.029902,0.009354,0.029382,
0.165984,0.033075,0.003577,0.033417,
0.166382,0.036362,0.004278,0.032073,
0.164459,0.039027,-0.038939,0.021644,
0.178396,0.037248,0.390105,0.001197,
0.223907,0.037408,0.505952,0.001913,
0.275488,0.037571,0.519407,0.001331,
0.322235,0.037528,0.419212,-0.001803,
0.342591,0.037435,0.019127,-0.000233,
0.327835,0.035724,0.012584,0.001165,
0.327780,0.035882,-0.011660,0.001863,
0.325552,0.036039,-0.031071,0.001313,
0.322462,0.036007,-0.030459,-0.001696,
0.315908,0.035915,-0.094626,-0.000210,
TIME: 913.7 - SYSTEM: Plan 199
0.025942,0.000321,0.387191,0.031056,
0.074867,0.004380,0.571136,0.048296,
0.135465,0.009539,0.629888,0.053915,
0.190910,0.014669,0.485496,0.048607,
0.205496,0.018560,-0.142965,0.030328,
0.177262,0.017044,0.019707,0.025574,
0.179644,0.020419,0.027081,0.040261,
0.184450,0.024746,0.065373,0.045338,
0.191012,0.029222,0.065237,0.043912,
0.196096,0.032538,0.038179,0.023776,
0.163289,0.027428,0.033871,0.018819,
0.165359,0.029901,0.009352,0.029427,
0.165984,0.033077,0.003574,0.033478,
0.166382,0.036373,0.004287,0.032136,
0.164461,0.039024,-0.038914,0.021692,
0.178399,0.037244,0.390117,0.001199,
0.223912,0.037404,0.505972,0.001917,
0.275494,0.037564,0.519417,0.001337,
0.322241,0.037527,0.419191,-0.001799,
0.342589,0.037431,0.019034,-0.000229,
0.327834,0.035723,0.012587,0.001166,
0.327779,0.035880,-0.011656,0.001862,
0.325551,0.036036,-0.031065,0.001311,
0.322462,0.036002,-0.030454,-0.001699,
0.315909,0.035913,-0.094624,-0.000210,
TIME: 917.3 - SYSTEM: Plan 200
0.025942,0.000321,0.387193,0.031057,
0.074867,0.004380,0.571138,0.048296,
0.135465,0.009540,0.629890,0.053914,
0.190910,0.014670,0.485497,0.048607,
0.205497,0.018561,-0.142967,0.030328,
0.177262,0.017043,0.019709,0.025572,
0.179644,0.020421,0.027083,0.040260,
0.184450,0.024742,0.065376,0.045338,
0.191013,0.029223,0.065239,0.043915,
0.196097,0.032541,0.038180,0.023834,
0.163289,0.027430,0.033862,0.018783,
0.165358,0.029898,0.009337,0.029372,
0.165982,0.033072,0.003573,0.033408,
0.166379,0.036351,0.004268,0.032067,
0.164455,0.039002,-0.038965,0.021646,
0.178392,0.037224,0.390110,0.001197,
0.223904,0.037385,0.505960,0.001913,
0.275486,0.037542,0.519414,0.001331,
0.322234,0.037506,0.419217,-0.001799,
0.342591,0.037410,0.019129,-0.000228,
0.327834,0.035703,0.012584,0.001166,
0.327780,0.035856,-0.011659,0.001864,
0.325552,0.036012,-0.031069,0.001311,
0.322462,0.035980,-0.030458,-0.001697,
0.315908,0.035887,-0.094626,-0.000210,
TIME: 921.1 - SYSTEM: Plan 201
0.025942,0.000321,0.387192,0.031057,
0.074867,0.004380,0.571137,0.048297,
0.135465,0.009539,0.629888,0.053916,
0.190910,0.014669,0.485496,0.048607,
0.205496,0.018560,-0.142966,0.030328,
0.177262,0.017045,0.019708,0.025572,
0.179644,0.020420,0.027082,0.040262,
0.184450,0.024743,0.065374,0.045337,
0.191013,0.029229,0.065238,0.043913,
0.196096,0.032543,0.038179,0.023792,
0.163289,0.027430,0.033869,0.018806,
0.165358,0.029898,0.009348,0.029410,
0.165984,0.033066,0.003574,0.033456,
0.166381,0.036383,0.004282,0.032119,
0.164460,0.039027,-0.038927,0.021675,
0.178397,0.037247,0.390114,0.001197,
0.223909,0.037409,0.505967,0.001912,
0.275491,0.037569,0.519416,0.001333,
0.322239,0.037532,0.419199,-0.001803,
0.342590,0.037437,0.019066,-0.000233,
0.327834,0.035727,0.012586,0.001166,
0.327779,0.035881,-0.011657,0.001862,
0.325551,0.036038,-0.031066,0.001310,
0.322462,0.036004,-0.030455,-0.001698,
0.315909,0.035915,-0.094625,-0.000208,
TIME: 924.8 - SYSTEM: Plan 202
0.025942,0.000321,0.387192,0.031058,
0.074867,0.004380,0.571136,0.048297,
0.135465,0.009541,0.629888,0.053916,
0.190910,0.014671,0.485496,0.048607,
0.205496,0.018561,-0.142966,0.030328,
0.177262,0.017048,0.019707,0.025574,
0.179644,0.020417,0.027081,0.040260,
0.184450,0.024741,0.065373,0.045341,
0.191012,0.029217,0.065237,0.043915,
0.196096,0.032538,0.038179,0.023837,
0.163289,0.027428,0.033870,0.018776,
0.165358,0.029902,0.009353,0.029370,
0.165984,0.033072,0.003576,0.033410,
0.166381,0.036356,0.004275,0.032064,
0.164458,0.039013,-0.038946,0.021640,
0.178395,0.037234,0.390104,0.001198,
0.223906,0.037395,0.505951,0.001915,
0.275487,0.037557,0.519405,0.001333,
0.322234,0.037518,0.419213,-0.001798,
0.342591,0.037423,0.019136,-0.000229,
0.327835,0.035717,0.012584,0.001166,
0.327780,0.035868,-0.011659,0.001862,
0.325552,0.036026,-0.031069,0.001313,
0.322462,0.035993,-0.030458,-0.001696,
0.315908,0.035904,-0.094626,-0.000209,
TIME: 928.3 - SYSTEM: Plan 203
0.025942,0.000321,0.387191,0.031057,
0.074867,0.004379,0.571135,0.048296,
0.135465,0.009540,0.629887,0.053916,
0.190910,0.014671,0.485496,0.048607,
0.205496,0.018561,-0.142965,0.030328,
0.177262,0.017045,0.019707,0.025576,
0.179644,0.020422,0.027081,0.040260,
0.184449,0.024745,0.065374,0.045340,
0.191012,0.029222,0.065238,0.043914,
0.196096,0.032538,0.038179,0.023813,
0.163289,0.027428,0.033872,0.018790,
0.165359,0.029899,0.009356,0.029394,
0.165984,0.033066,0.003576,0.033431,
0.166382,0.036356,0.004281,0.032098,
0.164460,0.039028,-0.038929,0.021661,
0.178397,0.037250,0.390109,0.001197,
0.223908,0.037411,0.505960,0.001914,
0.275490,0.037566,0.519411,0.001333,
0.322236,0.037533,0.419203,-0.001798,
0.342590,0.037438,0.019094,-0.000228,
0.327834,0.035729,0.012587,0.001163,
0.327779,0.035886,-0.011656,0.001861,
0.325551,0.036042,-0.031065,0.001307,
0.322462,0.036008,-0.030455,-0.001701,
0.315909,0.035921,-0.094625,-0.000212,
TIME: 931.8 - SYSTEM: Plan 204
0.025942,0.000321,0.387193,0.031057,
0.074868,0.004380,0.571138,0.048297,
0.135465,0.009540,0.629890,0.053917,
0.190910,0.014671,0.485497,0.048608,
0.205497,0.018561,-0.142966,0.030328,
0.177262,0.017046,0.019709,0.025572,
0.179644,0.020417,0.027084,0.040261,
0.184450,0.024740,0.065376,0.045341,
0.191013,0.029223,0.065239,0.043913,
0.196097,0.032538,0.038180,0.023823,
0.163289,0.027428,0.033861,0.018789,
0.165358,0.029897,0.009336,0.029386,
0.165982,0.033071,0.003573,0.033427,
0.166379,0.036349,0.004270,0.032083,
0.164455,0.039020,-0.038960,0.021656,
0.178393,0.037241,0.390116,0.001199,
0.223906,0.037399,0.505969,0.001913,
0.275489,0.037560,0.519422,0.001332,
0.322237,0.037524,0.419217,-0.001801,
0.342591,0.037431,0.019108,-0.000230,
0.327835,0.035724,0.012585,0.001164,
0.327780,0.035876,-0.011658,0.001863,
0.325551,0.036033,-0.031068,0.001312,
0.322462,0.036002,-0.030457,-0.001697,
0.315909,0.035908,-0.094626,-0.000210,
TIME: 935.5 - SYSTEM: Plan 205
0.025942,0.000321,0.387192,0.031058,
0.074867,0.004380,0.571137,0.048296,
0.135465,0.009540,0.629888,0.053915,
0.190910,0.014670,0.485496,0.048606,
0.205496,0.018561,-0.142966,0.030327,
0.177262,0.017046,0.019708,0.025576,
0.179644,0.020422,0.027082,0.040259,
0.184450,0.024745,0.065374,0.045339,
0.191013,0.029221,0.065238,0.043913,
0.196096,0.032537,0.038179,0.023803,
0.163289,0.027424,0.033868,0.018801,
0.165358,0.029895,0.009348,0.029398,
0.165983,0.033075,0.003575,0.033446,
0.166381,0.036347,0.004280,0.032106,
0.164459,0.039007,-0.038933,0.021681,
0.178396,0.037229,0.390116,0.001200,
0.223909,0.037390,0.505971,0.001915,
0.275491,0.037552,0.519419,0.001331,
0.322238,0.037511,0.419200,-0.001802,
0.342589,0.037420,0.019063,-0.000232,
0.327833,0.035712,0.012588,0.001166,
0.327778,0.035862,-0.011654,0.001865,
0.325551,0.036019,-0.031064,0.001313,
0.322462,0.035986,-0.030453,-0.001692,
0.315909,0.035895,-0.094623,-0.000204,
TIME: 939.6 - SYSTEM: Plan 206
0.025942,0.000322,0.387192,0.031058,
0.074867,0.004381,0.571137,0.048296,
0.135465,0.009541,0.629889,0.053915,
0.190910,0.014671,0.485496,0.048607,
0.205497,0.018562,-0.142966,0.030327,
0.177262,0.017047,0.019709,0.025574,
0.179644,0.020421,0.027084,0.040260,
0.184450,0.024745,0.065377,0.045339,
0.191013,0.029228,0.065239,0.043911,
0.196097,0.032543,0.038179,0.023771,
0.163289,0.027436,0.033863,0.018821,
0.165358,0.029907,0.009336,0.029439,
0.165982,0.033075,0.003571,0.033474,
0.166380,0.036371,0.004280,0.032138,
0.164458,0.039028,-0.038932,0.021702,
0.178395,0.037247,0.390124,0.001200,
0.223909,0.037412,0.505982,0.001913,
0.275493,0.037574,0.519429,0.001330,
0.322241,0.037533,0.419195,-0.001804,
0.342589,0.037441,0.019023,-0.000234,
0.327833,0.035730,0.012587,0.001166,
0.327779,0.035880,-0.011656,0.001864,
0.325551,0.036039,-0.031065,0.001313,
0.322462,0.036004,-0.030454,-0.001691,
0.315909,0.035916,-0.094624,-0.000202,
TIME: 944 - SYSTEM: Plan 207
0.025942,0.000321,0.387191,0.031058,
0.074867,0.004380,0.571136,0.048298,
0.135465,0.009540,0.629887,0.053917,
0.190910,0.014671,0.485495,0.048609,
0.205496,0.018562,-0.142967,0.030328,
0.177262,0.017049,0.019707,0.025569,
0.179644,0.020419,0.027081,0.040259,
0.184449,0.024747,0.065373,0.045337,
0.191012,0.029228,0.065237,0.043913,
0.196096,0.032543,0.038179,0.023812,
0.163289,0.027430,0.033871,0.018793,
0.165358,0.029907,0.009354,0.029394,
0.165984,0.033080,0.003576,0.033425,
0.166382,0.036380,0.004280,0.032086,
0.164460,0.039036,-0.038931,0.021651,
0.178396,0.037256,0.390108,0.001197,
0.223908,0.037413,0.505958,0.001913,
0.275490,0.037577,0.519412,0.001331,
0.322237,0.037540,0.419210,-0.001800,
0.342591,0.037448,0.019112,-0.000231,
0.327834,0.035741,0.012585,0.001167,
0.327780,0.035895,-0.011658,0.001862,
0.325551,0.036051,-0.031068,0.001309,
0.322462,0.036016,-0.030457,-0.001699,
0.315908,0.035927,-0.094626,-0.000210,
TIME: 948.1 - SYSTEM: Plan 208
0.025942,0.000321,0.387192,0.031058,
0.074867,0.004381,0.571137,0.048298,
0.135465,0.009540,0.629889,0.053916,
0.190910,0.014671,0.485496,0.048606,
0.205496,0.018562,-0.142966,0.030327,
0.177262,0.017049,0.019708,0.025575,
0.179644,0.020420,0.027082,0.040259,
0.184450,0.024744,0.065374,0.045338,
0.191013,0.029221,0.065238,0.043913,
0.196096,0.032538,0.038179,0.023807,
0.163289,0.027425,0.033868,0.018801,
0.165358,0.029899,0.009348,0.029410,
0.165983,0.033081,0.003575,0.033456,
0.166381,0.036362,0.004279,0.032100,
0.164459,0.039025,-0.038935,0.021667,
0.178396,0.037248,0.390113,0.001198,
0.223908,0.037407,0.505964,0.001913,
0.275490,0.037571,0.519414,0.001333,
0.322237,0.037532,0.419205,-0.001805,
0.342591,0.037435,0.019083,-0.000234,
0.327835,0.035726,0.012584,0.001166,
0.327780,0.035879,-0.011660,0.001862,
0.325552,0.036037,-0.031069,0.001311,
0.322462,0.036004,-0.030458,-0.001695,
0.315908,0.035914,-0.094626,-0.000208,
TIME: 952.1 - SYSTEM: Plan 209
0.025942,0.000321,0.387193,0.031057,
0.074868,0.004380,0.571138,0.048298,
0.135465,0.009541,0.629890,0.053915,
0.190910,0.014671,0.485497,0.048607,
0.205497,0.018561,-0.142966,0.030327,
0.177262,0.017046,0.019709,0.025577,
0.179644,0.020422,0.027084,0.040255,
0.184451,0.024745,0.065376,0.045336,
0.191014,0.029224,0.065239,0.043913,
0.196097,0.032540,0.038180,0.023796,
0.163289,0.027423,0.033861,0.018801,
0.165358,0.029904,0.009334,0.029411,
0.165982,0.033083,0.003572,0.033453,
0.166379,0.036391,0.004275,0.032111,
0.164456,0.039041,-0.038948,0.021665,
0.178394,0.037261,0.390119,0.001197,
0.223906,0.037423,0.505972,0.001913,
0.275489,0.037582,0.519423,0.001331,
0.322238,0.037546,0.419212,-0.001803,
0.342591,0.037451,0.019086,-0.000233,
0.327835,0.035742,0.012583,0.001168,
0.327780,0.035897,-0.011661,0.001863,
0.325552,0.036051,-0.031071,0.001310,
0.322462,0.036019,-0.030460,-0.001699,
0.315908,0.035931,-0.094627,-0.000209,
TIME: 956 - SYSTEM: Plan 210
0.025942,0.000321,0.387192,0.031057,
0.074867,0.004380,0.571136,0.048297,
0.135465,0.009540,0.629888,0.053916,
0.190910,0.014670,0.485496,0.048607,
0.205496,0.018561,-0.142966,0.030328,
0.177262,0.017046,0.019707,0.025575,
0.179644,0.020422,0.027081,0.040262,
0.184450,0.024744,0.065374,0.045339,
0.191012,0.029220,0.065238,0.043913,
0.196096,0.032536,0.038179,0.023804,
0.163289,0.027427,0.033871,0.018801,
0.165358,0.029907,0.009354,0.029409,
0.165984,0.033083,0.003575,0.033444,
0.166382,0.036367,0.004282,0.032097,
0.164460,0.039040,-0.038926,0.021660,
0.178397,0.037259,0.390109,0.001199,
0.223909,0.037422,0.505958,0.001915,
0.275491,0.037581,0.519410,0.001330,
0.322238,0.037547,0.419205,-0.001803,
0.342591,0.037454,0.019094,-0.000233,
0.327835,0.035745,0.012584,0.001164,
0.327780,0.035896,-0.011660,0.001862,
0.325552,0.036059,-0.031070,0.001311,
0.322462,0.036024,-0.030459,-0.001697,
0.315908,0.035937,-0.094626,-0.000209,
TIME: 959.8 - SYSTEM: Plan 211
0.025942,0.000321,0.387191,0.031057,
0.074867,0.004379,0.571136,0.048298,
0.135465,0.009539,0.629888,0.053916,
0.190910,0.014670,0.485496,0.048608,
0.205497,0.018560,-0.142966,0.030328,
0.177262,0.017046,0.019708,0.025572,
0.179644,0.020415,0.027082,0.040261,
0.184450,0.024740,0.065375,0.045341,
0.191013,0.029220,0.065238,0.043914,
0.196097,0.032535,0.038179,0.023817,
0.163289,0.027425,0.033867,0.018786,
0.165358,0.029890,0.009346,0.029382,
0.165983,0.033070,0.003574,0.033419,
0.166381,0.036364,0.004276,0.032089,
0.164458,0.039016,-0.038943,0.021656,
0.178395,0.037238,0.390110,0.001198,
0.223907,0.037400,0.505962,0.001913,
0.275489,0.037563,0.519414,0.001332,
0.322236,0.037527,0.419210,-0.001802,
0.342590,0.037433,0.019106,-0.000234,
0.327834,0.035726,0.012586,0.001166,
0.327780,0.035882,-0.011657,0.001860,
0.325552,0.036036,-0.031066,0.001309,
0.322462,0.036002,-0.030455,-0.001699,
0.315909,0.035914,-0.094625,-0.000210,
TIME: 963.3 - SYSTEM: Plan 212
0.025942,0.000321,0.387192,0.031057,
0.074867,0.004379,0.571136,0.048297,
0.135465,0.009540,0.629888,0.053915,
0.190910,0.014669,0.485496,0.048607,
0.205496,0.018560,-0.142965,0.030328,
0.177262,0.017046,0.019707,0.025571,
0.179644,0.020417,0.027081,0.040259,
0.184450,0.024746,0.065374,0.045337,
0.191012,0.029224,0.065238,0.043915,
0.196096,0.032542,0.038179,0.023839,
0.163289,0.027425,0.033869,0.018779,
0.165358,0.029888,0.009352,0.029373,
0.165984,0.033062,0.003576,0.033410,
0.166381,0.036346,0.004274,0.032071,
0.164458,0.039009,-0.038948,0.021646,
0.178394,0.037231,0.390105,0.001198,
0.223906,0.037388,0.505953,0.001915,
0.275488,0.037548,0.519407,0.001335,
0.322235,0.037514,0.419210,-0.001797,
0.342590,0.037421,0.019125,-0.000227,
0.327834,0.035714,0.012586,0.001165,
0.327779,0.035869,-0.011658,0.001863,
0.325551,0.036027,-0.031068,0.001311,
0.322462,0.035992,-0.030456,-0.001700,
0.315909,0.035904,-0.094625,-0.000212,
TIME: 966.8 - SYSTEM: Plan 213
0.025942,0.000321,0.387193,0.031058,
0.074868,0.004379,0.571139,0.048298,
0.135465,0.009538,0.629890,0.053917,
0.190911,0.014670,0.485498,0.048609,
0.205497,0.018561,-0.142966,0.030329,
0.177262,0.017045,0.019710,0.025574,
0.179644,0.020422,0.027085,0.040260,
0.184451,0.024745,0.065378,0.045339,
0.191014,0.029222,0.065241,0.043913,
0.196098,0.032536,0.038180,0.023803,
0.163290,0.027423,0.033859,0.018801,
0.165357,0.029891,0.009331,0.029407,
0.165982,0.033059,0.003572,0.033449,
0.166379,0.036370,0.004272,0.032112,
0.164455,0.039027,-0.038956,0.021676,
0.178393,0.037249,0.390122,0.001198,
0.223906,0.037407,0.505978,0.001914,
0.275490,0.037566,0.519428,0.001334,
0.322238,0.037530,0.419209,-0.001799,
0.342590,0.037437,0.019071,-0.000228,
0.327834,0.035730,0.012586,0.001165,
0.327780,0.035885,-0.011658,0.001860,
0.325551,0.036043,-0.031067,0.001309,
0.322462,0.036008,-0.030456,-0.001701,
0.315909,0.035919,-0.094625,-0.000212,
TIME: 970.2 - SYSTEM: Plan 214
0.025942,0.000320,0.387193,0.031056,
0.074867,0.004379,0.571138,0.048297,
0.135465,0.009539,0.629889,0.053917,
0.190910,0.014670,0.485497,0.048609,
0.205497,0.018561,-0.142967,0.030329,
0.177262,0.017047,0.019709,0.025573,
0.179644,0.020421,0.027084,0.040260,
0.184451,0.024745,0.065376,0.045339,
0.191014,0.029223,0.065239,0.043915,
0.196097,0.032539,0.038180,0.023826,
0.163289,0.027426,0.033861,0.018781,
0.165357,0.029891,0.009334,0.029380,
0.165982,0.033061,0.003573,0.033420,
0.166379,0.036344,0.004269,0.032082,
0.164455,0.038988,-0.038964,0.021662,
0.178392,0.037211,0.390114,0.001199,
0.223904,0.037368,0.505967,0.001913,
0.275487,0.037530,0.519419,0.001336,
0.322235,0.037491,0.419211,-0.001799,
0.342590,0.037400,0.019101,-0.000229,
0.327834,0.035691,0.012585,0.001167,
0.327779,0.035843,-0.011658,0.001865,
0.325551,0.036002,-0.031067,0.001314,
0.322462,0.035969,-0.030456,-0.001693,
0.315909,0.035875,-0.094624,-0.000206,
TIME: 974 - SYSTEM: Plan 215
0.025942,0.000321,0.387192,0.031057,
0.074867,0.004380,0.571137,0.048297,
0.135465,0.009540,0.629888,0.053917,
0.190910,0.014670,0.485496,0.048609,
0.205497,0.018561,-0.142966,0.030328,
0.177262,0.017044,0.019709,0.025574,
0.179644,0.020422,0.027083,0.040263,
0.184450,0.024741,0.065376,0.045338,
0.191013,0.029221,0.065239,0.043914,
0.196097,0.032538,0.038180,0.023813,
0.163289,0.027428,0.033862,0.018793,
0.165358,0.029887,0.009337,0.029383,
0.165982,0.033061,0.003573,0.033436,
0.166379,0.036341,0.004273,0.032099,
0.164456,0.038999,-0.038953,0.021674,
0.178393,0.037221,0.390118,0.001197,
0.223906,0.037381,0.505975,0.001912,
0.275489,0.037541,0.519423,0.001334,
0.322237,0.037506,0.419207,-0.001800,
0.342589,0.037412,0.019077,-0.000232,
0.327833,0.035707,0.012588,0.001165,
0.327779,0.035861,-0.011655,0.001861,
0.325551,0.036018,-0.031065,0.001308,
0.322462,0.035985,-0.030454,-0.001701,
0.315909,0.035895,-0.094624,-0.000214,
TIME: 977.4 - SYSTEM: Plan 216
0.025942,0.000321,0.387192,0.031058,
0.074867,0.004381,0.571136,0.048298,
0.135465,0.009539,0.629888,0.053916,
0.190910,0.014669,0.485496,0.048608,
0.205496,0.018560,-0.142966,0.030329,
0.177262,0.017044,0.019708,0.025571,
0.179644,0.020417,0.027082,0.040262,
0.184450,0.024741,0.065375,0.045340,
0.191013,0.029222,0.065238,0.043915,
0.196096,0.032540,0.038179,0.023838,
0.163289,0.027433,0.033867,0.018780,
0.165358,0.029889,0.009348,0.029371,
0.165983,0.033064,0.003575,0.033408,
0.166381,0.036350,0.004272,0.032066,
0.164457,0.039004,-0.038953,0.021645,
0.178393,0.037224,0.390107,0.001199,
0.223905,0.037387,0.505957,0.001915,
0.275487,0.037548,0.519410,0.001334,
0.322235,0.037511,0.419214,-0.001800,
0.342590,0.037417,0.019128,-0.000232,
0.327834,0.035711,0.012586,0.001165,
0.327779,0.035861,-0.011657,0.001865,
0.325551,0.036018,-0.031067,0.001311,
0.322462,0.035985,-0.030456,-0.001696,
0.315909,0.035894,-0.094625,-0.000208,
TIME: 980.9 - SYSTEM: Plan 217
0.025942,0.000321,0.387191,0.031058,
0.074867,0.004380,0.571136,0.048297,
0.135465,0.009539,0.629888,0.053916,
0.190910,0.014670,0.485496,0.048608,
0.205497,0.018561,-0.142965,0.030328,
0.177262,0.017044,0.019708,0.025574,
0.179644,0.020421,0.027083,0.040259,
0.184450,0.024742,0.065375,0.045339,
0.191013,0.029223,0.065239,0.043911,
0.196097,0.032538,0.038180,0.023768,
0.163289,0.027427,0.033867,0.018824,
0.165358,0.029896,0.009344,0.029431,
0.165983,0.033075,0.003573,0.033480,
0.166381,0.036386,0.004286,0.032145,
0.164460,0.039041,-0.038920,0.021693,
0.178397,0.037261,0.390117,0.001197,
0.223910,0.037423,0.505973,0.001917,
0.275493,0.037584,0.519418,0.001331,
0.322240,0.037547,0.419191,-0.001803,
0.342590,0.037454,0.019032,-0.000233,
0.327834,0.035745,0.012586,0.001168,
0.327779,0.035902,-0.011657,0.001862,
0.325551,0.036056,-0.031067,0.001311,
0.322462,0.036025,-0.030456,-0.001700,
0.315909,0.035934,-0.094625,-0.000209,
TIME: 984.5 - SYSTEM: Plan 218
0.025942,0.000321,0.387192,0.031058,
0.074867,0.004379,0.571137,0.048298,
0.135465,0.009540,0.629888,0.053917,
0.190910,0.014671,0.485496,0.048608,
0.205496,0.018562,-0.142967,0.030327,
0.177262,0.017049,0.019708,0.025576,
0.179644,0.020420,0.027082,0.040260,
0.184450,0.024747,0.065375,0.045339,
0.191013,0.029225,0.065238,0.043915,
0.196096,0.032542,0.038179,0.023835,
0.163289,0.027435,0.033867,0.018782,
0.165358,0.029891,0.009347,0.029366,
0.165983,0.033047,0.003575,0.033414,
0.166381,0.036321,0.004273,0.032086,
0.164457,0.038992,-0.038952,0.021670,
0.178394,0.037215,0.390112,0.001199,
0.223906,0.037374,0.505966,0.001915,
0.275488,0.037534,0.519415,0.001334,
0.322236,0.037498,0.419202,-0.001800,
0.342588,0.037402,0.019088,-0.000231,
0.327833,0.035696,0.012590,0.001165,
0.327778,0.035849,-0.011652,0.001865,
0.325551,0.036006,-0.031062,0.001311,
0.322462,0.035973,-0.030451,-0.001698,
0.315909,0.035884,-0.094622,-0.000210,
TIME: 988.2 - SYSTEM: Plan 219
0.025942,0.000322,0.387192,0.031057,
0.074868,0.004381,0.571137,0.048297,
0.135465,0.009540,0.629888,0.053916,
0.190910,0.014671,0.485496,0.048607,
0.205497,0.018562,-0.142966,0.030327,
0.177262,0.017048,0.019709,0.025569,
0.179644,0.020419,0.027083,0.040259,
0.184450,0.024747,0.065376,0.045337,
0.191013,0.029227,0.065239,0.043914,
0.196097,0.032544,0.038180,0.023819,
0.163289,0.027430,0.033863,0.018799,
0.165358,0.029901,0.009340,0.029388,
0.165983,0.033078,0.003573,0.033422,
0.166380,0.036368,0.004272,0.032085,
0.164456,0.039018,-0.038953,0.021653,
0.178393,0.037240,0.390115,0.001198,
0.223906,0.037397,0.505968,0.001915,
0.275488,0.037559,0.519422,0.001335,
0.322236,0.037519,0.419217,-0.001799,
0.342591,0.037425,0.019112,-0.000228,
0.327835,0.035714,0.012584,0.001165,
0.327780,0.035871,-0.011659,0.001864,
0.325551,0.036032,-0.031069,0.001311,
0.322462,0.036000,-0.030458,-0.001700,
0.315908,0.035914,-0.094626,-0.000213,
TIME: 991.7 - SYSTEM: Plan 220
0.025942,0.000321,0.387191,0.031057,
0.074867,0.004381,0.571136,0.048297,
0.135465,0.009539,0.629887,0.053916,
0.190910,0.014670,0.485495,0.048609,
0.205496,0.018562,-0.142966,0.030328,
0.177262,0.017046,0.019707,0.025573,
0.179644,0.020422,0.027081,0.040262,
0.184450,0.024746,0.065374,0.045340,
0.191012,0.029227,0.065238,0.043914,
0.196096,0.032541,0.038179,0.023819,
0.163289,0.027431,0.033871,0.018790,
0.165358,0.029897,0.009354,0.029386,
0.165984,0.033061,0.003576,0.033426,
0.166382,0.036345,0.004279,0.032095,
0.164459,0.039015,-0.038935,0.021666,
0.178396,0.037236,0.390108,0.001199,
0.223908,0.037395,0.505959,0.001915,
0.275489,0.037550,0.519410,0.001332,
0.322237,0.037516,0.419200,-0.001797,
0.342589,0.037423,0.019089,-0.000227,
0.327833,0.035716,0.012588,0.001166,
0.327779,0.035871,-0.011654,0.001865,
0.325551,0.036029,-0.031064,0.001311,
0.322462,0.035994,-0.030453,-0.001699,
0.315909,0.035906,-0.094624,-0.000211,
TIME: 995.3 - SYSTEM: Plan 221
0.025942,0.000321,0.387191,0.031057,
0.074867,0.004380,0.571136,0.048297,
0.135465,0.009539,0.629887,0.053916,
0.190910,0.014670,0.485496,0.048607,
0.205496,0.018560,-0.142966,0.030328,
0.177262,0.017046,0.019708,0.025573,
0.179644,0.020415,0.027082,0.040264,
0.184450,0.024739,0.065374,0.045339,
0.191013,0.029220,0.065238,0.043916,
0.196096,0.032535,0.038179,0.023844,
0.163289,0.027431,0.033869,0.018776,
0.165358,0.029881,0.009350,0.029356,
0.165984,0.033050,0.003576,0.033403,
0.166381,0.036331,0.004272,0.032068,
0.164458,0.038999,-0.038952,0.021648,
0.178394,0.037223,0.390108,0.001198,
0.223906,0.037384,0.505960,0.001916,
0.275487,0.037548,0.519412,0.001331,
0.322235,0.037510,0.419213,-0.001805,
0.342589,0.037413,0.019125,-0.000235,
0.327833,0.035707,0.012588,0.001166,
0.327779,0.035858,-0.011654,0.001863,
0.325551,0.036018,-0.031064,0.001315,
0.322462,0.035985,-0.030453,-0.001695,
0.315909,0.035893,-0.094624,-0.000210,
TIME: 998.8 - SYSTEM: Plan 222
0.025942,0.000321,0.387192,0.031057,
0.074867,0.004379,0.571136,0.048297,
0.135465,0.009539,0.629888,0.053916,
0.190910,0.014670,0.485496,0.048608,
0.205497,0.018561,-0.142966,0.030328,
0.177262,0.017045,0.019708,0.025574,
0.179644,0.020422,0.027083,0.040260,
0.184450,0.024745,0.065375,0.045339,
0.191013,0.029222,0.065239,0.043913,
0.196097,0.032536,0.038179,0.023802,
0.163289,0.027423,0.033864,0.018801,
0.165358,0.029894,0.009341,0.029407,
0.165983,0.033062,0.003573,0.033446,
0.166380,0.036362,0.004276,0.032112,
0.164458,0.039031,-0.038942,0.021676,
0.178394,0.037252,0.390119,0.001195,
0.223908,0.037412,0.505974,0.001912,
0.275490,0.037575,0.519423,0.001328,
0.322238,0.037535,0.419205,-0.001803,
0.342590,0.037441,0.019070,-0.000233,
0.327834,0.035733,0.012586,0.001167,
0.327779,0.035891,-0.011657,0.001862,
0.325551,0.036046,-0.031067,0.001309,
0.322462,0.036010,-0.030456,-0.001700,
0.315909,0.035919,-0.094624,-0.000210,
TIME: 1002 - SYSTEM: Plan 223
0.025942,0.000322,0.387192,0.031057,
0.074867,0.004381,0.571137,0.048296,
0.135465,0.009541,0.629888,0.053915,
0.190910,0.014671,0.485496,0.048607,
0.205496,0.018562,-0.142966,0.030328,
0.177262,0.017048,0.019708,0.025573,
0.179644,0.020418,0.027082,0.040261,
0.184450,0.024746,0.065374,0.045339,
0.191013,0.029231,0.065238,0.043913,
0.196096,0.032544,0.038179,0.023824,
0.163289,0.027430,0.033868,0.018784,
0.165358,0.029895,0.009349,0.029381,
0.165983,0.033069,0.003575,0.033432,
0.166381,0.036362,0.004275,0.032083,
0.164458,0.039025,-0.038944,0.021652,
0.178395,0.037247,0.390111,0.001197,
0.223907,0.037406,0.505962,0.001912,
0.275489,0.037567,0.519412,0.001331,
0.322236,0.037526,0.419212,-0.001801,
0.342591,0.037433,0.019112,-0.000230,
0.327834,0.035722,0.012586,0.001166,
0.327780,0.035879,-0.011658,0.001864,
0.325552,0.036037,-0.031067,0.001313,
0.322462,0.036001,-0.030457,-0.001697,
0.315908,0.035911,-0.094626,-0.000209,
TIME: 1006 - SYSTEM: Plan 224
0.025942,0.000321,0.387192,0.031057,
0.074867,0.004380,0.571136,0.048296,
0.135465,0.009541,0.629888,0.053916,
0.190910,0.014671,0.485496,0.048607,
0.205496,0.018561,-0.142965,0.030327,
0.177262,0.017047,0.019707,0.025570,
0.179644,0.020421,0.027081,0.040260,
0.184450,0.024745,0.065374,0.045339,
0.191012,0.029224,0.065238,0.043915,
0.196096,0.032539,0.038179,0.023825,
0.163289,0.027429,0.033870,0.018786,
0.165358,0.029885,0.009352,0.029377,
0.165984,0.033059,0.003575,0.033422,
0.166381,0.036345,0.004276,0.032086,
0.164459,0.038999,-0.038940,0.021663,
0.178395,0.037221,0.390111,0.001197,
0.223907,0.037380,0.505963,0.001913,
0.275489,0.037541,0.519413,0.001333,
0.322235,0.037504,0.419204,-0.001799,
0.342589,0.037411,0.019095,-0.000230,
0.327833,0.035703,0.012587,0.001165,
0.327779,0.035858,-0.011655,0.001864,
0.325551,0.036014,-0.031065,0.001313,
0.322462,0.035983,-0.030454,-0.001697,
0.315909,0.035891,-0.094623,-0.000211,
TIME: 1010 - SYSTEM: Plan 225
0.025942,0.000321,0.387191,0.031057,
0.074867,0.004380,0.571136,0.048298,
0.135465,0.009539,0.629887,0.053916,
0.190910,0.014670,0.485495,0.048609,
0.205496,0.018559,-0.142966,0.030329,
0.177262,0.017045,0.019707,0.025574,
0.179644,0.020415,0.027081,0.040258,
0.184450,0.024743,0.065374,0.045340,
0.191012,0.029221,0.065238,0.043914,
0.196096,0.032540,0.038179,0.023819,
0.163289,0.027427,0.033870,0.018791,
0.165358,0.029895,0.009352,0.029385,
0.165984,0.033063,0.003576,0.033424,
0.166381,0.036342,0.004278,0.032088,
0.164459,0.038995,-0.038937,0.021666,
0.178396,0.037218,0.390109,0.001197,
0.223907,0.037381,0.505962,0.001910,
0.275490,0.037542,0.519413,0.001330,
0.322237,0.037505,0.419203,-0.001804,
0.342589,0.037408,0.019090,-0.000235,
0.327833,0.035703,0.012587,0.001165,
0.327779,0.035858,-0.011655,0.001862,
0.325551,0.036011,-0.031065,0.001311,
0.322462,0.035977,-0.030454,-0.001697,
0.315909,0.035888,-0.094623,-0.000210,
TIME: 1013 - SYSTEM: Plan 226
0.025942,0.000321,0.387190,0.031058,
0.074867,0.004380,0.571134,0.048298,
0.135465,0.009540,0.629886,0.053915,
0.190910,0.014671,0.485494,0.048608,
0.205496,0.018561,-0.142965,0.030328,
0.177261,0.017046,0.019705,0.025573,
0.179643,0.020418,0.027079,0.040259,
0.184449,0.024743,0.065371,0.045342,
0.191011,0.029222,0.065236,0.043913,
0.196095,0.032535,0.038179,0.023814,
0.163288,0.027416,0.033879,0.018796,
0.165359,0.029884,0.009368,0.029403,
0.165985,0.033049,0.003578,0.033445,
0.166384,0.036348,0.004286,0.032104,
0.164463,0.039016,-0.038914,0.021672,
0.178399,0.037238,0.390107,0.001198,
0.223911,0.037400,0.505958,0.001914,
0.275492,0.037564,0.519407,0.001331,
0.322239,0.037525,0.419194,-0.001803,
0.342589,0.037429,0.019073,-0.000234,
0.327833,0.035721,0.012588,0.001164,
0.327779,0.035877,-0.011654,0.001861,
0.325551,0.036032,-0.031064,0.001311,
0.322462,0.035999,-0.030453,-0.001697,
0.315909,0.035910,-0.094623,-0.000210,
TIME: 1017 - SYSTEM: Plan 227
0.025942,0.000321,0.387191,0.031057,
0.074867,0.004381,0.571136,0.048296,
0.135465,0.009540,0.629887,0.053914,
0.190910,0.014671,0.485495,0.048607,
0.205496,0.018561,-0.142966,0.030327,
0.177262,0.017048,0.019707,0.025574,
0.179644,0.020417,0.027080,0.040260,
0.184449,0.024741,0.065373,0.045341,
0.191012,0.029217,0.065237,0.043915,
0.196096,0.032538,0.038179,0.023837,
0.163289,0.027428,0.033871,0.018776,
0.165358,0.029902,0.009354,0.029370,
0.165984,0.033072,0.003577,0.033410,
0.166382,0.036356,0.004275,0.032064,
0.164459,0.039013,-0.038944,0.021640,
0.178395,0.037233,0.390102,0.001196,
0.223907,0.037394,0.505948,0.001913,
0.275487,0.037557,0.519402,0.001330,
0.322235,0.037519,0.419211,-0.001802,
0.342591,0.037424,0.019135,-0.000233,
0.327835,0.035715,0.012584,0.001167,
0.327780,0.035870,-0.011660,0.001867,
0.325552,0.036028,-0.031070,0.001313,
0.322462,0.035993,-0.030459,-0.001695,
0.315908,0.035902,-0.094626,-0.000209,
TIME: 1021 - SYSTEM: Plan 228
0.025942,0.000321,0.387192,0.031057,
0.074867,0.004381,0.571137,0.048297,
0.135465,0.009540,0.629889,0.053914,
0.190910,0.014671,0.485497,0.048606,
0.205497,0.018560,-0.142965,0.030327,
0.177262,0.017045,0.019708,0.025573,
0.179644,0.020416,0.027083,0.040261,
0.184450,0.024743,0.065376,0.045339,
0.191013,0.029222,0.065239,0.043915,
0.196097,0.032539,0.038179,0.023839,
0.163289,0.027432,0.033864,0.018783,
0.165358,0.029885,0.009341,0.029370,
0.165983,0.033050,0.003575,0.033412,
0.166380,0.036331,0.004269,0.032078,
0.164456,0.038974,-0.038962,0.021664,
0.178393,0.037197,0.390116,0.001200,
0.223906,0.037360,0.505971,0.001914,
0.275488,0.037524,0.519422,0.001330,
0.322236,0.037488,0.419212,-0.001805,
0.342589,0.037392,0.019099,-0.000236,
0.327833,0.035686,0.012588,0.001165,
0.327779,0.035843,-0.011654,0.001864,
0.325551,0.036000,-0.031064,0.001311,
0.322462,0.035963,-0.030453,-0.001697,
0.315909,0.035872,-0.094623,-0.000211,
TIME: 1024 - SYSTEM: Plan 229
0.025942,0.000321,0.387191,0.031057,
0.074867,0.004380,0.571135,0.048296,
0.135465,0.009541,0.629887,0.053914,
0.190910,0.014670,0.485495,0.048606,
0.205496,0.018560,-0.142966,0.030327,
0.177261,0.017045,0.019706,0.025574,
0.179643,0.020415,0.027079,0.040260,
0.184449,0.024740,0.065372,0.045341,
0.191012,0.029217,0.065237,0.043918,
0.196095,0.032538,0.038179,0.023887,
0.163288,0.027421,0.033874,0.018755,
0.165359,0.029884,0.009363,0.029330,
0.165985,0.033050,0.003580,0.033353,
0.166382,0.036333,0.004269,0.032013,
0.164458,0.038997,-0.038959,0.021608,
0.178394,0.037220,0.390091,0.001198,
0.223903,0.037380,0.505933,0.001916,
0.275482,0.037541,0.519394,0.001332,
0.322231,0.037507,0.419222,-0.001800,
0.342590,0.037410,0.019199,-0.000232,
0.327834,0.035703,0.012585,0.001169,
0.327779,0.035858,-0.011659,0.001863,
0.325551,0.036013,-0.031068,0.001311,
0.322462,0.035983,-0.030457,-0.001695,
0.315908,0.035889,-0.094626,-0.000212,
TIME: 1028 - SYSTEM: Plan 230
0.025942,0.000322,0.387192,0.031057,
0.074867,0.004382,0.571137,0.048298,
0.135465,0.009541,0.629889,0.053917,
0.190910,0.014670,0.485497,0.048607,
0.205497,0.018561,-0.142964,0.030328,
0.177262,0.017044,0.019709,0.025574,
0.179644,0.020422,0.027083,0.040263,
0.184450,0.024741,0.065376,0.045338,
0.191013,0.029221,0.065239,0.043914,
0.196097,0.032538,0.038180,0.023813,
0.163289,0.027425,0.033864,0.018798,
0.165358,0.029890,0.009341,0.029396,
0.165983,0.033061,0.003574,0.033438,
0.166380,0.036354,0.004274,0.032098,
0.164457,0.039015,-0.038948,0.021672,
0.178394,0.037237,0.390115,0.001197,
0.223907,0.037397,0.505969,0.001912,
0.275489,0.037560,0.519418,0.001333,
0.322237,0.037520,0.419204,-0.001802,
0.342590,0.037426,0.019080,-0.000230,
0.327834,0.035715,0.012586,0.001167,
0.327779,0.035872,-0.011656,0.001865,
0.325551,0.036028,-0.031066,0.001312,
0.322462,0.035991,-0.030455,-0.001696,
0.315909,0.035904,-0.094624,-0.000206,
TIME: 1032 - SYSTEM: Plan 231
0.025942,0.000321,0.387192,0.031057,
0.074867,0.004380,0.571137,0.048298,
0.135465,0.009540,0.629888,0.053917,
0.190910,0.014671,0.485496,0.048607,
0.205497,0.018562,-0.142966,0.030328,
0.177262,0.017048,0.019708,0.025575,
0.179644,0.020420,0.027083,0.040259,
0.184450,0.024744,0.065375,0.045339,
0.191013,0.029223,0.065239,0.043913,
0.196097,0.032540,0.038179,0.023809,
0.163289,0.027426,0.033866,0.018797,
0.165358,0.029895,0.009344,0.029399,
0.165983,0.033059,0.003574,0.033444,
0.166381,0.036341,0.004277,0.032110,
0.164458,0.039008,-0.038941,0.021677,
0.178395,0.037230,0.390116,0.001198,
0.223907,0.037391,0.505972,0.001914,
0.275489,0.037552,0.519420,0.001330,
0.322238,0.037514,0.419201,-0.001804,
0.342589,0.037423,0.019068,-0.000234,
0.327833,0.035717,0.012587,0.001166,
0.327779,0.035871,-0.011656,0.001864,
0.325551,0.036027,-0.031065,0.001309,
0.322462,0.035994,-0.030454,-0.001699,
0.315909,0.035902,-0.094624,-0.000210,
TIME: 1035 - SYSTEM: Plan 232
0.025942,0.000321,0.387192,0.031057,
0.074867,0.004380,0.571137,0.048296,
0.135465,0.009540,0.629888,0.053915,
0.190910,0.014670,0.485496,0.048606,
0.205497,0.018560,-0.142966,0.030327,
0.177262,0.017047,0.019708,0.025571,
0.179644,0.020420,0.027082,0.040260,
0.184450,0.024747,0.065375,0.045338,
0.191013,0.029221,0.065238,0.043913,
0.196097,0.032538,0.038179,0.023793,
0.163289,0.027428,0.033867,0.018803,
0.165358,0.029908,0.009345,0.029409,
0.165983,0.033073,0.003574,0.033450,
0.166381,0.036372,0.004280,0.032108,
0.164459,0.039039,-0.038932,0.021670,
0.178396,0.037258,0.390115,0.001197,
0.223908,0.037419,0.505968,0.001916,
0.275491,0.037579,0.519418,0.001332,
0.322238,0.037541,0.419206,-0.001801,
0.342590,0.037443,0.019078,-0.000229,
0.327834,0.035734,0.012585,0.001166,
0.327780,0.035888,-0.011658,0.001863,
0.325551,0.036045,-0.031068,0.001311,
0.322462,0.036014,-0.030457,-0.001700,
0.315909,0.035923,-0.094626,-0.000211,
TIME: 1039 - SYSTEM: Plan 233
0.025942,0.000321,0.387193,0.031058,
0.074868,0.004380,0.571139,0.048298,
0.135465,0.009539,0.629890,0.053916,
0.190910,0.014670,0.485498,0.048608,
0.205497,0.018560,-0.142966,0.030328,
0.177262,0.017047,0.019710,0.025572,
0.179644,0.020415,0.027085,0.040261,
0.184451,0.024740,0.065377,0.045341,
0.191014,0.029220,0.065240,0.043915,
0.196098,0.032536,0.038180,0.023823,
0.163289,0.027425,0.033859,0.018784,
0.165357,0.029901,0.009332,0.029379,
0.165982,0.033065,0.003573,0.033419,
0.166379,0.036367,0.004268,0.032079,
0.164454,0.039016,-0.038966,0.021649,
0.178391,0.037238,0.390115,0.001198,
0.223904,0.037399,0.505967,0.001915,
0.275487,0.037559,0.519420,0.001334,
0.322235,0.037519,0.419219,-0.001800,
0.342591,0.037422,0.019121,-0.000229,
0.327835,0.035715,0.012584,0.001166,
0.327780,0.035867,-0.011660,0.001863,
0.325552,0.036026,-0.031070,0.001308,
0.322462,0.035990,-0.030459,-0.001698,
0.315908,0.035898,-0.094627,-0.000210,
TIME: 1043 - SYSTEM: Plan 234
0.025942,0.000321,0.387191,0.031057,
0.074867,0.004379,0.571136,0.048298,
0.135465,0.009538,0.629888,0.053917,
0.190910,0.014670,0.485496,0.048609,
0.205496,0.018560,-0.142966,0.030329,
0.177262,0.017045,0.019707,0.025575,
0.179644,0.020420,0.027081,0.040261,
0.184450,0.024744,0.065374,0.045337,
0.191013,0.029229,0.065238,0.043911,
0.196096,0.032544,0.038179,0.023781,
0.163289,0.027427,0.033872,0.018818,
0.165359,0.029898,0.009354,0.029425,
0.165984,0.033078,0.003575,0.033470,
0.166382,0.036355,0.004287,0.032131,
0.164462,0.039014,-0.038914,0.021693,
0.178398,0.037234,0.390114,0.001199,
0.223910,0.037394,0.505969,0.001915,
0.275493,0.037557,0.519414,0.001333,
0.322239,0.037518,0.419188,-0.001801,
0.342589,0.037427,0.019035,-0.000231,
0.327833,0.035719,0.012587,0.001166,
0.327779,0.035880,-0.011655,0.001863,
0.325551,0.036036,-0.031065,0.001309,
0.322462,0.036001,-0.030454,-0.001702,
0.315909,0.035912,-0.094623,-0.000213,
TIME: 1046 - SYSTEM: Plan 235
0.025942,0.000321,0.387192,0.031058,
0.074867,0.004380,0.571137,0.048298,
0.135465,0.009540,0.629889,0.053917,
0.190910,0.014670,0.485496,0.048608,
0.205497,0.018560,-0.142966,0.030328,
0.177262,0.017049,0.019708,0.025571,
0.179644,0.020421,0.027082,0.040260,
0.184450,0.024746,0.065375,0.045339,
0.191013,0.029221,0.065238,0.043914,
0.196097,0.032544,0.038179,0.023815,
0.163289,0.027424,0.033867,0.018794,
0.165358,0.029893,0.009346,0.029386,
0.165983,0.033063,0.003574,0.033434,
0.166381,0.036353,0.004276,0.032098,
0.164458,0.039007,-0.038943,0.021668,
0.178395,0.037229,0.390116,0.001197,
0.223908,0.037390,0.505972,0.001913,
0.275490,0.037551,0.519420,0.001330,
0.322237,0.037514,0.419207,-0.001804,
0.342589,0.037421,0.019084,-0.000233,
0.327833,0.035715,0.012587,0.001163,
0.327779,0.035872,-0.011655,0.001861,
0.325551,0.036023,-0.031065,0.001307,
0.322462,0.035991,-0.030454,-0.001700,
0.315909,0.035900,-0.094623,-0.000211,
TIME: 1050 - SYSTEM: Plan 236
0.025942,0.000321,0.387193,0.031057,
0.074867,0.004379,0.571138,0.048297,
0.135465,0.009539,0.629890,0.053915,
0.190910,0.014669,0.485497,0.048607,
0.205497,0.018560,-0.142966,0.030329,
0.177262,0.017044,0.019709,0.025574,
0.179644,0.020416,0.027083,0.040262,
0.184450,0.024740,0.065375,0.045341,
0.191013,0.029217,0.065239,0.043917,
0.196097,0.032537,0.038179,0.023876,
0.163289,0.027420,0.033861,0.018758,
0.165357,0.029886,0.009337,0.029327,
0.165982,0.033058,0.003576,0.033363,
0.166379,0.036330,0.004260,0.032026,
0.164453,0.038994,-0.038987,0.021618,
0.178389,0.037214,0.390105,0.001196,
0.223901,0.037375,0.505954,0.001913,
0.275482,0.037533,0.519412,0.001332,
0.322231,0.037496,0.419231,-0.001799,
0.342591,0.037397,0.019185,-0.000228,
0.327835,0.035690,0.012584,0.001167,
0.327780,0.035843,-0.011660,0.001864,
0.325552,0.036005,-0.031070,0.001312,
0.322462,0.035970,-0.030458,-0.001697,
0.315908,0.035878,-0.094626,-0.000212,
TIME: 1054 - SYSTEM: Plan 237
0.025942,0.000321,0.387192,0.031058,
0.074867,0.004380,0.571137,0.048298,
0.135465,0.009539,0.629889,0.053915,
0.190910,0.014670,0.485497,0.048608,
0.205497,0.018562,-0.142965,0.030328,
0.177262,0.017048,0.019708,0.025571,
0.179644,0.020419,0.027082,0.040261,
0.184450,0.024747,0.065375,0.045338,
0.191013,0.029229,0.065238,0.043914,
0.196096,0.032542,0.038179,0.023825,
0.163289,0.027432,0.033867,0.018785,
0.165358,0.029903,0.009347,0.029375,
0.165983,0.033068,0.003575,0.033415,
0.166381,0.036354,0.004275,0.032083,
0.164458,0.039006,-0.038947,0.021658,
0.178395,0.037228,0.390111,0.001197,
0.223907,0.037387,0.505963,0.001912,
0.275488,0.037551,0.519415,0.001330,
0.322236,0.037512,0.419208,-0.001802,
0.342589,0.037419,0.019105,-0.000232,
0.327834,0.035711,0.012587,0.001168,
0.327779,0.035866,-0.011655,0.001864,
0.325551,0.036023,-0.031065,0.001312,
0.322462,0.035989,-0.030454,-0.001696,
0.315909,0.035898,-0.094624,-0.000210,
TIME: 1057 - SYSTEM: Plan 238
0.025942,0.000321,0.387192,0.031057,
0.074867,0.004381,0.571136,0.048297,
0.135465,0.009540,0.629888,0.053915,
0.190910,0.014671,0.485496,0.048607,
0.205496,0.018561,-0.142966,0.030327,
0.177262,0.017048,0.019707,0.025575,
0.179644,0.020418,0.027081,0.040263,
0.184450,0.024741,0.065374,0.045339,
0.191013,0.029221,0.065238,0.043914,
0.196096,0.032542,0.038179,0.023823,
0.163289,0.027422,0.033870,0.018791,
0.165358,0.029894,0.009352,0.029386,
0.165984,0.033053,0.003575,0.033426,
0.166381,0.036352,0.004277,0.032091,
0.164459,0.038995,-0.038938,0.021663,
0.178396,0.037220,0.390110,0.001197,
0.223907,0.037376,0.505962,0.001915,
0.275489,0.037540,0.519413,0.001332,
0.322236,0.037500,0.419205,-0.001801,
0.342590,0.037409,0.019094,-0.000230,
0.327834,0.035704,0.012587,0.001165,
0.327779,0.035860,-0.011656,0.001861,
0.325551,0.036016,-0.031065,0.001310,
0.322462,0.035985,-0.030455,-0.001701,
0.315909,0.035895,-0.094624,-0.000214,
TIME: 1061 - SYSTEM: Plan 239
0.025942,0.000321,0.387192,0.031057,
0.074867,0.004380,0.571137,0.048297,
0.135465,0.009539,0.629889,0.053916,
0.190910,0.014668,0.485496,0.048607,
0.205497,0.018559,-0.142966,0.030328,
0.177262,0.017046,0.019708,0.025575,
0.179644,0.020416,0.027083,0.040261,
0.184450,0.024744,0.065375,0.045342,
0.191013,0.029217,0.065239,0.043911,
0.196097,0.032534,0.038179,0.023773,
0.163289,0.027420,0.033867,0.018820,
0.165358,0.029883,0.009344,0.029425,
0.165983,0.033062,0.003573,0.033479,
0.166381,0.036356,0.004284,0.032148,
0.164460,0.039028,-0.038922,0.021705,
0.178397,0.037248,0.390117,0.001197,
0.223910,0.037408,0.505974,0.001914,
0.275493,0.037569,0.519417,0.001329,
0.322241,0.037532,0.419183,-0.001804,
0.342589,0.037435,0.019015,-0.000231,
0.327833,0.035728,0.012588,0.001166,
0.327779,0.035884,-0.011654,0.001863,
0.325551,0.036038,-0.031064,0.001310,
0.322462,0.036003,-0.030453,-0.001698,
0.315909,0.035917,-0.094623,-0.000207,
TIME: 1064 - SYSTEM: Plan 240
0.025942,0.000321,0.387192,0.031058,
0.074867,0.004379,0.571136,0.048297,
0.135465,0.009539,0.629888,0.053916,
0.190910,0.014670,0.485495,0.048607,
0.205496,0.018561,-0.142967,0.030328,
0.177262,0.017048,0.019707,0.025576,
0.179644,0.020418,0.027081,0.040261,
0.184449,0.024741,0.065373,0.045339,
0.191012,0.029221,0.065238,0.043914,
0.196096,0.032541,0.038179,0.023830,
0.163289,0.027431,0.033872,0.018792,
0.165359,0.029902,0.009357,0.029376,
0.165984,0.033075,0.003577,0.033416,
0.166382,0.036356,0.004279,0.032076,
0.164460,0.039008,-0.038936,0.021653,
0.178396,0.037229,0.390102,0.001198,
0.223908,0.037387,0.505951,0.001914,
0.275488,0.037551,0.519403,0.001332,
0.322235,0.037513,0.419203,-0.001799,
0.342590,0.037418,0.019113,-0.000229,
0.327834,0.035710,0.012587,0.001164,
0.327779,0.035867,-0.011657,0.001861,
0.325551,0.036023,-0.031066,0.001309,
0.322462,0.035992,-0.030455,-0.001699,
0.315909,0.035905,-0.094624,-0.000213,
TIME: 1068 - SYSTEM: Plan 241
0.025942,0.000321,0.387193,0.031058,
0.074868,0.004379,0.571139,0.048297,
0.135465,0.009539,0.629891,0.053916,
0.190911,0.014670,0.485498,0.048608,
0.205497,0.018561,-0.142966,0.030328,
0.177262,0.017045,0.019710,0.025575,
0.179644,0.020420,0.027085,0.040261,
0.184451,0.024744,0.065378,0.045338,
0.191014,0.029223,0.065240,0.043916,
0.196098,0.032539,0.038180,0.023842,
0.163290,0.027423,0.033856,0.018781,
0.165357,0.029888,0.009326,0.029374,
0.165981,0.033065,0.003572,0.033409,
0.166378,0.036338,0.004262,0.032063,
0.164452,0.039001,-0.038982,0.021643,
0.178390,0.037223,0.390118,0.001197,
0.223903,0.037380,0.505970,0.001914,
0.275486,0.037540,0.519426,0.001333,
0.322235,0.037507,0.419229,-0.001799,
0.342591,0.037412,0.019135,-0.000229,
0.327835,0.035702,0.012583,0.001168,
0.327780,0.035859,-0.011661,0.001866,
0.325552,0.036017,-0.031070,0.001312,
0.322462,0.035986,-0.030459,-0.001698,
0.315908,0.035894,-0.094627,-0.000212,
TIME: 1071 - SYSTEM: Plan 242
0.025942,0.000321,0.387192,0.031057,
0.074867,0.004381,0.571136,0.048296,
0.135465,0.009541,0.629888,0.053916,
0.190910,0.014671,0.485496,0.048607,
0.205496,0.018561,-0.142966,0.030327,
0.177262,0.017043,0.019707,0.025572,
0.179644,0.020421,0.027081,0.040260,
0.184450,0.024742,0.065374,0.045338,
0.191012,0.029223,0.065238,0.043915,
0.196096,0.032541,0.038179,0.023835,
0.163289,0.027430,0.033871,0.018779,
0.165358,0.029905,0.009354,0.029368,
0.165984,0.033075,0.003576,0.033405,
0.166382,0.036370,0.004276,0.032065,
0.164459,0.039046,-0.038942,0.021635,
0.178395,0.037265,0.390104,0.001196,
0.223907,0.037421,0.505951,0.001913,
0.275487,0.037584,0.519407,0.001330,
0.322235,0.037548,0.419216,-0.001801,
0.342591,0.037453,0.019142,-0.000230,
0.327835,0.035744,0.012583,0.001167,
0.327780,0.035899,-0.011661,0.001865,
0.325551,0.036059,-0.031071,0.001311,
0.322462,0.036021,-0.030459,-0.001698,
0.315908,0.035933,-0.094626,-0.000210,
TIME: 1075 - SYSTEM: Plan 243
0.025942,0.000321,0.387192,0.031059,
0.074867,0.004380,0.571138,0.048297,
0.135465,0.009539,0.629889,0.053917,
0.190910,0.014670,0.485497,0.048608,
0.205497,0.018561,-0.142965,0.030328,
0.177262,0.017045,0.019709,0.025574,
0.179644,0.020422,0.027083,0.040260,
0.184450,0.024745,0.065376,0.045339,
0.191013,0.029222,0.065239,0.043913,
0.196097,0.032536,0.038180,0.023802,
0.163289,0.027423,0.033864,0.018801,
0.165358,0.029894,0.009339,0.029407,
0.165983,0.033062,0.003573,0.033446,
0.166380,0.036362,0.004275,0.032112,
0.164457,0.039031,-0.038944,0.021676,
0.178394,0.037252,0.390116,0.001197,
0.223907,0.037414,0.505970,0.001914,
0.275489,0.037576,0.519420,0.001330,
0.322237,0.037537,0.419202,-0.001804,
0.342590,0.037443,0.019070,-0.000233,
0.327834,0.035735,0.012586,0.001165,
0.327779,0.035886,-0.011658,0.001864,
0.325551,0.036046,-0.031067,0.001312,
0.322462,0.036011,-0.030456,-0.001698,
0.315909,0.035919,-0.094625,-0.000208,
TIME: 1079 - SYSTEM: Plan 244
0.025942,0.000321,0.387192,0.031057,
0.074867,0.004380,0.571137,0.048297,
0.135465,0.009538,0.629888,0.053916,
0.190910,0.014669,0.485496,0.048607,
0.205496,0.018558,-0.142966,0.030329,
0.177262,0.017043,0.019707,0.025573,
0.179644,0.020419,0.027081,0.040262,
0.184450,0.024742,0.065374,0.045339,
0.191012,0.029217,0.065238,0.043914,
0.196096,0.032539,0.038179,0.023815,
0.163289,0.027428,0.033871,0.018794,
0.165358,0.029896,0.009354,0.029395,
0.165984,0.033070,0.003576,0.033442,
0.166382,0.036357,0.004280,0.032094,
0.164460,0.039026,-0.038932,0.021664,
0.178396,0.037246,0.390111,0.001199,
0.223909,0.037406,0.505962,0.001914,
0.275491,0.037567,0.519412,0.001332,
0.322237,0.037529,0.419204,-0.001800,
0.342590,0.037431,0.019090,-0.000229,
0.327834,0.035721,0.012586,0.001164,
0.327779,0.035879,-0.011657,0.001865,
0.325551,0.036035,-0.031067,0.001313,
0.322462,0.036001,-0.030456,-0.001698,
0.315909,0.035913,-0.094625,-0.000210,
TIME: 1082 - SYSTEM: Plan 245
0.025942,0.000321,0.387192,0.031057,
0.074868,0.004381,0.571137,0.048296,
0.135465,0.009540,0.629889,0.053916,
0.190910,0.014670,0.485496,0.048606,
0.205497,0.018562,-0.142966,0.030327,
0.177262,0.017046,0.019708,0.025573,
0.179644,0.020422,0.027082,0.040262,
0.184450,0.024744,0.065375,0.045340,
0.191013,0.029222,0.065238,0.043914,
0.196096,0.032539,0.038179,0.023819,
0.163289,0.027426,0.033867,0.018794,
0.165358,0.029897,0.009347,0.029388,
0.165983,0.033065,0.003575,0.033423,
0.166381,0.036350,0.004276,0.032088,
0.164458,0.039004,-0.038944,0.021662,
0.178395,0.037226,0.390110,0.001196,
0.223907,0.037386,0.505962,0.001916,
0.275489,0.037547,0.519414,0.001333,
0.322236,0.037516,0.419205,-0.001801,
0.342590,0.037420,0.019096,-0.000233,
0.327834,0.035712,0.012587,0.001168,
0.327779,0.035869,-0.011655,0.001865,
0.325551,0.036028,-0.031065,0.001312,
0.322462,0.035995,-0.030454,-0.001699,
0.315909,0.035906,-0.094624,-0.000213,
TIME: 1086 - SYSTEM: Plan 246
0.025942,0.000322,0.387192,0.031057,
0.074867,0.004381,0.571137,0.048297,
0.135465,0.009541,0.629889,0.053915,
0.190910,0.014672,0.485496,0.048606,
0.205497,0.018562,-0.142966,0.030326,
0.177262,0.017047,0.019708,0.025573,
0.179644,0.020417,0.027083,0.040261,
0.184450,0.024740,0.065375,0.045339,
0.191013,0.029219,0.065238,0.043917,
0.196097,0.032544,0.038179,0.023873,
0.163289,0.027428,0.033865,0.018757,
0.165358,0.029891,0.009345,0.029332,
0.165983,0.033057,0.003576,0.033364,
0.166380,0.036354,0.004264,0.032029,
0.164455,0.039003,-0.038975,0.021614,
0.178391,0.037225,0.390099,0.001198,
0.223903,0.037383,0.505945,0.001914,
0.275483,0.037546,0.519404,0.001333,
0.322231,0.037506,0.419226,-0.001798,
0.342591,0.037409,0.019188,-0.000227,
0.327835,0.035701,0.012584,0.001167,
0.327780,0.035856,-0.011660,0.001867,
0.325551,0.036012,-0.031070,0.001314,
0.322462,0.035980,-0.030459,-0.001696,
0.315908,0.035890,-0.094626,-0.000211,
TIME: 1090 - SYSTEM: Plan 247
0.025942,0.000321,0.387191,0.031057,
0.074867,0.004381,0.571136,0.048296,
0.135465,0.009541,0.629887,0.053915,
0.190910,0.014671,0.485496,0.048606,
0.205496,0.018561,-0.142965,0.030327,
0.177262,0.017046,0.019708,0.025573,
0.179644,0.020422,0.027082,0.040260,
0.184450,0.024745,0.065374,0.045340,
0.191013,0.029226,0.065238,0.043914,
0.196096,0.032541,0.038179,0.023826,
0.163289,0.027428,0.033868,0.018786,
0.165358,0.029895,0.009348,0.029378,
0.165983,0.033069,0.003576,0.033422,
0.166381,0.036367,0.004275,0.032078,
0.164458,0.039036,-0.038946,0.021649,
0.178394,0.037256,0.390107,0.001197,
0.223907,0.037415,0.505956,0.001913,
0.275487,0.037575,0.519408,0.001334,
0.322236,0.037537,0.419210,-0.001798,
0.342591,0.037444,0.019119,-0.000229,
0.327835,0.035737,0.012585,0.001168,
0.327780,0.035890,-0.011659,0.001864,
0.325552,0.036047,-0.031069,0.001310,
0.322462,0.036017,-0.030458,-0.001699,
0.315908,0.035930,-0.094626,-0.000212,
TIME: 1094 - SYSTEM: Plan 248
0.025942,0.000322,0.387192,0.031057,
0.074867,0.004381,0.571137,0.048297,
0.135465,0.009541,0.629888,0.053915,
0.190910,0.014671,0.485496,0.048607,
0.205497,0.018562,-0.142966,0.030327,
0.177262,0.017046,0.019708,0.025574,
0.179644,0.020422,0.027082,0.040263,
0.184450,0.024744,0.065375,0.045340,
0.191013,0.029222,0.065238,0.043914,
0.196097,0.032539,0.038179,0.023818,
0.163289,0.027419,0.033867,0.018790,
0.165358,0.029889,0.009346,0.029391,
0.165983,0.033054,0.003575,0.033433,
0.166381,0.036353,0.004276,0.032097,
0.164458,0.039007,-0.038944,0.021667,
0.178395,0.037230,0.390112,0.001199,
0.223908,0.037390,0.505964,0.001914,
0.275490,0.037552,0.519415,0.001330,
0.322237,0.037511,0.419203,-0.001802,
0.342590,0.037416,0.019087,-0.000231,
0.327834,0.035711,0.012587,0.001166,
0.327779,0.035863,-0.011656,0.001864,
0.325551,0.036018,-0.031066,0.001312,
0.322462,0.035986,-0.030455,-0.001695,
0.315909,0.035895,-0.094624,-0.000209,
TIME: 1097 - SYSTEM: Plan 249
0.025942,0.000321,0.387192,0.031057,
0.074868,0.004380,0.571138,0.048296,
0.135465,0.009539,0.629889,0.053915,
0.190910,0.014669,0.485497,0.048608,
0.205497,0.018560,-0.142966,0.030328,
0.177262,0.017046,0.019709,0.025572,
0.179644,0.020415,0.027083,0.040261,
0.184450,0.024740,0.065376,0.045341,
0.191013,0.029220,0.065239,0.043914,
0.196097,0.032535,0.038180,0.023817,
0.163289,0.027425,0.033861,0.018789,
0.165358,0.029896,0.009335,0.029378,
0.165982,0.033073,0.003573,0.033421,
0.166379,0.036372,0.004271,0.032085,
0.164455,0.039022,-0.038959,0.021648,
0.178392,0.037244,0.390115,0.001198,
0.223905,0.037405,0.505967,0.001911,
0.275486,0.037565,0.519420,0.001329,
0.322235,0.037529,0.419219,-0.001804,
0.342591,0.037438,0.019120,-0.000234,
0.327835,0.035727,0.012584,0.001165,
0.327780,0.035885,-0.011660,0.001865,
0.325551,0.036040,-0.031069,0.001313,
0.322462,0.036008,-0.030458,-0.001696,
0.315908,0.035920,-0.094627,-0.000209,
TIME: 1101 - SYSTEM: Plan 250
0.025942,0.000321,0.387190,0.031057,
0.074867,0.004380,0.571135,0.048297,
0.135465,0.009539,0.629886,0.053916,
0.190910,0.014669,0.485495,0.048609,
0.205496,0.018558,-0.142965,0.030329,
0.177261,0.017043,0.019707,0.025573,
0.179643,0.020419,0.027080,0.040262,
0.184449,0.024742,0.065373,0.045339,
0.191012,0.029217,0.065237,0.043914,
0.196096,0.032539,0.038179,0.023815,
0.163289,0.027425,0.033874,0.018797,
0.165359,0.029897,0.009358,0.029391,
0.165984,0.033062,0.003576,0.033433,
0.166382,0.036353,0.004282,0.032096,
0.164461,0.039010,-0.038926,0.021669,
0.178398,0.037232,0.390108,0.001198,
0.223909,0.037394,0.505960,0.001914,
0.275491,0.037557,0.519410,0.001332,
0.322237,0.037519,0.419198,-0.001802,
0.342589,0.037427,0.019082,-0.000234,
0.327833,0.035717,0.012588,0.001164,
0.327779,0.035874,-0.011654,0.001865,
0.325551,0.036033,-0.031064,0.001311,
0.322462,0.035998,-0.030453,-0.001698,
0.315909,0.035910,-0.094623,-0.000210,
TIME: 1104 - SYSTEM: Plan 251
0.025942,0.000321,0.387191,0.031057,
0.074867,0.004381,0.571136,0.048297,
0.135465,0.009540,0.629887,0.053915,
0.190910,0.014670,0.485495,0.048605,
0.205496,0.018560,-0.142966,0.030327,
0.177262,0.017045,0.019707,0.025569,
0.179643,0.020419,0.027081,0.040262,
0.184449,0.024736,0.065373,0.045339,
0.191012,0.029223,0.065238,0.043915,
0.196096,0.032541,0.038179,0.023837,
0.163289,0.027431,0.033872,0.018778,
0.165359,0.029896,0.009357,0.029369,
0.165984,0.033070,0.003577,0.033415,
0.166382,0.036345,0.004276,0.032070,
0.164460,0.039008,-0.038940,0.021647,
0.178396,0.037229,0.390103,0.001198,
0.223907,0.037385,0.505951,0.001917,
0.275487,0.037547,0.519404,0.001335,
0.322235,0.037507,0.419208,-0.001796,
0.342590,0.037414,0.019123,-0.000225,
0.327834,0.035706,0.012586,0.001165,
0.327779,0.035865,-0.011657,0.001861,
0.325551,0.036018,-0.031067,0.001309,
0.322462,0.035986,-0.030456,-0.001698,
0.315909,0.035893,-0.094625,-0.000211,
TIME: 1108 - SYSTEM: Plan 252
0.025942,0.000321,0.387191,0.031057,
0.074867,0.004380,0.571136,0.048297,
0.135465,0.009541,0.629888,0.053916,
0.190910,0.014671,0.485496,0.048608,
0.205496,0.018561,-0.142965,0.030327,
0.177262,0.017046,0.019708,0.025575,
0.179644,0.020418,0.027082,0.040262,
0.184450,0.024742,0.065375,0.045341,
0.191013,0.029217,0.065238,0.043916,
0.196096,0.032535,0.038179,0.023842,
0.163289,0.027425,0.033867,0.018778,
0.165358,0.029881,0.009348,0.029376,
0.165983,0.033053,0.003576,0.033411,
0.166381,0.036329,0.004272,0.032072,
0.164457,0.038978,-0.038955,0.021657,
0.178393,0.037202,0.390114,0.001198,
0.223906,0.037363,0.505966,0.001914,
0.275487,0.037522,0.519419,0.001332,
0.322235,0.037487,0.419213,-0.001801,
0.342589,0.037394,0.019108,-0.000231,
0.327833,0.035688,0.012588,0.001166,
0.327779,0.035841,-0.011655,0.001865,
0.325551,0.036001,-0.031064,0.001312,
0.322462,0.035964,-0.030453,-0.001696,
0.315909,0.035878,-0.094624,-0.000210,
TIME: 1112 - SYSTEM: Plan 253
0.025942,0.000321,0.387191,0.031057,
0.074867,0.004380,0.571136,0.048297,
0.135465,0.009539,0.629887,0.053916,
0.190910,0.014670,0.485496,0.048608,
0.205496,0.018560,-0.142965,0.030328,
0.177262,0.017046,0.019707,0.025569,
0.179644,0.020418,0.027081,0.040262,
0.184449,0.024742,0.065373,0.045340,
0.191012,0.029220,0.065238,0.043916,
0.196096,0.032535,0.038179,0.023836,
0.163289,0.027428,0.033873,0.018778,
0.165359,0.029893,0.009358,0.029367,
0.165984,0.033070,0.003577,0.033402,
0.166382,0.036345,0.004277,0.032065,
0.164460,0.039005,-0.038938,0.021644,
0.178395,0.037229,0.390103,0.001200,
0.223906,0.037389,0.505951,0.001915,
0.275487,0.037549,0.519405,0.001331,
0.322234,0.037513,0.419209,-0.001801,
0.342590,0.037417,0.019129,-0.000232,
0.327834,0.035709,0.012585,0.001165,
0.327779,0.035863,-0.011659,0.001862,
0.325551,0.036020,-0.031068,0.001310,
0.322462,0.035987,-0.030457,-0.001695,
0.315909,0.035895,-0.094624,-0.000209,
TIME: 1116 - SYSTEM: Plan 254
0.025942,0.000321,0.387191,0.031058,
0.074867,0.004380,0.571136,0.048296,
0.135465,0.009540,0.629888,0.053916,
0.190910,0.014670,0.485496,0.048607,
0.205496,0.018561,-0.142965,0.030327,
0.177262,0.017047,0.019707,0.025574,
0.179644,0.020422,0.027081,0.040262,
0.184450,0.024744,0.065374,0.045338,
0.191012,0.029219,0.065237,0.043914,
0.196096,0.032537,0.038179,0.023810,
0.163289,0.027427,0.033872,0.018796,
0.165358,0.029895,0.009355,0.029393,
0.165984,0.033059,0.003576,0.033442,
0.166382,0.036350,0.004281,0.032103,
0.164460,0.039004,-0.038929,0.021675,
0.178397,0.037227,0.390109,0.001199,
0.223909,0.037386,0.505962,0.001913,
0.275491,0.037549,0.519410,0.001331,
0.322238,0.037510,0.419195,-0.001803,
0.342589,0.037416,0.019071,-0.000232,
0.327833,0.035710,0.012588,0.001165,
0.327779,0.035865,-0.011654,0.001864,
0.325551,0.036021,-0.031063,0.001309,
0.322462,0.035987,-0.030453,-0.001697,
0.315909,0.035893,-0.094623,-0.000209,
TIME: 1120 - SYSTEM: Plan 255
0.025942,0.000321,0.387192,0.031057,
0.074868,0.004380,0.571137,0.048297,
0.135465,0.009540,0.629889,0.053916,
0.190910,0.014671,0.485496,0.048607,
0.205497,0.018562,-0.142966,0.030327,
0.177262,0.017046,0.019709,0.025574,
0.179644,0.020421,0.027083,0.040262,
0.184450,0.024745,0.065376,0.045339,
0.191013,0.029224,0.065239,0.043914,
0.196097,0.032538,0.038180,0.023820,
0.163289,0.027428,0.033861,0.018785,
0.165358,0.029896,0.009335,0.029377,
0.165982,0.033063,0.003573,0.033428,
0.166379,0.036356,0.004270,0.032091,
0.164455,0.039020,-0.038960,0.021661,
0.178392,0.037241,0.390115,0.001196,
0.223905,0.037402,0.505969,0.001913,
0.275488,0.037561,0.519419,0.001333,
0.322235,0.037527,0.419211,-0.001800,
0.342590,0.037432,0.019100,-0.000230,
0.327834,0.035723,0.012585,0.001168,
0.327780,0.035881,-0.011658,0.001863,
0.325551,0.036038,-0.031067,0.001312,
0.322462,0.036004,-0.030456,-0.001697,
0.315909,0.035913,-0.094625,-0.000210,
TIME: 1123 - SYSTEM: Plan 256
0.025942,0.000321,0.387193,0.031057,
0.074867,0.004381,0.571138,0.048296,
0.135465,0.009541,0.629890,0.053915,
0.190910,0.014671,0.485497,0.048606,
0.205497,0.018561,-0.142966,0.030327,
0.177262,0.017046,0.019709,0.025572,
0.179644,0.020418,0.027084,0.040259,
0.184450,0.024743,0.065376,0.045342,
0.191013,0.029222,0.065239,0.043913,
0.196097,0.032535,0.038180,0.023814,
0.163289,0.027422,0.033863,0.018792,
0.165358,0.029875,0.009338,0.029401,
0.165982,0.033053,0.003574,0.033444,
0.166380,0.036339,0.004273,0.032108,
0.164456,0.039003,-0.038953,0.021676,
0.178394,0.037224,0.390120,0.001196,
0.223907,0.037387,0.505975,0.001912,
0.275490,0.037549,0.519424,0.001331,
0.322237,0.037514,0.419206,-0.001804,
0.342590,0.037418,0.019071,-0.000235,
0.327834,0.035710,0.012586,0.001168,
0.327779,0.035864,-0.011657,0.001865,
0.325551,0.036023,-0.031066,0.001313,
0.322462,0.035990,-0.030455,-0.001696,
0.315909,0.035899,-0.094625,-0.000209,
TIME: 1127 - SYSTEM: Plan 257
0.025942,0.000321,0.387191,0.031057,
0.074867,0.004381,0.571136,0.048297,
0.135465,0.009541,0.629888,0.053915,
0.190910,0.014671,0.485495,0.048607,
0.205496,0.018561,-0.142966,0.030327,
0.177262,0.017048,0.019707,0.025575,
0.179644,0.020418,0.027081,0.040263,
0.184450,0.024741,0.065374,0.045339,
0.191012,0.029221,0.065238,0.043914,
0.196096,0.032542,0.038179,0.023823,
0.163289,0.027422,0.033872,0.018791,
0.165358,0.029894,0.009355,0.029386,
0.165984,0.033053,0.003576,0.033426,
0.166382,0.036352,0.004278,0.032091,
0.164460,0.038995,-0.038935,0.021663,
0.178396,0.037218,0.390106,0.001198,
0.223908,0.037378,0.505956,0.001915,
0.275490,0.037539,0.519407,0.001332,
0.322237,0.037500,0.419200,-0.001802,
0.342589,0.037406,0.019093,-0.000229,
0.327834,0.035698,0.012587,0.001165,
0.327779,0.035853,-0.011655,0.001865,
0.325551,0.036010,-0.031065,0.001310,
0.322462,0.035979,-0.030454,-0.001697,
0.315909,0.035890,-0.094624,-0.000211,
TIME: 1130 - SYSTEM: Plan 258
0.025942,0.000321,0.387192,0.031056,
0.074867,0.004380,0.571137,0.048297,
0.135465,0.009540,0.629888,0.053917,
0.190910,0.014671,0.485496,0.048608,
0.205497,0.018561,-0.142966,0.030328,
0.177262,0.017046,0.019708,0.025574,
0.179644,0.020417,0.027083,0.040261,
0.184450,0.024740,0.065375,0.045340,
0.191013,0.029223,0.065238,0.043914,
0.196097,0.032538,0.038179,0.023818,
0.163289,0.027425,0.033866,0.018795,
0.165358,0.029890,0.009345,0.029389,
0.165983,0.033067,0.003574,0.033431,
0.166380,0.036372,0.004275,0.032090,
0.164458,0.039028,-0.038945,0.021654,
0.178394,0.037251,0.390111,0.001198,
0.223907,0.037415,0.505962,0.001913,
0.275489,0.037576,0.519414,0.001326,
0.322236,0.037539,0.419211,-0.001806,
0.342591,0.037444,0.019107,-0.000236,
0.327835,0.035733,0.012585,0.001166,
0.327780,0.035887,-0.011659,0.001863,
0.325551,0.036048,-0.031069,0.001312,
0.322462,0.036014,-0.030458,-0.001698,
0.315908,0.035923,-0.094626,-0.000209,
TIME: 1134 - SYSTEM: Plan 259
0.025942,0.000321,0.387192,0.031057,
0.074867,0.004380,0.571136,0.048297,
0.135465,0.009539,0.629888,0.053915,
0.190910,0.014670,0.485496,0.048606,
0.205496,0.018561,-0.142966,0.030327,
0.177262,0.017049,0.019708,0.025573,
0.179644,0.020417,0.027082,0.040262,
0.184450,0.024740,0.065374,0.045343,
0.191013,0.029224,0.065238,0.043916,
0.196096,0.032539,0.038179,0.023864,
0.163289,0.027425,0.033869,0.018760,
0.165358,0.029888,0.009352,0.029347,
0.165984,0.033071,0.003577,0.033374,
0.166381,0.036344,0.004269,0.032035,
0.164457,0.038991,-0.038961,0.021620,
0.178394,0.037214,0.390099,0.001198,
0.223904,0.037373,0.505944,0.001914,
0.275484,0.037532,0.519403,0.001332,
0.322232,0.037494,0.419222,-0.001797,
0.342591,0.037399,0.019174,-0.000226,
0.327835,0.035692,0.012584,0.001166,
0.327780,0.035845,-0.011660,0.001863,
0.325552,0.036000,-0.031071,0.001312,
0.322462,0.035967,-0.030459,-0.001694,
0.315908,0.035876,-0.094626,-0.000208,
TIME: 1137 - SYSTEM: Plan 260
0.025942,0.000320,0.387192,0.031057,
0.074867,0.004380,0.571138,0.048298,
0.135465,0.009540,0.629889,0.053916,
0.190910,0.014670,0.485497,0.048607,
0.205497,0.018560,-0.142965,0.030328,
0.177262,0.017044,0.019709,0.025573,
0.179644,0.020415,0.027083,0.040260,
0.184450,0.024740,0.065376,0.045339,
0.191014,0.029219,0.065239,0.043917,
0.196097,0.032537,0.038180,0.023854,
0.163289,0.027421,0.033861,0.018774,
0.165358,0.029889,0.009337,0.029357,
0.165982,0.033055,0.003574,0.033388,
0.166379,0.036342,0.004264,0.032056,
0.164454,0.038988,-0.038975,0.021641,
0.178391,0.037211,0.390112,0.001197,
0.223903,0.037371,0.505963,0.001915,
0.275485,0.037535,0.519419,0.001335,
0.322233,0.037500,0.419222,-0.001802,
0.342590,0.037406,0.019140,-0.000234,
0.327834,0.035698,0.012586,0.001167,
0.327779,0.035852,-0.011657,0.001865,
0.325551,0.036009,-0.031066,0.001312,
0.322462,0.035972,-0.030455,-0.001697,
0.315909,0.035885,-0.094625,-0.000210,
TIME: 1141 - SYSTEM: Plan 261
0.025942,0.000321,0.387193,0.031057,
0.074867,0.004381,0.571138,0.048298,
0.135465,0.009541,0.629889,0.053916,
0.190910,0.014671,0.485497,0.048608,
0.205497,0.018562,-0.142966,0.030328,
0.177262,0.017048,0.019709,0.025573,
0.179644,0.020417,0.027083,0.040262,
0.184450,0.024744,0.065375,0.045340,
0.191013,0.029221,0.065239,0.043915,
0.196097,0.032539,0.038179,0.023843,
0.163289,0.027429,0.033862,0.018781,
0.165358,0.029885,0.009337,0.029363,
0.165982,0.033059,0.003574,0.033396,
0.166379,0.036352,0.004266,0.032061,
0.164455,0.039006,-0.038969,0.021639,
0.178392,0.037229,0.390109,0.001197,
0.223903,0.037390,0.505960,0.001912,
0.275485,0.037549,0.519415,0.001332,
0.322234,0.037517,0.419221,-0.001800,
0.342591,0.037423,0.019141,-0.000233,
0.327835,0.035714,0.012585,0.001167,
0.327780,0.035869,-0.011658,0.001863,
0.325551,0.036026,-0.031068,0.001312,
0.322462,0.035995,-0.030457,-0.001696,
0.315908,0.035903,-0.094626,-0.000210,
TIME: 1146 - SYSTEM: Plan 262
0.025942,0.000321,0.387194,0.031058,
0.074868,0.004380,0.571139,0.048298,
0.135465,0.009541,0.629891,0.053916,
0.190910,0.014670,0.485498,0.048607,
0.205497,0.018561,-0.142966,0.030328,
0.177262,0.017049,0.019710,0.025574,
0.179644,0.020418,0.027085,0.040261,
0.184451,0.024738,0.065378,0.045342,
0.191014,0.029219,0.065241,0.043915,
0.196098,0.032531,0.038180,0.023831,
0.163290,0.027424,0.033858,0.018786,
0.165357,0.029886,0.009329,0.029379,
0.165981,0.033068,0.003573,0.033418,
0.166378,0.036361,0.004265,0.032073,
0.164453,0.039017,-0.038974,0.021644,
0.178390,0.037239,0.390115,0.001199,
0.223903,0.037401,0.505967,0.001915,
0.275486,0.037565,0.519422,0.001332,
0.322235,0.037528,0.419224,-0.001803,
0.342592,0.037432,0.019130,-0.000236,
0.327835,0.035722,0.012583,0.001165,
0.327781,0.035878,-0.011661,0.001866,
0.325552,0.036037,-0.031071,0.001312,
0.322462,0.036004,-0.030460,-0.001696,
0.315908,0.035915,-0.094628,-0.000210,
TIME: 1150 - SYSTEM: Plan 263
0.025942,0.000321,0.387191,0.031057,
0.074867,0.004380,0.571136,0.048296,
0.135465,0.009540,0.629888,0.053915,
0.190910,0.014671,0.485496,0.048607,
0.205496,0.018561,-0.142966,0.030327,
0.177262,0.017047,0.019707,0.025573,
0.179644,0.020421,0.027081,0.040261,
0.184450,0.024743,0.065374,0.045340,
0.191012,0.029220,0.065238,0.043914,
0.196096,0.032533,0.038179,0.023815,
0.163289,0.027420,0.033870,0.018796,
0.165358,0.029898,0.009352,0.029392,
0.165984,0.033069,0.003576,0.033428,
0.166381,0.036358,0.004279,0.032090,
0.164459,0.038994,-0.038936,0.021663,
0.178396,0.037216,0.390113,0.001199,
0.223908,0.037375,0.505966,0.001912,
0.275489,0.037536,0.519418,0.001333,
0.322237,0.037499,0.419208,-0.001799,
0.342589,0.037404,0.019093,-0.000229,
0.327834,0.035695,0.012587,0.001165,
0.327779,0.035849,-0.011656,0.001864,
0.325551,0.036008,-0.031066,0.001313,
0.322462,0.035977,-0.030455,-0.001698,
0.315909,0.035884,-0.094624,-0.000210,
TIME: 1153 - SYSTEM: Plan 264
0.025942,0.000321,0.387192,0.031057,
0.074868,0.004380,0.571137,0.048298,
0.135465,0.009540,0.629889,0.053916,
0.190910,0.014670,0.485496,0.048608,
0.205497,0.018562,-0.142966,0.030328,
0.177262,0.017048,0.019709,0.025574,
0.179644,0.020420,0.027083,0.040258,
0.184450,0.024745,0.065376,0.045337,
0.191013,0.029226,0.065239,0.043912,
0.196097,0.032548,0.038180,0.023800,
0.163289,0.027441,0.033864,0.018794,
0.165358,0.029903,0.009339,0.029394,
0.165982,0.033063,0.003573,0.033442,
0.166380,0.036367,0.004277,0.032101,
0.164457,0.039018,-0.038943,0.021672,
0.178394,0.037239,0.390114,0.001197,
0.223907,0.037399,0.505967,0.001915,
0.275490,0.037562,0.519416,0.001332,
0.322237,0.037521,0.419203,-0.001802,
0.342590,0.037426,0.019078,-0.000232,
0.327834,0.035718,0.012586,0.001166,
0.327779,0.035876,-0.011657,0.001864,
0.325551,0.036030,-0.031066,0.001309,
0.322462,0.035997,-0.030455,-0.001700,
0.315909,0.035908,-0.094625,-0.000211,
TIME: 1157 - SYSTEM: Plan 265
0.025942,0.000321,0.387191,0.031058,
0.074867,0.004381,0.571136,0.048298,
0.135465,0.009540,0.629888,0.053916,
0.190910,0.014671,0.485496,0.048607,
0.205496,0.018561,-0.142966,0.030327,
0.177262,0.017049,0.019707,0.025574,
0.179644,0.020417,0.027081,0.040261,
0.184450,0.024741,0.065374,0.045341,
0.191012,0.029217,0.065238,0.043915,
0.196096,0.032538,0.038179,0.023832,
0.163289,0.027428,0.033870,0.018787,
0.165358,0.029887,0.009352,0.029382,
0.165984,0.033061,0.003576,0.033423,
0.166381,0.036344,0.004276,0.032080,
0.164458,0.038998,-0.038944,0.021656,
0.178395,0.037221,0.390106,0.001197,
0.223907,0.037380,0.505956,0.001912,
0.275488,0.037542,0.519408,0.001333,
0.322236,0.037504,0.419206,-0.001801,
0.342590,0.037413,0.019106,-0.000231,
0.327834,0.035706,0.012586,0.001165,
0.327779,0.035860,-0.011657,0.001861,
0.325551,0.036017,-0.031067,0.001309,
0.322462,0.035980,-0.030456,-0.001697,
0.315909,0.035891,-0.094625,-0.000208,
TIME: 1161 - SYSTEM: Plan 266
0.025942,0.000321,0.387192,0.031058,
0.074868,0.004380,0.571137,0.048297,
0.135465,0.009540,0.629888,0.053915,
0.190910,0.014671,0.485496,0.048607,
0.205497,0.018561,-0.142966,0.030328,
0.177262,0.017051,0.019708,0.025574,
0.179644,0.020418,0.027082,0.040261,
0.184450,0.024738,0.065375,0.045341,
0.191013,0.029221,0.065238,0.043915,
0.196097,0.032535,0.038179,0.023832,
0.163289,0.027421,0.033866,0.018782,
0.165358,0.029893,0.009346,0.029374,
0.165983,0.033067,0.003575,0.033418,
0.166380,0.036368,0.004273,0.032076,
0.164457,0.039018,-0.038953,0.021643,
0.178394,0.037240,0.390111,0.001196,
0.223907,0.037400,0.505962,0.001912,
0.275488,0.037560,0.519416,0.001331,
0.322235,0.037519,0.419218,-0.001801,
0.342591,0.037427,0.019129,-0.000230,
0.327835,0.035717,0.012585,0.001168,
0.327780,0.035874,-0.011659,0.001864,
0.325552,0.036034,-0.031068,0.001313,
0.322462,0.036001,-0.030457,-0.001698,
0.315908,0.035909,-0.094626,-0.000213,
TIME: 1165 - SYSTEM: Plan 267
0.025942,0.000322,0.387192,0.031057,
0.074867,0.004380,0.571136,0.048297,
0.135465,0.009540,0.629888,0.053915,
0.190910,0.014671,0.485496,0.048607,
0.205497,0.018562,-0.142966,0.030328,
0.177262,0.017049,0.019709,0.025575,
0.179644,0.020420,0.027083,0.040259,
0.184450,0.024744,0.065376,0.045338,
0.191013,0.029221,0.065239,0.043913,
0.196097,0.032538,0.038180,0.023807,
0.163289,0.027425,0.033864,0.018802,
0.165358,0.029900,0.009341,0.029414,
0.165983,0.033081,0.003573,0.033453,
0.166380,0.036362,0.004276,0.032099,
0.164457,0.039021,-0.038945,0.021666,
0.178395,0.037243,0.390115,0.001197,
0.223907,0.037401,0.505967,0.001913,
0.275489,0.037565,0.519418,0.001332,
0.322238,0.037523,0.419209,-0.001802,
0.342591,0.037430,0.019085,-0.000230,
0.327835,0.035724,0.012583,0.001164,
0.327780,0.035880,-0.011661,0.001861,
0.325552,0.036035,-0.031071,0.001309,
0.322462,0.036001,-0.030459,-0.001699,
0.315908,0.035913,-0.094627,-0.000212,
TIME: 1169 - SYSTEM: Plan 268
0.025942,0.000321,0.387192,0.031057,
0.074867,0.004380,0.571137,0.048297,
0.135465,0.009540,0.629888,0.053916,
0.190910,0.014669,0.485496,0.048608,
0.205496,0.018559,-0.142966,0.030328,
0.177262,0.017045,0.019707,0.025574,
0.179644,0.020420,0.027081,0.040262,
0.184450,0.024742,0.065373,0.045338,
0.191012,0.029220,0.065237,0.043912,
0.196096,0.032535,0.038179,0.023782,
0.163289,0.027422,0.033871,0.018816,
0.165358,0.029890,0.009352,0.029424,
0.165984,0.033064,0.003574,0.033471,
0.166382,0.036360,0.004285,0.032135,
0.164461,0.039016,-0.038917,0.021694,
0.178398,0.037237,0.390116,0.001199,
0.223911,0.037400,0.505971,0.001912,
0.275494,0.037559,0.519417,0.001330,
0.322240,0.037518,0.419189,-0.001803,
0.342589,0.037427,0.019032,-0.000231,
0.327833,0.035718,0.012588,0.001166,
0.327779,0.035872,-0.011655,0.001865,
0.325551,0.036030,-0.031064,0.001311,
0.322462,0.035998,-0.030453,-0.001697,
0.315909,0.035908,-0.094623,-0.000207,
TIME: 1173 - SYSTEM: Plan 269
0.025942,0.000321,0.387191,0.031057,
0.074867,0.004380,0.571136,0.048297,
0.135465,0.009539,0.629887,0.053916,
0.190910,0.014669,0.485495,0.048608,
0.205496,0.018559,-0.142966,0.030328,
0.177262,0.017043,0.019707,0.025573,
0.179644,0.020420,0.027081,0.040261,
0.184450,0.024738,0.065374,0.045338,
0.191012,0.029220,0.065237,0.043915,
0.196096,0.032539,0.038179,0.023835,
0.163289,0.027428,0.033870,0.018782,
0.165358,0.029887,0.009352,0.029373,
0.165984,0.033064,0.003576,0.033414,
0.166381,0.036351,0.004275,0.032076,
0.164458,0.038992,-0.038946,0.021654,
0.178394,0.037216,0.390109,0.001198,
0.223907,0.037375,0.505960,0.001914,
0.275488,0.037537,0.519412,0.001331,
0.322235,0.037495,0.419209,-0.001801,
0.342590,0.037403,0.019112,-0.000229,
0.327834,0.035697,0.012588,0.001167,
0.327779,0.035855,-0.011655,0.001861,
0.325551,0.036011,-0.031065,0.001307,
0.322463,0.035976,-0.030454,-0.001700,
0.315909,0.035885,-0.094624,-0.000213,
TIME: 1176 - SYSTEM: Plan 270
0.025942,0.000321,0.387192,0.031057,
0.074867,0.004380,0.571136,0.048297,
0.135465,0.009540,0.629888,0.053916,
0.190910,0.014669,0.485496,0.048607,
0.205496,0.018559,-0.142966,0.030328,
0.177262,0.017045,0.019707,0.025575,
0.179644,0.020420,0.027081,0.040263,
0.184450,0.024741,0.065374,0.045339,
0.191013,0.029220,0.065238,0.043913,
0.196096,0.032534,0.038179,0.023792,
0.163289,0.027424,0.033872,0.018802,
0.165359,0.029880,0.009354,0.029404,
0.165984,0.033042,0.003575,0.033448,
0.166382,0.036323,0.004285,0.032122,
0.164461,0.038976,-0.038920,0.021697,
0.178397,0.037200,0.390113,0.001199,
0.223910,0.037360,0.505969,0.001916,
0.275493,0.037524,0.519415,0.001331,
0.322239,0.037487,0.419185,-0.001801,
0.342588,0.037392,0.019033,-0.000233,
0.327832,0.035685,0.012591,0.001165,
0.327778,0.035841,-0.011650,0.001863,
0.325551,0.035998,-0.031060,0.001310,
0.322462,0.035965,-0.030449,-0.001696,
0.315909,0.035874,-0.094620,-0.000210,
TIME: 1180 - SYSTEM: Plan 271
0.025942,0.000321,0.387193,0.031057,
0.074868,0.004381,0.571138,0.048296,
0.135465,0.009540,0.629890,0.053915,
0.190910,0.014669,0.485497,0.048607,
0.205497,0.018559,-0.142967,0.030328,
0.177262,0.017045,0.019710,0.025575,
0.179645,0.020420,0.027086,0.040263,
0.184451,0.024741,0.065378,0.045338,
0.191014,0.029220,0.065241,0.043913,
0.196098,0.032534,0.038180,0.023792,
0.163290,0.027421,0.033856,0.018804,
0.165357,0.029880,0.009324,0.029418,
0.165981,0.033052,0.003570,0.033468,
0.166378,0.036341,0.004271,0.032134,
0.164454,0.039006,-0.038959,0.021700,
0.178393,0.037228,0.390131,0.001198,
0.223907,0.037387,0.505992,0.001914,
0.275491,0.037550,0.519438,0.001333,
0.322240,0.037511,0.419204,-0.001802,
0.342589,0.037418,0.019029,-0.000232,
0.327833,0.035710,0.012587,0.001167,
0.327779,0.035863,-0.011655,0.001864,
0.325551,0.036021,-0.031065,0.001313,
0.322462,0.035986,-0.030454,-0.001697,
0.315909,0.035894,-0.094623,-0.000207,
TIME: 1184 - SYSTEM: Plan 272
0.025942,0.000321,0.387193,0.031057,
0.074867,0.004380,0.571138,0.048298,
0.135465,0.009540,0.629889,0.053915,
0.190910,0.014670,0.485496,0.048607,
0.205497,0.018560,-0.142967,0.030327,
0.177262,0.017048,0.019708,0.025570,
0.179644,0.020417,0.027083,0.040260,
0.184450,0.024749,0.065375,0.045339,
0.191013,0.029223,0.065238,0.043913,
0.196097,0.032541,0.038180,0.023812,
0.163289,0.027431,0.033866,0.018783,
0.165358,0.029893,0.009344,0.029393,
0.165983,0.033064,0.003573,0.033442,
0.166380,0.036354,0.004275,0.032102,
0.164458,0.039024,-0.038944,0.021670,
0.178395,0.037246,0.390115,0.001197,
0.223907,0.037407,0.505968,0.001914,
0.275490,0.037569,0.519417,0.001331,
0.322237,0.037528,0.419204,-0.001802,
0.342590,0.037436,0.019080,-0.000231,
0.327834,0.035730,0.012586,0.001165,
0.327779,0.035887,-0.011657,0.001862,
0.325551,0.036044,-0.031067,0.001307,
0.322462,0.036010,-0.030455,-0.001701,
0.315909,0.035922,-0.094624,-0.000214,
TIME: 1188 - SYSTEM: Plan 273
0.025942,0.000321,0.387192,0.031058,
0.074867,0.004380,0.571136,0.048297,
0.135465,0.009540,0.629888,0.053916,
0.190910,0.014669,0.485496,0.048607,
0.205496,0.018559,-0.142966,0.030328,
0.177262,0.017045,0.019707,0.025573,
0.179644,0.020420,0.027081,0.040262,
0.184450,0.024736,0.065374,0.045337,
0.191012,0.029222,0.065238,0.043915,
0.196096,0.032544,0.038179,0.023843,
0.163289,0.027431,0.033871,0.018775,
0.165358,0.029891,0.009354,0.029366,
0.165984,0.033056,0.003577,0.033400,
0.166381,0.036344,0.004275,0.032071,
0.164459,0.038999,-0.038947,0.021650,
0.178396,0.037221,0.390108,0.001197,
0.223906,0.037381,0.505958,0.001914,
0.275488,0.037541,0.519412,0.001331,
0.322234,0.037502,0.419210,-0.001801,
0.342589,0.037407,0.019121,-0.000230,
0.327833,0.035699,0.012588,0.001166,
0.327779,0.035853,-0.011654,0.001864,
0.325551,0.036011,-0.031064,0.001312,
0.322462,0.035982,-0.030453,-0.001697,
0.315909,0.035891,-0.094623,-0.000212,
TIME: 1192 - SYSTEM: Plan 274
0.025942,0.000321,0.387192,0.031058,
0.074867,0.004379,0.571137,0.048297,
0.135465,0.009539,0.629889,0.053915,
0.190910,0.014669,0.485496,0.048608,
0.205496,0.018558,-0.142965,0.030329,
0.177262,0.017043,0.019708,0.025573,
0.179644,0.020419,0.027082,0.040262,
0.184450,0.024742,0.065374,0.045339,
0.191013,0.029217,0.065238,0.043914,
0.196096,0.032539,0.038179,0.023815,
0.163289,0.027429,0.033868,0.018799,
0.165358,0.029896,0.009348,0.029399,
0.165983,0.033069,0.003575,0.033434,
0.166381,0.036365,0.004278,0.032096,
0.164459,0.039025,-0.038940,0.021663,
0.178395,0.037245,0.390106,0.001199,
0.223908,0.037403,0.505956,0.001913,
0.275489,0.037566,0.519408,0.001333,
0.322237,0.037528,0.419201,-0.001799,
0.342590,0.037433,0.019092,-0.000229,
0.327834,0.035725,0.012585,0.001165,
0.327780,0.035880,-0.011658,0.001863,
0.325552,0.036035,-0.031068,0.001311,
0.322462,0.036002,-0.030457,-0.001697,
0.315909,0.035912,-0.094626,-0.000210,
TIME: 1196 - SYSTEM: Plan 275
0.025942,0.000321,0.387191,0.031058,
0.074867,0.004380,0.571136,0.048296,
0.135465,0.009540,0.629888,0.053916,
0.190910,0.014671,0.485496,0.048608,
0.205496,0.018562,-0.142966,0.030327,
0.177262,0.017049,0.019708,0.025573,
0.179644,0.020417,0.027082,0.040264,
0.184450,0.024742,0.065375,0.045340,
0.191013,0.029220,0.065238,0.043916,
0.196096,0.032539,0.038179,0.023847,
0.163289,0.027429,0.033867,0.018774,
0.165358,0.029903,0.009348,0.029356,
0.165983,0.033074,0.003576,0.033395,
0.166381,0.036355,0.004271,0.032053,
0.164457,0.039016,-0.038958,0.021632,
0.178394,0.037238,0.390105,0.001197,
0.223905,0.037399,0.505954,0.001913,
0.275486,0.037561,0.519410,0.001332,
0.322233,0.037525,0.419221,-0.001802,
0.342591,0.037431,0.019152,-0.000233,
0.327835,0.035722,0.012584,0.001165,
0.327780,0.035880,-0.011660,0.001863,
0.325552,0.036035,-0.031070,0.001310,
0.322462,0.036001,-0.030458,-0.001698,
0.315908,0.035911,-0.094626,-0.000211,
TIME: 1200 - SYSTEM: Plan 276
0.025942,0.000321,0.387192,0.031057,
0.074867,0.004381,0.571137,0.048297,
0.135465,0.009541,0.629889,0.053915,
0.190910,0.014670,0.485497,0.048607,
0.205497,0.018561,-0.142965,0.030327,
0.177262,0.017049,0.019708,0.025573,
0.179644,0.020417,0.027082,0.040260,
0.184450,0.024741,0.065375,0.045341,
0.191013,0.029222,0.065238,0.043915,
0.196097,0.032536,0.038179,0.023839,
0.163289,0.027429,0.033864,0.018780,
0.165358,0.029885,0.009342,0.029369,
0.165983,0.033062,0.003575,0.033411,
0.166380,0.036358,0.004270,0.032071,
0.164456,0.039023,-0.038961,0.021640,
0.178392,0.037245,0.390111,0.001199,
0.223904,0.037405,0.505961,0.001912,
0.275486,0.037565,0.519416,0.001329,
0.322235,0.037528,0.419221,-0.001802,
0.342591,0.037434,0.019136,-0.000231,
0.327835,0.035725,0.012583,0.001165,
0.327780,0.035880,-0.011661,0.001865,
0.325552,0.036038,-0.031070,0.001315,
0.322462,0.036004,-0.030459,-0.001693,
0.315908,0.035914,-0.094627,-0.000208,
TIME: 1203 - SYSTEM: Plan 277
0.025942,0.000321,0.387192,0.031057,
0.074867,0.004380,0.571137,0.048297,
0.135465,0.009540,0.629888,0.053916,
0.190910,0.014670,0.485496,0.048607,
0.205497,0.018561,-0.142965,0.030328,
0.177262,0.017044,0.019708,0.025574,
0.179644,0.020421,0.027082,0.040259,
0.184450,0.024742,0.065375,0.045339,
0.191013,0.029223,0.065239,0.043911,
0.196097,0.032538,0.038179,0.023768,
0.163289,0.027428,0.033867,0.018817,
0.165358,0.029893,0.009344,0.029430,
0.165983,0.033078,0.003573,0.033478,
0.166381,0.036392,0.004286,0.032147,
0.164460,0.039045,-0.038919,0.021693,
0.178397,0.037263,0.390122,0.001198,
0.223911,0.037423,0.505979,0.001916,
0.275494,0.037586,0.519425,0.001333,
0.322240,0.037548,0.419194,-0.001802,
0.342590,0.037452,0.019032,-0.000231,
0.327834,0.035741,0.012586,0.001166,
0.327779,0.035892,-0.011656,0.001867,
0.325551,0.036053,-0.031066,0.001311,
0.322462,0.036023,-0.030455,-0.001696,
0.315909,0.035933,-0.094624,-0.000208,
TIME: 1207 - SYSTEM: Plan 278
0.025942,0.000321,0.387193,0.031057,
0.074868,0.004380,0.571139,0.048297,
0.135465,0.009540,0.629890,0.053916,
0.190910,0.014670,0.485497,0.048607,
0.205497,0.018561,-0.142967,0.030328,
0.177262,0.017048,0.019709,0.025574,
0.179644,0.020421,0.027084,0.040258,
0.184451,0.024742,0.065377,0.045336,
0.191014,0.029218,0.065239,0.043912,
0.196097,0.032538,0.038180,0.023794,
0.163289,0.027428,0.033861,0.018804,
0.165357,0.029886,0.009333,0.029407,
0.165982,0.033060,0.003572,0.033459,
0.166379,0.036356,0.004275,0.032123,
0.164456,0.039021,-0.038948,0.021681,
0.178394,0.037242,0.390123,0.001199,
0.223907,0.037403,0.505980,0.001915,
0.275490,0.037563,0.519427,0.001335,
0.322239,0.037528,0.419206,-0.001799,
0.342590,0.037436,0.019059,-0.000231,
0.327834,0.035725,0.012585,0.001165,
0.327779,0.035881,-0.011658,0.001864,
0.325551,0.036041,-0.031067,0.001310,
0.322462,0.036003,-0.030456,-0.001700,
0.315909,0.035912,-0.094625,-0.000210,
TIME: 1210 - SYSTEM: Plan 279
0.025942,0.000321,0.387193,0.031056,
0.074868,0.004380,0.571139,0.048297,
0.135465,0.009540,0.629890,0.053916,
0.190910,0.014670,0.485497,0.048608,
0.205497,0.018561,-0.142967,0.030328,
0.177262,0.017047,0.019709,0.025576,
0.179644,0.020418,0.027084,0.040259,
0.184451,0.024740,0.065376,0.045339,
0.191013,0.029220,0.065239,0.043912,
0.196097,0.032531,0.038180,0.023787,
0.163289,0.027417,0.033862,0.018813,
0.165358,0.029891,0.009335,0.029415,
0.165982,0.033073,0.003572,0.033467,
0.166379,0.036369,0.004277,0.032127,
0.164457,0.039035,-0.038943,0.021686,
0.178394,0.037256,0.390125,0.001198,
0.223907,0.037412,0.505984,0.001915,
0.275491,0.037570,0.519431,0.001334,
0.322239,0.037534,0.419205,-0.001799,
0.342590,0.037436,0.019051,-0.000227,
0.327834,0.035727,0.012585,0.001167,
0.327779,0.035881,-0.011658,0.001866,
0.325551,0.036042,-0.031067,0.001311,
0.322462,0.036004,-0.030456,-0.001700,
0.315909,0.035915,-0.094625,-0.000209,
TIME: 1214 - SYSTEM: Plan 280
0.025942,0.000322,0.387193,0.031057,
0.074868,0.004380,0.571138,0.048296,
0.135465,0.009540,0.629889,0.053917,
0.190910,0.014670,0.485497,0.048608,
0.205497,0.018560,-0.142967,0.030328,
0.177262,0.017049,0.019709,0.025571,
0.179644,0.020421,0.027083,0.040260,
0.184450,0.024746,0.065376,0.045339,
0.191013,0.029220,0.065239,0.043914,
0.196097,0.032544,0.038179,0.023815,
0.163289,0.027417,0.033862,0.018792,
0.165358,0.029901,0.009336,0.029390,
0.165982,0.033069,0.003573,0.033436,
0.166379,0.036369,0.004272,0.032098,
0.164456,0.039024,-0.038956,0.021660,
0.178393,0.037244,0.390120,0.001200,
0.223906,0.037405,0.505974,0.001915,
0.275488,0.037565,0.519425,0.001331,
0.322237,0.037527,0.419216,-0.001802,
0.342591,0.037431,0.019098,-0.000230,
0.327834,0.035720,0.012584,0.001166,
0.327780,0.035877,-0.011660,0.001865,
0.325551,0.036033,-0.031069,0.001313,
0.322462,0.036000,-0.030458,-0.001694,
0.315909,0.035909,-0.094626,-0.000207,
TIME: 1217 - SYSTEM: Plan 281
0.025942,0.000321,0.387192,0.031057,
0.074867,0.004380,0.571137,0.048296,
0.135465,0.009540,0.629889,0.053915,
0.190910,0.014670,0.485497,0.048606,
0.205497,0.018560,-0.142966,0.030328,
0.177262,0.017044,0.019709,0.025573,
0.179644,0.020421,0.027083,0.040263,
0.184450,0.024744,0.065375,0.045338,
0.191013,0.029230,0.065239,0.043912,
0.196097,0.032540,0.038179,0.023781,
0.163289,0.027433,0.033863,0.018804,
0.165358,0.029904,0.009337,0.029419,
0.165982,0.033077,0.003572,0.033464,
0.166380,0.036370,0.004279,0.032129,
0.164458,0.039030,-0.038936,0.021687,
0.178395,0.037251,0.390122,0.001197,
0.223909,0.037411,0.505978,0.001914,
0.275492,0.037574,0.519425,0.001332,
0.322240,0.037535,0.419200,-0.001804,
0.342590,0.037438,0.019048,-0.000233,
0.327834,0.035730,0.012586,0.001165,
0.327779,0.035884,-0.011657,0.001864,
0.325551,0.036042,-0.031067,0.001311,
0.322462,0.036004,-0.030455,-0.001699,
0.315909,0.035917,-0.094624,-0.000209,
TIME: 1221 - SYSTEM: Plan 282
0.025942,0.000321,0.387191,0.031057,
0.074867,0.004380,0.571135,0.048296,
0.135465,0.009539,0.629887,0.053916,
0.190910,0.014670,0.485495,0.048607,
0.205496,0.018560,-0.142967,0.030328,
0.177262,0.017044,0.019707,0.025574,
0.179644,0.020416,0.027081,0.040262,
0.184450,0.024740,0.065373,0.045341,
0.191012,0.029217,0.065237,0.043917,
0.196096,0.032537,0.038179,0.023876,
0.163289,0.027421,0.033869,0.018752,
0.165358,0.029880,0.009353,0.029328,
0.165984,0.033040,0.003578,0.033365,
0.166381,0.036314,0.004267,0.032026,
0.164457,0.038971,-0.038966,0.021625,
0.178393,0.037195,0.390098,0.001199,
0.223903,0.037356,0.505944,0.001915,
0.275483,0.037518,0.519401,0.001332,
0.322231,0.037479,0.419218,-0.001801,
0.342589,0.037385,0.019171,-0.000232,
0.327833,0.035675,0.012587,0.001167,
0.327779,0.035833,-0.011656,0.001868,
0.325551,0.035989,-0.031066,0.001314,
0.322462,0.035957,-0.030455,-0.001693,
0.315909,0.035867,-0.094624,-0.000210,
TIME: 1225 - SYSTEM: Plan 283
0.025942,0.000321,0.387193,0.031057,
0.074868,0.004380,0.571139,0.048297,
0.135465,0.009541,0.629891,0.053915,
0.190910,0.014671,0.485498,0.048607,
0.205497,0.018561,-0.142965,0.030327,
0.177262,0.017044,0.019710,0.025575,
0.179644,0.020420,0.027085,0.040261,
0.184451,0.024744,0.065378,0.045338,
0.191014,0.029223,0.065240,0.043916,
0.196098,0.032539,0.038180,0.023842,
0.163290,0.027432,0.033855,0.018777,
0.165357,0.029900,0.009325,0.029369,
0.165981,0.033066,0.003572,0.033398,
0.166378,0.036344,0.004261,0.032060,
0.164452,0.038999,-0.038983,0.021643,
0.178390,0.037221,0.390116,0.001198,
0.223902,0.037382,0.505968,0.001914,
0.275485,0.037541,0.519424,0.001330,
0.322235,0.037502,0.419226,-0.001800,
0.342591,0.037408,0.019136,-0.000230,
0.327835,0.035701,0.012584,0.001166,
0.327780,0.035860,-0.011659,0.001860,
0.325552,0.036017,-0.031069,0.001309,
0.322462,0.035986,-0.030458,-0.001702,
0.315908,0.035895,-0.094626,-0.000217,
TIME: 1229 - SYSTEM: Plan 284
0.025942,0.000321,0.387192,0.031057,
0.074867,0.004379,0.571136,0.048297,
0.135465,0.009539,0.629888,0.053915,
0.190910,0.014669,0.485496,0.048608,
0.205497,0.018560,-0.142966,0.030329,
0.177262,0.017044,0.019708,0.025572,
0.179644,0.020416,0.027082,0.040259,
0.184450,0.024739,0.065375,0.045340,
0.191013,0.029220,0.065238,0.043916,
0.196096,0.032538,0.038179,0.023852,
0.163289,0.027428,0.033867,0.018762,
0.165358,0.029896,0.009347,0.029352,
0.165983,0.033067,0.003576,0.033387,
0.166380,0.036348,0.004269,0.032054,
0.164456,0.039002,-0.038961,0.021635,
0.178393,0.037222,0.390107,0.001198,
0.223905,0.037388,0.505956,0.001914,
0.275485,0.037549,0.519411,0.001330,
0.322234,0.037510,0.419219,-0.001802,
0.342590,0.037417,0.019148,-0.000233,
0.327834,0.035710,0.012586,0.001165,
0.327779,0.035867,-0.011657,0.001859,
0.325551,0.036020,-0.031066,0.001310,
0.322462,0.035987,-0.030455,-0.001696,
0.315909,0.035896,-0.094625,-0.000211,
TIME: 1233 - SYSTEM: Plan 285
0.025942,0.000321,0.387192,0.031059,
0.074867,0.004380,0.571137,0.048297,
0.135465,0.009540,0.629889,0.053916,
0.190910,0.014671,0.485497,0.048608,
0.205497,0.018562,-0.142965,0.030327,
0.177262,0.017046,0.019708,0.025574,
0.179644,0.020422,0.027083,0.040262,
0.184450,0.024745,0.065375,0.045339,
0.191013,0.029223,0.065238,0.043915,
0.196097,0.032538,0.038179,0.023820,
0.163289,0.027425,0.033866,0.018785,
0.165358,0.029888,0.009344,0.029392,
0.165983,0.033062,0.003575,0.033436,
0.166380,0.036337,0.004274,0.032098,
0.164457,0.038990,-0.038948,0.021674,
0.178394,0.037212,0.390111,0.001199,
0.223907,0.037370,0.505963,0.001916,
0.275489,0.037535,0.519412,0.001334,
0.322236,0.037500,0.419199,-0.001799,
0.342589,0.037404,0.019077,-0.000231,
0.327834,0.035697,0.012587,0.001166,
0.327779,0.035851,-0.011656,0.001863,
0.325551,0.036005,-0.031065,0.001312,
0.322462,0.035973,-0.030454,-0.001698,
0.315909,0.035885,-0.094624,-0.000209,
TIME: 1237 - SYSTEM: Plan 286
0.025942,0.000321,0.387193,0.031057,
0.074868,0.004380,0.571138,0.048298,
0.135465,0.009540,0.629890,0.053916,
0.190911,0.014670,0.485497,0.048608,
0.205497,0.018561,-0.142967,0.030328,
0.177262,0.017046,0.019710,0.025574,
0.179644,0.020417,0.027085,0.040261,
0.184451,0.024740,0.065377,0.045340,
0.191014,0.029223,0.065240,0.043913,
0.196098,0.032538,0.038180,0.023818,
0.163290,0.027425,0.033856,0.018792,
0.165357,0.029893,0.009325,0.029387,
0.165981,0.033064,0.003572,0.033432,
0.166378,0.036342,0.004266,0.032097,
0.164453,0.039002,-0.038971,0.021672,
0.178391,0.037223,0.390121,0.001197,
0.223905,0.037385,0.505977,0.001913,
0.275489,0.037547,0.519427,0.001329,
0.322236,0.037512,0.419212,-0.001804,
0.342590,0.037419,0.019083,-0.000234,
0.327834,0.035712,0.012586,0.001167,
0.327779,0.035865,-0.011657,0.001866,
0.325551,0.036019,-0.031067,0.001313,
0.322462,0.035983,-0.030456,-0.001694,
0.315909,0.035891,-0.094625,-0.000204,
TIME: 1241 - SYSTEM: Plan 287
0.025942,0.000321,0.387192,0.031057,
0.074867,0.004380,0.571137,0.048298,
0.135465,0.009540,0.629889,0.053917,
0.190910,0.014671,0.485496,0.048608,
0.205497,0.018561,-0.142967,0.030328,
0.177262,0.017045,0.019708,0.025574,
0.179644,0.020418,0.027083,0.040263,
0.184450,0.024744,0.065375,0.045341,
0.191013,0.029223,0.065238,0.043913,
0.196097,0.032535,0.038179,0.023801,
0.163289,0.027424,0.033865,0.018805,
0.165358,0.029892,0.009341,0.029409,
0.165983,0.033063,0.003574,0.033459,
0.166380,0.036355,0.004277,0.032117,
0.164458,0.039018,-0.038942,0.021680,
0.178395,0.037239,0.390119,0.001197,
0.223909,0.037404,0.505975,0.001913,
0.275491,0.037562,0.519423,0.001330,
0.322238,0.037528,0.419203,-0.001803,
0.342590,0.037435,0.019061,-0.000234,
0.327834,0.035727,0.012586,0.001164,
0.327779,0.035882,-0.011657,0.001863,
0.325551,0.036038,-0.031067,0.001309,
0.322462,0.036002,-0.030456,-0.001699,
0.315909,0.035913,-0.094625,-0.000209,
TIME: 1244 - SYSTEM: Plan 288
0.025942,0.000321,0.387192,0.031057,
0.074867,0.004380,0.571138,0.048297,
0.135465,0.009539,0.629889,0.053916,
0.190910,0.014670,0.485496,0.048607,
0.205497,0.018561,-0.142966,0.030327,
0.177262,0.017044,0.019708,0.025574,
0.179644,0.020421,0.027082,0.040259,
0.184450,0.024742,0.065375,0.045339,
0.191013,0.029223,0.065238,0.043911,
0.196096,0.032538,0.038179,0.023768,
0.163289,0.027427,0.033868,0.018822,
0.165358,0.029895,0.009346,0.029431,
0.165983,0.033072,0.003573,0.033480,
0.166381,0.036390,0.004286,0.032147,
0.164460,0.039036,-0.038917,0.021693,
0.178398,0.037256,0.390120,0.001198,
0.223911,0.037418,0.505977,0.001914,
0.275494,0.037579,0.519422,0.001331,
0.322241,0.037540,0.419194,-0.001803,
0.342590,0.037444,0.019032,-0.000232,
0.327834,0.035734,0.012587,0.001165,
0.327779,0.035886,-0.011656,0.001864,
0.325551,0.036047,-0.031066,0.001311,
0.322462,0.036013,-0.030455,-0.001697,
0.315909,0.035922,-0.094624,-0.000208,
TIME: 1248 - SYSTEM: Plan 289
0.025942,0.000321,0.387192,0.031057,
0.074867,0.004380,0.571137,0.048297,
0.135465,0.009540,0.629889,0.053914,
0.190910,0.014669,0.485496,0.048606,
0.205496,0.018560,-0.142967,0.030328,
0.177262,0.017046,0.019708,0.025569,
0.179644,0.020418,0.027082,0.040261,
0.184450,0.024742,0.065374,0.045340,
0.191013,0.029220,0.065238,0.043916,
0.196096,0.032535,0.038179,0.023836,
0.163289,0.027428,0.033868,0.018773,
0.165358,0.029890,0.009348,0.029363,
0.165984,0.033070,0.003575,0.033403,
0.166381,0.036336,0.004273,0.032063,
0.164458,0.038993,-0.038951,0.021646,
0.178394,0.037215,0.390108,0.001200,
0.223906,0.037371,0.505958,0.001916,
0.275487,0.037531,0.519412,0.001335,
0.322235,0.037495,0.419214,-0.001794,
0.342590,0.037399,0.019127,-0.000224,
0.327834,0.035694,0.012587,0.001165,
0.327779,0.035850,-0.011656,0.001863,
0.325551,0.036003,-0.031066,0.001310,
0.322462,0.035971,-0.030455,-0.001697,
0.315909,0.035885,-0.094624,-0.000211,
TIME: 1251 - SYSTEM: Plan 290
0.025942,0.000321,0.387192,0.031057,
0.074867,0.004380,0.571136,0.048298,
0.135465,0.009539,0.629888,0.053916,
0.190910,0.014670,0.485496,0.048608,
0.205496,0.018561,-0.142965,0.030329,
0.177262,0.017045,0.019707,0.025574,
0.179644,0.020422,0.027081,0.040260,
0.184450,0.024745,0.065374,0.045339,
0.191013,0.029222,0.065238,0.043913,
0.196096,0.032536,0.038179,0.023803,
0.163289,0.027423,0.033871,0.018804,
0.165358,0.029888,0.009352,0.029407,
0.165984,0.033053,0.003575,0.033453,
0.166382,0.036358,0.004282,0.032121,
0.164460,0.039014,-0.038928,0.021685,
0.178397,0.037233,0.390114,0.001196,
0.223910,0.037395,0.505969,0.001916,
0.275492,0.037558,0.519416,0.001333,
0.322239,0.037520,0.419194,-0.001802,
0.342589,0.037427,0.019052,-0.000231,
0.327833,0.035717,0.012589,0.001166,
0.327779,0.035875,-0.011654,0.001863,
0.325551,0.036031,-0.031063,0.001307,
0.322462,0.035998,-0.030452,-0.001700,
0.315909,0.035907,-0.094623,-0.000211,
TIME: 1255 - SYSTEM: Plan 291
0.025942,0.000321,0.387192,0.031057,
0.074867,0.004380,0.571137,0.048298,
0.135465,0.009539,0.629889,0.053915,
0.190910,0.014669,0.485496,0.048608,
0.205497,0.018559,-0.142967,0.030329,
0.177262,0.017046,0.019709,0.025569,
0.179644,0.020419,0.027083,0.040258,
0.184450,0.024738,0.065375,0.045338,
0.191013,0.029221,0.065239,0.043915,
0.196097,0.032540,0.038179,0.023837,
0.163289,0.027429,0.033862,0.018778,
0.165358,0.029895,0.009337,0.029363,
0.165982,0.033076,0.003574,0.033411,
0.166379,0.036367,0.004267,0.032070,
0.164455,0.039025,-0.038966,0.021640,
0.178392,0.037248,0.390115,0.001197,
0.223905,0.037407,0.505967,0.001914,
0.275487,0.037567,0.519421,0.001331,
0.322235,0.037530,0.419225,-0.001802,
0.342591,0.037436,0.019137,-0.000231,
0.327835,0.035727,0.012585,0.001164,
0.327780,0.035882,-0.011659,0.001862,
0.325551,0.036041,-0.031069,0.001310,
0.322462,0.036005,-0.030458,-0.001697,
0.315908,0.035916,-0.094626,-0.000210,
TIME: 1259 - SYSTEM: Plan 292
0.025942,0.000321,0.387192,0.031057,
0.074867,0.004380,0.571137,0.048295,
0.135465,0.009541,0.629888,0.053916,
0.190910,0.014670,0.485496,0.048607,
0.205496,0.018561,-0.142965,0.030328,
0.177262,0.017044,0.019708,0.025573,
0.179644,0.020421,0.027082,0.040259,
0.184450,0.024742,0.065374,0.045339,
0.191013,0.029224,0.065238,0.043915,
0.196096,0.032540,0.038179,0.023828,
0.163289,0.027433,0.033870,0.018785,
0.165358,0.029883,0.009351,0.029370,
0.165984,0.033051,0.003576,0.033416,
0.166381,0.036338,0.004276,0.032084,
0.164459,0.038994,-0.038942,0.021663,
0.178395,0.037217,0.390107,0.001197,
0.223907,0.037379,0.505959,0.001913,
0.275488,0.037540,0.519409,0.001329,
0.322235,0.037499,0.419201,-0.001803,
0.342589,0.037404,0.019097,-0.000232,
0.327833,0.035698,0.012588,0.001165,
0.327779,0.035851,-0.011655,0.001863,
0.325551,0.036011,-0.031064,0.001311,
0.322462,0.035978,-0.030453,-0.001697,
0.315909,0.035888,-0.094623,-0.000211,
TIME: 1262 - SYSTEM: Plan 293
0.025942,0.000321,0.387192,0.031057,
0.074867,0.004379,0.571136,0.048296,
0.135465,0.009539,0.629888,0.053915,
0.190910,0.014669,0.485496,0.048607,
0.205496,0.018559,-0.142966,0.030328,
0.177262,0.017045,0.019707,0.025573,
0.179643,0.020415,0.027080,0.040259,
0.184449,0.024741,0.065373,0.045342,
0.191012,0.029223,0.065238,0.043916,
0.196096,0.032538,0.038179,0.023848,
0.163289,0.027431,0.033871,0.018772,
0.165358,0.029897,0.009355,0.029358,
0.165984,0.033069,0.003577,0.033396,
0.166382,0.036349,0.004273,0.032059,
0.164458,0.039003,-0.038949,0.021635,
0.178395,0.037224,0.390102,0.001199,
0.223906,0.037384,0.505949,0.001916,
0.275487,0.037542,0.519405,0.001334,
0.322234,0.037505,0.419214,-0.001796,
0.342590,0.037411,0.019144,-0.000226,
0.327834,0.035704,0.012585,0.001165,
0.327779,0.035861,-0.011659,0.001864,
0.325551,0.036015,-0.031069,0.001311,
0.322462,0.035981,-0.030457,-0.001698,
0.315909,0.035887,-0.094625,-0.000210,
TIME: 1266 - SYSTEM: Plan 294
0.025942,0.000321,0.387192,0.031058,
0.074868,0.004381,0.571136,0.048297,
0.135465,0.009540,0.629888,0.053916,
0.190910,0.014671,0.485496,0.048608,
0.205497,0.018561,-0.142965,0.030328,
0.177262,0.017045,0.019708,0.025572,
0.179644,0.020422,0.027083,0.040260,
0.184450,0.024745,0.065375,0.045339,
0.191013,0.029222,0.065238,0.043914,
0.196097,0.032536,0.038179,0.023808,
0.163289,0.027429,0.033867,0.018791,
0.165358,0.029887,0.009345,0.029395,
0.165983,0.033053,0.003574,0.033440,
0.166381,0.036352,0.004277,0.032115,
0.164458,0.039001,-0.038940,0.021681,
0.178395,0.037225,0.390115,0.001200,
0.223908,0.037383,0.505970,0.001914,
0.275490,0.037548,0.519418,0.001331,
0.322237,0.037512,0.419196,-0.001803,
0.342589,0.037420,0.019061,-0.000234,
0.327833,0.035712,0.012588,0.001163,
0.327779,0.035866,-0.011654,0.001862,
0.325551,0.036024,-0.031063,0.001308,
0.322462,0.035990,-0.030452,-0.001699,
0.315909,0.035899,-0.094623,-0.000210,
TIME: 1270 - SYSTEM: Plan 295
0.025942,0.000321,0.387192,0.031057,
0.074867,0.004380,0.571137,0.048296,
0.135465,0.009541,0.629888,0.053915,
0.190910,0.014671,0.485496,0.048605,
0.205496,0.018561,-0.142966,0.030326,
0.177262,0.017047,0.019708,0.025578,
0.179644,0.020418,0.027081,0.040259,
0.184450,0.024740,0.065374,0.045339,
0.191013,0.029217,0.065238,0.043912,
0.196096,0.032529,0.038179,0.023785,
0.163289,0.027416,0.033870,0.018807,
0.165358,0.029896,0.009350,0.029425,
0.165984,0.033060,0.003575,0.033470,
0.166382,0.036359,0.004285,0.032141,
0.164460,0.039019,-0.038921,0.021694,
0.178397,0.037241,0.390118,0.001198,
0.223911,0.037402,0.505974,0.001915,
0.275493,0.037562,0.519420,0.001331,
0.322239,0.037520,0.419191,-0.001801,
0.342589,0.037427,0.019033,-0.000230,
0.327833,0.035717,0.012588,0.001166,
0.327778,0.035875,-0.011655,0.001867,
0.325551,0.036033,-0.031064,0.001310,
0.322462,0.036004,-0.030453,-0.001700,
0.315909,0.035914,-0.094623,-0.000214,
TIME: 1273 - SYSTEM: Plan 296
0.025942,0.000321,0.387193,0.031057,
0.074867,0.004380,0.571139,0.048296,
0.135465,0.009540,0.629890,0.053915,
0.190910,0.014670,0.485497,0.048607,
0.205497,0.018561,-0.142967,0.030328,
0.177262,0.017048,0.019709,0.025574,
0.179644,0.020421,0.027084,0.040258,
0.184451,0.024742,0.065377,0.045336,
0.191014,0.029218,0.065240,0.043912,
0.196097,0.032538,0.038180,0.023794,
0.163289,0.027428,0.033861,0.018800,
0.165357,0.029886,0.009333,0.029410,
0.165982,0.033057,0.003572,0.033458,
0.166379,0.036353,0.004275,0.032125,
0.164456,0.039022,-0.038949,0.021685,
0.178393,0.037244,0.390126,0.001199,
0.223907,0.037403,0.505985,0.001914,
0.275491,0.037562,0.519432,0.001336,
0.322239,0.037524,0.419207,-0.001797,
0.342590,0.037430,0.019053,-0.000227,
0.327834,0.035719,0.012586,0.001166,
0.327779,0.035876,-0.011657,0.001861,
0.325551,0.036034,-0.031066,0.001309,
0.322462,0.036000,-0.030455,-0.001699,
0.315909,0.035908,-0.094624,-0.000210,
TIME: 1277 - SYSTEM: Plan 297
0.025942,0.000321,0.387193,0.031057,
0.074868,0.004380,0.571138,0.048296,
0.135465,0.009540,0.629889,0.053916,
0.190910,0.014670,0.485497,0.048608,
0.205497,0.018560,-0.142967,0.030328,
0.177262,0.017047,0.019709,0.025571,
0.179644,0.020420,0.027083,0.040260,
0.184450,0.024747,0.065376,0.045338,
0.191013,0.029222,0.065239,0.043913,
0.196097,0.032538,0.038179,0.023794,
0.163289,0.027425,0.033862,0.018809,
0.165358,0.029903,0.009336,0.029408,
0.165982,0.033064,0.003572,0.033449,
0.166379,0.036372,0.004276,0.032117,
0.164457,0.039023,-0.038945,0.021681,
0.178394,0.037243,0.390120,0.001196,
0.223908,0.037405,0.505977,0.001916,
0.275491,0.037562,0.519426,0.001332,
0.322238,0.037528,0.419204,-0.001801,
0.342590,0.037434,0.019061,-0.000230,
0.327834,0.035724,0.012587,0.001168,
0.327779,0.035884,-0.011656,0.001864,
0.325551,0.036042,-0.031065,0.001310,
0.322462,0.036008,-0.030454,-0.001700,
0.315909,0.035919,-0.094625,-0.000213,
TIME: 1280 - SYSTEM: Plan 298
0.025942,0.000322,0.387194,0.031056,
0.074868,0.004382,0.571139,0.048297,
0.135465,0.009541,0.629891,0.053916,
0.190911,0.014671,0.485498,0.048606,
0.205497,0.018562,-0.142967,0.030327,
0.177262,0.017046,0.019710,0.025574,
0.179645,0.020422,0.027085,0.040262,
0.184451,0.024745,0.065378,0.045339,
0.191014,0.029223,0.065240,0.043915,
0.196098,0.032539,0.038180,0.023820,
0.163290,0.027425,0.033856,0.018786,
0.165357,0.029908,0.009326,0.029378,
0.165981,0.033071,0.003572,0.033414,
0.166378,0.036369,0.004266,0.032076,
0.164453,0.039020,-0.038972,0.021643,
0.178390,0.037242,0.390117,0.001199,
0.223903,0.037404,0.505969,0.001914,
0.275486,0.037566,0.519424,0.001331,
0.322235,0.037528,0.419226,-0.001803,
0.342591,0.037433,0.019131,-0.000235,
0.327835,0.035723,0.012583,0.001166,
0.327780,0.035879,-0.011661,0.001864,
0.325552,0.036034,-0.031071,0.001313,
0.322462,0.035998,-0.030460,-0.001694,
0.315908,0.035911,-0.094628,-0.000206,
TIME: 1284 - SYSTEM: Plan 299
0.025942,0.000321,0.387192,0.031056,
0.074867,0.004380,0.571136,0.048296,
0.135465,0.009540,0.629888,0.053916,
0.190910,0.014670,0.485496,0.048607,
0.205496,0.018560,-0.142965,0.030327,
0.177262,0.017048,0.019707,0.025570,
0.179644,0.020417,0.027081,0.040260,
0.184450,0.024749,0.065374,0.045339,
0.191013,0.029223,0.065238,0.043913,
0.196096,0.032541,0.038179,0.023812,
0.163289,0.027431,0.033871,0.018783,
0.165358,0.029893,0.009354,0.029393,
0.165984,0.033064,0.003575,0.033442,
0.166382,0.036354,0.004280,0.032102,
0.164460,0.039024,-0.038931,0.021670,
0.178396,0.037246,0.390110,0.001197,
0.223909,0.037408,0.505961,0.001915,
0.275490,0.037568,0.519409,0.001332,
0.322237,0.037525,0.419198,-0.001801,
0.342590,0.037435,0.019079,-0.000230,
0.327834,0.035726,0.012587,0.001166,
0.327779,0.035881,-0.011656,0.001864,
0.325551,0.036038,-0.031065,0.001312,
0.322462,0.036005,-0.030454,-0.001697,
0.315909,0.035914,-0.094624,-0.000208,
TIME: 1287 - SYSTEM: Plan 300
0.025942,0.000321,0.387191,0.031057,
0.074867,0.004381,0.571135,0.048298,
0.135465,0.009540,0.629887,0.053915,
0.190910,0.014669,0.485495,0.048607,
0.205496,0.018561,-0.142966,0.030328,
0.177261,0.017046,0.019706,0.025577,
0.179643,0.020421,0.027080,0.040256,
0.184449,0.024745,0.065372,0.045336,
0.191012,0.029224,0.065237,0.043913,
0.196095,0.032540,0.038179,0.023802,
0.163289,0.027427,0.033877,0.018805,
0.165359,0.029898,0.009365,0.029399,
0.165985,0.033066,0.003576,0.033445,
0.166383,0.036366,0.004287,0.032103,
0.164463,0.039028,-0.038911,0.021667,
0.178399,0.037250,0.390105,0.001198,
0.223910,0.037410,0.505955,0.001913,
0.275492,0.037567,0.519404,0.001331,
0.322238,0.037531,0.419195,-0.001800,
0.342590,0.037441,0.019081,-0.000230,
0.327834,0.035731,0.012587,0.001165,
0.327779,0.035883,-0.011656,0.001864,
0.325551,0.036044,-0.031065,0.001312,
0.322462,0.036010,-0.030454,-0.001697,
0.315909,0.035923,-0.094624,-0.000208,
TIME: 1291 - SYSTEM: Plan 301
0.025942,0.000321,0.387192,0.031056,
0.074867,0.004380,0.571136,0.048296,
0.135465,0.009540,0.629888,0.053914,
0.190910,0.014669,0.485496,0.048608,
0.205496,0.018560,-0.142966,0.030328,
0.177262,0.017045,0.019708,0.025570,
0.179644,0.020420,0.027082,0.040262,
0.184450,0.024736,0.065374,0.045340,
0.191013,0.029222,0.065238,0.043916,
0.196096,0.032540,0.038179,0.023847,
0.163289,0.027423,0.033868,0.018774,
0.165358,0.029889,0.009348,0.029368,
0.165983,0.033057,0.003576,0.033407,
0.166381,0.036332,0.004271,0.032059,
0.164457,0.038994,-0.038956,0.021645,
0.178394,0.037216,0.390109,0.001200,
0.223905,0.037378,0.505959,0.001914,
0.275487,0.037536,0.519413,0.001333,
0.322234,0.037500,0.419217,-0.001799,
0.342590,0.037407,0.019129,-0.000230,
0.327834,0.035701,0.012587,0.001164,
0.327779,0.035857,-0.011656,0.001862,
0.325551,0.036013,-0.031066,0.001308,
0.322462,0.035978,-0.030455,-0.001700,
0.315909,0.035890,-0.094625,-0.000213,
TIME: 1295 - SYSTEM: Plan 302
0.025942,0.000321,0.387192,0.031058,
0.074867,0.004380,0.571137,0.048296,
0.135465,0.009540,0.629888,0.053917,
0.190910,0.014671,0.485496,0.048607,
0.205496,0.018561,-0.142965,0.030328,
0.177262,0.017046,0.019707,0.025573,
0.179644,0.020421,0.027081,0.040261,
0.184450,0.024743,0.065374,0.045340,
0.191012,0.029220,0.065238,0.043914,
0.196096,0.032533,0.038179,0.023815,
0.163289,0.027423,0.033870,0.018797,
0.165358,0.029891,0.009352,0.029390,
0.165984,0.033067,0.003576,0.033434,
0.166382,0.036345,0.004279,0.032093,
0.164459,0.039000,-0.038936,0.021669,
0.178397,0.037222,0.390111,0.001198,
0.223908,0.037383,0.505964,0.001914,
0.275490,0.037542,0.519413,0.001332,
0.322237,0.037506,0.419202,-0.001801,
0.342589,0.037409,0.019083,-0.000230,
0.327833,0.035702,0.012588,0.001166,
0.327779,0.035858,-0.011655,0.001865,
0.325551,0.036013,-0.031064,0.001313,
0.322462,0.035980,-0.030453,-0.001697,
0.315909,0.035887,-0.094624,-0.000210,
TIME: 1300 - SYSTEM: Plan 303
0.025942,0.000321,0.387191,0.031057,
0.074867,0.004380,0.571135,0.048296,
0.135465,0.009539,0.629887,0.053916,
0.190910,0.014669,0.485495,0.048608,
0.205496,0.018559,-0.142966,0.030329,
0.177261,0.017046,0.019706,0.025575,
0.179643,0.020416,0.027080,0.040258,
0.184449,0.024744,0.065372,0.045341,
0.191012,0.029222,0.065237,0.043912,
0.196095,0.032533,0.038179,0.023775,
0.163288,0.027426,0.033878,0.018813,
0.165359,0.029902,0.009365,0.029425,
0.165985,0.033079,0.003576,0.033463,
0.166384,0.036381,0.004293,0.032121,
0.164464,0.039043,-0.038897,0.021676,
0.178401,0.037263,0.390107,0.001197,
0.223913,0.037424,0.505957,0.001914,
0.275494,0.037584,0.519407,0.001333,
0.322240,0.037547,0.419191,-0.001802,
0.342590,0.037451,0.019060,-0.000231,
0.327834,0.035741,0.012587,0.001164,
0.327779,0.035894,-0.011656,0.001863,
0.325551,0.036053,-0.031066,0.001312,
0.322462,0.036018,-0.030455,-0.001698,
0.315909,0.035929,-0.094625,-0.000208,
TIME: 1304 - SYSTEM: Plan 304
0.025942,0.000321,0.387192,0.031058,
0.074867,0.004379,0.571137,0.048298,
0.135465,0.009539,0.629888,0.053918,
0.190910,0.014670,0.485496,0.048609,
0.205496,0.018560,-0.142966,0.030329,
0.177262,0.017045,0.019708,0.025573,
0.179644,0.020416,0.027082,0.040263,
0.184450,0.024742,0.065374,0.045340,
0.191013,0.029219,0.065238,0.043917,
0.196096,0.032546,0.038179,0.023873,
0.163289,0.027433,0.033867,0.018759,
0.165358,0.029889,0.009349,0.029344,
0.165984,0.033057,0.003577,0.033378,
0.166381,0.036338,0.004266,0.032040,
0.164456,0.038990,-0.038970,0.021628,
0.178392,0.037213,0.390101,0.001199,
0.223904,0.037377,0.505947,0.001914,
0.275485,0.037534,0.519404,0.001330,
0.322232,0.037496,0.419219,-0.001801,
0.342590,0.037401,0.019163,-0.000231,
0.327834,0.035695,0.012585,0.001167,
0.327779,0.035846,-0.011659,0.001865,
0.325551,0.036007,-0.031069,0.001311,
0.322462,0.035971,-0.030457,-0.001696,
0.315908,0.035881,-0.094625,-0.000210,
TIME: 1308 - SYSTEM: Plan 305
0.025942,0.000321,0.387193,0.031058,
0.074867,0.004380,0.571138,0.048297,
0.135465,0.009541,0.629890,0.053916,
0.190910,0.014672,0.485498,0.048607,
0.205497,0.018562,-0.142965,0.030327,
0.177262,0.017048,0.019710,0.025569,
0.179644,0.020419,0.027084,0.040258,
0.184451,0.024747,0.065377,0.045337,
0.191014,0.029228,0.065240,0.043914,
0.196098,0.032544,0.038180,0.023818,
0.163290,0.027430,0.033859,0.018793,
0.165357,0.029911,0.009332,0.029386,
0.165982,0.033072,0.003572,0.033430,
0.166379,0.036365,0.004269,0.032085,
0.164455,0.039017,-0.038962,0.021658,
0.178392,0.037238,0.390121,0.001196,
0.223906,0.037396,0.505976,0.001911,
0.275488,0.037561,0.519428,0.001331,
0.322237,0.037516,0.419221,-0.001803,
0.342591,0.037424,0.019106,-0.000229,
0.327834,0.035713,0.012584,0.001168,
0.327780,0.035873,-0.011660,0.001865,
0.325551,0.036026,-0.031070,0.001312,
0.322462,0.035992,-0.030459,-0.001698,
0.315909,0.035901,-0.094626,-0.000209,
TIME: 1312 - SYSTEM: Plan 306
0.025942,0.000321,0.387191,0.031056,
0.074867,0.004381,0.571135,0.048298,
0.135465,0.009540,0.629887,0.053915,
0.190910,0.014670,0.485495,0.048606,
0.205496,0.018561,-0.142966,0.030327,
0.177262,0.017046,0.019707,0.025572,
0.179644,0.020418,0.027081,0.040260,
0.184449,0.024743,0.065373,0.045342,
0.191012,0.029222,0.065238,0.043914,
0.196096,0.032535,0.038179,0.023814,
0.163289,0.027422,0.033873,0.018791,
0.165359,0.029884,0.009357,0.029395,
0.165984,0.033064,0.003576,0.033435,
0.166382,0.036355,0.004281,0.032095,
0.164461,0.039023,-0.038928,0.021665,
0.178397,0.037243,0.390109,0.001197,
0.223909,0.037404,0.505959,0.001912,
0.275489,0.037568,0.519409,0.001332,
0.322237,0.037531,0.419201,-0.001803,
0.342590,0.037439,0.019089,-0.000234,
0.327834,0.035729,0.012587,0.001165,
0.327779,0.035884,-0.011655,0.001860,
0.325551,0.036043,-0.031065,0.001310,
0.322462,0.036010,-0.030454,-0.001696,
0.315909,0.035919,-0.094624,-0.000209,
TIME: 1316 - SYSTEM: Plan 307
0.025942,0.000321,0.387192,0.031057,
0.074867,0.004380,0.571137,0.048297,
0.135465,0.009539,0.629889,0.053916,
0.190910,0.014669,0.485496,0.048607,
0.205497,0.018558,-0.142966,0.030328,
0.177262,0.017044,0.019708,0.025573,
0.179644,0.020419,0.027082,0.040262,
0.184450,0.024741,0.065375,0.045339,
0.191013,0.029217,0.065238,0.043913,
0.196097,0.032538,0.038179,0.023808,
0.163289,0.027428,0.033867,0.018793,
0.165358,0.029897,0.009346,0.029399,
0.165983,0.033077,0.003575,0.033442,
0.166381,0.036373,0.004277,0.032099,
0.164458,0.039019,-0.038940,0.021663,
0.178395,0.037240,0.390110,0.001196,
0.223907,0.037402,0.505961,0.001913,
0.275490,0.037561,0.519412,0.001330,
0.322237,0.037523,0.419204,-0.001803,
0.342591,0.037432,0.019092,-0.000232,
0.327834,0.035724,0.012584,0.001167,
0.327780,0.035879,-0.011660,0.001865,
0.325551,0.036037,-0.031070,0.001313,
0.322462,0.036004,-0.030459,-0.001698,
0.315909,0.035909,-0.094626,-0.000210,
TIME: 1319 - SYSTEM: Plan 308
0.025942,0.000321,0.387192,0.031057,
0.074867,0.004381,0.571137,0.048296,
0.135465,0.009541,0.629888,0.053915,
0.190910,0.014671,0.485496,0.048607,
0.205497,0.018562,-0.142966,0.030327,
0.177262,0.017048,0.019708,0.025577,
0.179644,0.020420,0.027083,0.040260,
0.184450,0.024747,0.065375,0.045339,
0.191013,0.029225,0.065239,0.043915,
0.196097,0.032543,0.038179,0.023836,
0.163289,0.027426,0.033866,0.018782,
0.165358,0.029889,0.009345,0.029376,
0.165983,0.033068,0.003575,0.033414,
0.166380,0.036366,0.004271,0.032075,
0.164457,0.039025,-0.038955,0.021643,
0.178393,0.037247,0.390112,0.001197,
0.223905,0.037407,0.505963,0.001912,
0.275487,0.037567,0.519417,0.001331,
0.322235,0.037529,0.419219,-0.001801,
0.342591,0.037432,0.019129,-0.000231,
0.327835,0.035723,0.012585,0.001165,
0.327780,0.035881,-0.011659,0.001862,
0.325552,0.036038,-0.031069,0.001313,
0.322462,0.036002,-0.030457,-0.001697,
0.315908,0.035913,-0.094627,-0.000211,
TIME: 1323 - SYSTEM: Plan 309
0.025942,0.000321,0.387192,0.031057,
0.074867,0.004380,0.571137,0.048296,
0.135465,0.009540,0.629888,0.053915,
0.190910,0.014669,0.485496,0.048607,
0.205497,0.018561,-0.142965,0.030328,
0.177262,0.017046,0.019708,0.025573,
0.179644,0.020421,0.027082,0.040261,
0.184450,0.024743,0.065375,0.045340,
0.191013,0.029220,0.065238,0.043914,
0.196096,0.032533,0.038179,0.023815,
0.163289,0.027420,0.033867,0.018796,
0.165358,0.029898,0.009347,0.029390,
0.165983,0.033065,0.003575,0.033429,
0.166381,0.036356,0.004277,0.032092,
0.164458,0.038995,-0.038942,0.021663,
0.178395,0.037217,0.390114,0.001199,
0.223907,0.037379,0.505968,0.001913,
0.275489,0.037538,0.519420,0.001331,
0.322237,0.037500,0.419210,-0.001803,
0.342590,0.037404,0.019093,-0.000231,
0.327834,0.035693,0.012585,0.001167,
0.327779,0.035849,-0.011658,0.001866,
0.325551,0.036006,-0.031068,0.001312,
0.322462,0.035975,-0.030456,-0.001697,
0.315909,0.035882,-0.094624,-0.000209,
TIME: 1326 - SYSTEM: Plan 310
0.025942,0.000321,0.387191,0.031057,
0.074867,0.004380,0.571136,0.048296,
0.135465,0.009540,0.629888,0.053915,
0.190910,0.014671,0.485495,0.048606,
0.205496,0.018562,-0.142966,0.030327,
0.177262,0.017048,0.019708,0.025570,
0.179644,0.020419,0.027082,0.040258,
0.184450,0.024747,0.065375,0.045337,
0.191013,0.029228,0.065238,0.043914,
0.196096,0.032544,0.038179,0.023818,
0.163289,0.027424,0.033868,0.018797,
0.165358,0.029893,0.009348,0.029391,
0.165983,0.033064,0.003575,0.033432,
0.166381,0.036345,0.004276,0.032103,
0.164458,0.038999,-0.038942,0.021677,
0.178395,0.037221,0.390111,0.001199,
0.223907,0.037382,0.505965,0.001918,
0.275489,0.037545,0.519414,0.001333,
0.322237,0.037510,0.419196,-0.001802,
0.342589,0.037419,0.019071,-0.000234,
0.327833,0.035712,0.012589,0.001167,
0.327779,0.035868,-0.011653,0.001863,
0.325551,0.036025,-0.031063,0.001310,
0.322462,0.035993,-0.030452,-0.001701,
0.315909,0.035903,-0.094623,-0.000213,
TIME: 1330 - SYSTEM: Plan 311
0.025942,0.000321,0.387192,0.031057,
0.074867,0.004381,0.571137,0.048297,
0.135465,0.009541,0.629888,0.053915,
0.190910,0.014671,0.485496,0.048607,
0.205497,0.018563,-0.142966,0.030327,
0.177262,0.017050,0.019709,0.025574,
0.179644,0.020419,0.027083,0.040258,
0.184450,0.024743,0.065376,0.045340,
0.191013,0.029221,0.065239,0.043916,
0.196097,0.032539,0.038180,0.023848,
0.163289,0.027432,0.033864,0.018765,
0.165358,0.029900,0.009342,0.029357,
0.165983,0.033071,0.003575,0.033397,
0.166380,0.036355,0.004268,0.032057,
0.164456,0.039012,-0.038965,0.021631,
0.178393,0.037232,0.390107,0.001196,
0.223903,0.037393,0.505955,0.001911,
0.275485,0.037551,0.519410,0.001330,
0.322232,0.037514,0.419222,-0.001801,
0.342591,0.037418,0.019153,-0.000229,
0.327835,0.035711,0.012583,0.001165,
0.327780,0.035868,-0.011661,0.001864,
0.325551,0.036023,-0.031071,0.001311,
0.322462,0.035992,-0.030460,-0.001696,
0.315908,0.035897,-0.094627,-0.000212,
TIME: 1334 - SYSTEM: Plan 312
0.025942,0.000321,0.387191,0.031058,
0.074867,0.004379,0.571135,0.048297,
0.135465,0.009538,0.629887,0.053918,
0.190910,0.014669,0.485495,0.048609,
0.205496,0.018559,-0.142965,0.030329,
0.177262,0.017044,0.019707,0.025572,
0.179643,0.020415,0.027081,0.040261,
0.184449,0.024742,0.065374,0.045340,
0.191012,0.029221,0.065238,0.043914,
0.196096,0.032534,0.038179,0.023821,
0.163289,0.027417,0.033872,0.018797,
0.165358,0.029895,0.009355,0.029392,
0.165984,0.033063,0.003577,0.033426,
0.166382,0.036347,0.004280,0.032091,
0.164460,0.039005,-0.038934,0.021665,
0.178396,0.037225,0.390108,0.001198,
0.223908,0.037386,0.505959,0.001916,
0.275490,0.037544,0.519411,0.001334,
0.322237,0.037507,0.419202,-0.001799,
0.342589,0.037413,0.019090,-0.000228,
0.327834,0.035707,0.012587,0.001166,
0.327779,0.035859,-0.011655,0.001861,
0.325551,0.036015,-0.031065,0.001309,
0.322462,0.035984,-0.030454,-0.001698,
0.315909,0.035893,-0.094624,-0.000210,
TIME: 1337 - SYSTEM: Plan 313
0.025942,0.000321,0.387191,0.031057,
0.074867,0.004379,0.571136,0.048297,
0.135465,0.009539,0.629887,0.053917,
0.190910,0.014669,0.485496,0.048608,
0.205496,0.018560,-0.142966,0.030329,
0.177262,0.017045,0.019707,0.025573,
0.179644,0.020416,0.027081,0.040261,
0.184449,0.024744,0.065373,0.045339,
0.191012,0.029222,0.065237,0.043916,
0.196096,0.032538,0.038179,0.023845,
0.163289,0.027428,0.033871,0.018773,
0.165358,0.029893,0.009354,0.029360,
0.165984,0.033065,0.003576,0.033406,
0.166381,0.036356,0.004274,0.032062,
0.164459,0.039018,-0.038947,0.021634,
0.178395,0.037240,0.390104,0.001198,
0.223905,0.037401,0.505952,0.001917,
0.275486,0.037564,0.519406,0.001332,
0.322234,0.037522,0.419216,-0.001802,
0.342591,0.037428,0.019146,-0.000231,
0.327835,0.035716,0.012584,0.001165,
0.327780,0.035876,-0.011660,0.001865,
0.325552,0.036030,-0.031070,0.001312,
0.322462,0.035999,-0.030458,-0.001696,
0.315908,0.035908,-0.094626,-0.000209,
TIME: 1341 - SYSTEM: Plan 314
0.025942,0.000321,0.387194,0.031057,
0.074868,0.004380,0.571139,0.048298,
0.135465,0.009540,0.629891,0.053916,
0.190911,0.014671,0.485499,0.048607,
0.205497,0.018561,-0.142965,0.030327,
0.177262,0.017046,0.019710,0.025573,
0.179645,0.020417,0.027085,0.040259,
0.184451,0.024741,0.065378,0.045341,
0.191014,0.029223,0.065240,0.043917,
0.196098,0.032534,0.038180,0.023854,
0.163290,0.027427,0.033854,0.018770,
0.165357,0.029905,0.009323,0.029357,
0.165981,0.033062,0.003573,0.033384,
0.166377,0.036352,0.004258,0.032048,
0.164451,0.039012,-0.038993,0.021627,
0.178388,0.037233,0.390116,0.001197,
0.223901,0.037392,0.505967,0.001913,
0.275484,0.037552,0.519426,0.001331,
0.322232,0.037514,0.419237,-0.001801,
0.342592,0.037422,0.019165,-0.000229,
0.327835,0.035715,0.012583,0.001167,
0.327780,0.035871,-0.011661,0.001862,
0.325552,0.036026,-0.031071,0.001312,
0.322462,0.035994,-0.030460,-0.001694,
0.315908,0.035904,-0.094628,-0.000210,
TIME: 1345 - SYSTEM: Plan 315
0.025942,0.000322,0.387193,0.031057,
0.074867,0.004381,0.571138,0.048296,
0.135465,0.009540,0.629890,0.053913,
0.190910,0.014671,0.485497,0.048607,
0.205497,0.018561,-0.142965,0.030327,
0.177262,0.017047,0.019709,0.025570,
0.179644,0.020421,0.027083,0.040261,
0.184450,0.024745,0.065376,0.045339,
0.191013,0.029224,0.065239,0.043915,
0.196097,0.032539,0.038180,0.023825,
0.163289,0.027426,0.033863,0.018782,
0.165358,0.029899,0.009340,0.029379,
0.165983,0.033060,0.003573,0.033419,
0.166380,0.036349,0.004271,0.032081,
0.164456,0.039013,-0.038956,0.021655,
0.178393,0.037235,0.390112,0.001196,
0.223905,0.037397,0.505964,0.001913,
0.275488,0.037554,0.519416,0.001331,
0.322235,0.037517,0.419212,-0.001802,
0.342590,0.037423,0.019110,-0.000231,
0.327834,0.035715,0.012585,0.001168,
0.327780,0.035871,-0.011658,0.001862,
0.325551,0.036027,-0.031067,0.001309,
0.322462,0.035993,-0.030456,-0.001698,
0.315909,0.035902,-0.094625,-0.000211,
TIME: 1349 - SYSTEM: Plan 316
0.025942,0.000321,0.387192,0.031057,
0.074867,0.004381,0.571136,0.048298,
0.135465,0.009540,0.629888,0.053915,
0.190910,0.014670,0.485496,0.048607,
0.205496,0.018561,-0.142966,0.030328,
0.177262,0.017044,0.019708,0.025574,
0.179644,0.020421,0.027082,0.040259,
0.184450,0.024742,0.065374,0.045339,
0.191013,0.029223,0.065238,0.043911,
0.196096,0.032538,0.038179,0.023767,
0.163289,0.027425,0.033870,0.018824,
0.165358,0.029893,0.009350,0.029428,
0.165984,0.033061,0.003574,0.033472,
0.166382,0.036359,0.004288,0.032145,
0.164461,0.039019,-0.038911,0.021701,
0.178398,0.037239,0.390115,0.001199,
0.223911,0.037401,0.505972,0.001915,
0.275494,0.037559,0.519417,0.001332,
0.322240,0.037523,0.419185,-0.001802,
0.342589,0.037428,0.019021,-0.000230,
0.327833,0.035722,0.012588,0.001165,
0.327779,0.035880,-0.011654,0.001864,
0.325551,0.036035,-0.031063,0.001308,
0.322462,0.036003,-0.030453,-0.001700,
0.315909,0.035911,-0.094623,-0.000213,
TIME: 1352 - SYSTEM: Plan 317
0.025942,0.000321,0.387193,0.031057,
0.074867,0.004380,0.571138,0.048297,
0.135465,0.009540,0.629889,0.053916,
0.190910,0.014671,0.485497,0.048607,
0.205496,0.018561,-0.142967,0.030328,
0.177262,0.017047,0.019708,0.025575,
0.179644,0.020421,0.027082,0.040260,
0.184450,0.024745,0.065374,0.045340,
0.191013,0.029222,0.065238,0.043915,
0.196096,0.032538,0.038179,0.023839,
0.163289,0.027424,0.033867,0.018780,
0.165358,0.029893,0.009348,0.029371,
0.165983,0.033052,0.003576,0.033403,
0.166381,0.036336,0.004272,0.032076,
0.164457,0.038992,-0.038953,0.021658,
0.178393,0.037213,0.390108,0.001198,
0.223906,0.037377,0.505959,0.001915,
0.275487,0.037538,0.519412,0.001333,
0.322234,0.037501,0.419206,-0.001801,
0.342589,0.037407,0.019108,-0.000233,
0.327833,0.035700,0.012588,0.001167,
0.327779,0.035855,-0.011654,0.001864,
0.325551,0.036011,-0.031064,0.001310,
0.322462,0.035977,-0.030453,-0.001697,
0.315909,0.035887,-0.094623,-0.000210,
TIME: 1357 - SYSTEM: Plan 318
0.025942,0.000321,0.387192,0.031058,
0.074868,0.004380,0.571137,0.048298,
0.135465,0.009539,0.629889,0.053918,
0.190910,0.014669,0.485497,0.048609,
0.205497,0.018559,-0.142966,0.030330,
0.177262,0.017043,0.019709,0.025576,
0.179644,0.020417,0.027084,0.040260,
0.184451,0.024744,0.065376,0.045341,
0.191014,0.029219,0.065239,0.043913,
0.196097,0.032534,0.038180,0.023805,
0.163289,0.027424,0.033861,0.018797,
0.165358,0.029892,0.009335,0.029403,
0.165982,0.033075,0.003573,0.033438,
0.166379,0.036362,0.004273,0.032093,
0.164456,0.039019,-0.038952,0.021663,
0.178393,0.037241,0.390119,0.001196,
0.223906,0.037402,0.505972,0.001914,
0.275489,0.037563,0.519424,0.001331,
0.322237,0.037527,0.419215,-0.001803,
0.342591,0.037434,0.019094,-0.000233,
0.327835,0.035725,0.012584,0.001167,
0.327780,0.035880,-0.011660,0.001866,
0.325551,0.036039,-0.031069,0.001312,
0.322462,0.036002,-0.030458,-0.001698,
0.315909,0.035911,-0.094626,-0.000210,
TIME: 1360 - SYSTEM: Plan 319
0.025942,0.000321,0.387192,0.031057,
0.074867,0.004381,0.571137,0.048296,
0.135465,0.009541,0.629889,0.053915,
0.190911,0.014671,0.485496,0.048606,
0.205497,0.018562,-0.142966,0.030326,
0.177262,0.017048,0.019709,0.025573,
0.179644,0.020415,0.027083,0.040261,
0.184450,0.024738,0.065376,0.045343,
0.191013,0.029219,0.065239,0.043918,
0.196097,0.032542,0.038180,0.023894,
0.163289,0.027425,0.033859,0.018742,
0.165357,0.029885,0.009335,0.029313,
0.165982,0.033048,0.003576,0.033343,
0.166378,0.036328,0.004255,0.032012,
0.164452,0.038988,-0.038999,0.021607,
0.178388,0.037212,0.390106,0.001197,
0.223900,0.037373,0.505955,0.001912,
0.275481,0.037530,0.519416,0.001330,
0.322230,0.037491,0.419239,-0.001799,
0.342590,0.037395,0.019206,-0.000228,
0.327834,0.035688,0.012584,0.001168,
0.327779,0.035845,-0.011659,0.001864,
0.325551,0.036001,-0.031069,0.001311,
0.322462,0.035967,-0.030458,-0.001695,
0.315908,0.035876,-0.094626,-0.000211,
TIME: 1364 - SYSTEM: Plan 320
0.025942,0.000321,0.387191,0.031057,
0.074867,0.004381,0.571136,0.048296,
0.135465,0.009540,0.629888,0.053917,
0.190910,0.014671,0.485496,0.048608,
0.205496,0.018561,-0.142965,0.030328,
0.177262,0.017047,0.019707,0.025576,
0.179644,0.020422,0.027081,0.040260,
0.184449,0.024744,0.065373,0.045339,
0.191012,0.029222,0.065237,0.043915,
0.196096,0.032537,0.038179,0.023838,
0.163289,0.027430,0.033870,0.018778,
0.165358,0.029895,0.009352,0.029367,
0.165984,0.033071,0.003576,0.033408,
0.166381,0.036352,0.004274,0.032068,
0.164458,0.039017,-0.038947,0.021640,
0.178395,0.037240,0.390104,0.001197,
0.223906,0.037396,0.505951,0.001912,
0.275488,0.037559,0.519406,0.001330,
0.322235,0.037522,0.419213,-0.001801,
0.342591,0.037427,0.019134,-0.000232,
0.327834,0.035717,0.012584,0.001167,
0.327780,0.035875,-0.011660,0.001864,
0.325551,0.036030,-0.031070,0.001309,
0.322462,0.035994,-0.030458,-0.001697,
0.315909,0.035905,-0.094626,-0.000209,
TIME: 1368 - SYSTEM: Plan 321
0.025942,0.000321,0.387191,0.031057,
0.074867,0.004381,0.571136,0.048296,
0.135465,0.009540,0.629888,0.053914,
0.190910,0.014671,0.485496,0.048607,
0.205496,0.018562,-0.142965,0.030327,
0.177262,0.017047,0.019707,0.025573,
0.179644,0.020418,0.027081,0.040262,
0.184450,0.024739,0.065374,0.045340,
0.191012,0.029220,0.065238,0.043916,
0.196096,0.032536,0.038179,0.023849,
0.163289,0.027429,0.033869,0.018772,
0.165358,0.029886,0.009352,0.029358,
0.165984,0.033061,0.003577,0.033394,
0.166381,0.036347,0.004272,0.032052,
0.164458,0.039011,-0.038953,0.021636,
0.178395,0.037231,0.390103,0.001198,
0.223905,0.037389,0.505950,0.001912,
0.275486,0.037552,0.519406,0.001330,
0.322234,0.037512,0.419216,-0.001801,
0.342590,0.037417,0.019147,-0.000230,
0.327834,0.035710,0.012585,0.001167,
0.327779,0.035864,-0.011659,0.001865,
0.325551,0.036023,-0.031069,0.001313,
0.322462,0.035987,-0.030457,-0.001694,
0.315909,0.035895,-0.094625,-0.000208,
TIME: 1371 - SYSTEM: Plan 322
0.025942,0.000321,0.387192,0.031056,
0.074868,0.004380,0.571138,0.048297,
0.135465,0.009540,0.629889,0.053916,
0.190910,0.014670,0.485497,0.048607,
0.205497,0.018561,-0.142965,0.030328,
0.177262,0.017046,0.019708,0.025573,
0.179644,0.020418,0.027082,0.040259,
0.184450,0.024743,0.065375,0.045342,
0.191013,0.029222,0.065238,0.043913,
0.196097,0.032535,0.038179,0.023814,
0.163289,0.027422,0.033865,0.018790,
0.165358,0.029884,0.009342,0.029395,
0.165983,0.033049,0.003574,0.033449,
0.166380,0.036353,0.004274,0.032107,
0.164457,0.039030,-0.038948,0.021669,
0.178394,0.037251,0.390119,0.001196,
0.223907,0.037410,0.505973,0.001914,
0.275490,0.037568,0.519421,0.001332,
0.322237,0.037531,0.419208,-0.001801,
0.342590,0.037435,0.019081,-0.000228,
0.327834,0.035727,0.012585,0.001167,
0.327779,0.035884,-0.011658,0.001863,
0.325551,0.036040,-0.031068,0.001311,
0.322462,0.036008,-0.030457,-0.001698,
0.315909,0.035916,-0.094625,-0.000211,
TIME: 1375 - SYSTEM: Plan 323
0.025942,0.000322,0.387191,0.031057,
0.074867,0.004381,0.571136,0.048296,
0.135465,0.009539,0.629887,0.053915,
0.190910,0.014669,0.485495,0.048607,
0.205496,0.018560,-0.142966,0.030328,
0.177262,0.017046,0.019707,0.025573,
0.179644,0.020415,0.027081,0.040264,
0.184450,0.024739,0.065374,0.045339,
0.191012,0.029220,0.065237,0.043916,
0.196096,0.032535,0.038179,0.023844,
0.163289,0.027427,0.033871,0.018776,
0.165358,0.029890,0.009355,0.029352,
0.165984,0.033053,0.003577,0.033406,
0.166382,0.036346,0.004274,0.032057,
0.164459,0.039008,-0.038947,0.021642,
0.178395,0.037229,0.390103,0.001197,
0.223907,0.037389,0.505953,0.001914,
0.275488,0.037550,0.519404,0.001331,
0.322235,0.037515,0.419212,-0.001800,
0.342590,0.037420,0.019135,-0.000230,
0.327834,0.035713,0.012586,0.001166,
0.327779,0.035868,-0.011657,0.001863,
0.325551,0.036024,-0.031067,0.001310,
0.322462,0.035991,-0.030456,-0.001698,
0.315909,0.035903,-0.094624,-0.000210,
TIME: 1378 - SYSTEM: Plan 324
0.025942,0.000321,0.387192,0.031057,
0.074867,0.004380,0.571137,0.048297,
0.135465,0.009539,0.629889,0.053917,
0.190910,0.014670,0.485497,0.048608,
0.205497,0.018560,-0.142966,0.030329,
0.177262,0.017044,0.019708,0.025573,
0.179644,0.020415,0.027083,0.040259,
0.184450,0.024738,0.065375,0.045340,
0.191013,0.029220,0.065238,0.043916,
0.196097,0.032538,0.038179,0.023845,
0.163289,0.027432,0.033865,0.018779,
0.165358,0.029903,0.009343,0.029363,
0.165983,0.033064,0.003575,0.033396,
0.166380,0.036345,0.004269,0.032054,
0.164456,0.038998,-0.038962,0.021637,
0.178392,0.037219,0.390105,0.001198,
0.223904,0.037381,0.505954,0.001913,
0.275486,0.037543,0.519410,0.001330,
0.322234,0.037507,0.419219,-0.001802,
0.342591,0.037413,0.019145,-0.000233,
0.327835,0.035706,0.012585,0.001166,
0.327780,0.035861,-0.011659,0.001863,
0.325552,0.036015,-0.031069,0.001309,
0.322462,0.035983,-0.030458,-0.001698,
0.315908,0.035892,-0.094626,-0.000211,
TIME: 1382 - SYSTEM: Plan 325
0.025942,0.000321,0.387192,0.031058,
0.074867,0.004380,0.571136,0.048298,
0.135465,0.009540,0.629888,0.053915,
0.190910,0.014671,0.485496,0.048607,
0.205496,0.018562,-0.142965,0.030327,
0.177262,0.017049,0.019708,0.025575,
0.179644,0.020420,0.027082,0.040259,
0.184450,0.024744,0.065375,0.045338,
0.191012,0.029221,0.065238,0.043913,
0.196096,0.032538,0.038179,0.023807,
0.163289,0.027425,0.033870,0.018801,
0.165358,0.029899,0.009351,0.029410,
0.165984,0.033081,0.003575,0.033456,
0.166381,0.036362,0.004280,0.032100,
0.164460,0.039025,-0.038932,0.021667,
0.178396,0.037248,0.390112,0.001198,
0.223909,0.037407,0.505964,0.001913,
0.275491,0.037571,0.519413,0.001333,
0.322238,0.037532,0.419205,-0.001805,
0.342591,0.037435,0.019083,-0.000234,
0.327835,0.035726,0.012585,0.001166,
0.327780,0.035882,-0.011659,0.001865,
0.325552,0.036038,-0.031069,0.001312,
0.322462,0.036003,-0.030457,-0.001697,
0.315908,0.035913,-0.094626,-0.000208,
TIME: 1385 - SYSTEM: Plan 326
0.025942,0.000321,0.387192,0.031058,
0.074868,0.004380,0.571137,0.048296,
0.135465,0.009539,0.629888,0.053916,
0.190910,0.014669,0.485496,0.048607,
0.205496,0.018559,-0.142966,0.030328,
0.177262,0.017043,0.019707,0.025574,
0.179644,0.020419,0.027081,0.040261,
0.184450,0.024743,0.065374,0.045339,
0.191012,0.029219,0.065238,0.043913,
0.196096,0.032535,0.038179,0.023800,
0.163289,0.027419,0.033870,0.018796,
0.165358,0.029881,0.009352,0.029402,
0.165984,0.033052,0.003575,0.033455,
0.166382,0.036333,0.004282,0.032123,
0.164460,0.039000,-0.038927,0.021688,
0.178397,0.037223,0.390117,0.001198,
0.223909,0.037383,0.505973,0.001915,
0.275492,0.037543,0.519418,0.001332,
0.322239,0.037505,0.419194,-0.001802,
0.342589,0.037409,0.019047,-0.000230,
0.327833,0.035702,0.012589,0.001165,
0.327778,0.035858,-0.011653,0.001865,
0.325551,0.036016,-0.031062,0.001311,
0.322462,0.035983,-0.030452,-0.001698,
0.315909,0.035893,-0.094622,-0.000211,
TIME: 1389 - SYSTEM: Plan 327
0.025942,0.000321,0.387193,0.031057,
0.074867,0.004380,0.571138,0.048296,
0.135465,0.009539,0.629890,0.053916,
0.190910,0.014670,0.485497,0.048607,
0.205497,0.018560,-0.142967,0.030328,
0.177262,0.017045,0.019709,0.025571,
0.179644,0.020420,0.027084,0.040265,
0.184450,0.024746,0.065376,0.045339,
0.191013,0.029230,0.065239,0.043912,
0.196097,0.032544,0.038180,0.023788,
0.163289,0.027430,0.033863,0.018808,
0.165358,0.029907,0.009338,0.029417,
0.165982,0.033089,0.003573,0.033452,
0.166380,0.036384,0.004278,0.032113,
0.164458,0.039036,-0.038939,0.021670,
0.178395,0.037257,0.390120,0.001197,
0.223908,0.037415,0.505975,0.001914,
0.275490,0.037577,0.519426,0.001331,
0.322239,0.037539,0.419210,-0.001803,
0.342591,0.037444,0.019077,-0.000233,
0.327835,0.035734,0.012584,0.001166,
0.327779,0.035889,-0.011659,0.001865,
0.325551,0.036047,-0.031069,0.001311,
0.322462,0.036016,-0.030458,-0.001699,
0.315909,0.035924,-0.094626,-0.000210,
TIME: 1393 - SYSTEM: Plan 328
0.025942,0.000321,0.387191,0.031057,
0.074867,0.004380,0.571136,0.048296,
0.135465,0.009540,0.629887,0.053915,
0.190910,0.014669,0.485495,0.048606,
0.205496,0.018561,-0.142966,0.030327,
0.177262,0.017049,0.019707,0.025573,
0.179644,0.020417,0.027080,0.040260,
0.184449,0.024741,0.065373,0.045341,
0.191012,0.029222,0.065237,0.043915,
0.196096,0.032536,0.038179,0.023839,
0.163289,0.027426,0.033871,0.018775,
0.165358,0.029888,0.009354,0.029373,
0.165984,0.033061,0.003577,0.033422,
0.166381,0.036349,0.004275,0.032081,
0.164459,0.039019,-0.038945,0.021653,
0.178395,0.037240,0.390110,0.001197,
0.223907,0.037397,0.505961,0.001915,
0.275488,0.037557,0.519412,0.001336,
0.322235,0.037524,0.419209,-0.001796,
0.342590,0.037429,0.019112,-0.000228,
0.327834,0.035722,0.012586,0.001166,
0.327779,0.035877,-0.011657,0.001864,
0.325551,0.036035,-0.031066,0.001307,
0.322462,0.035999,-0.030455,-0.001701,
0.315909,0.035911,-0.094624,-0.000212,
TIME: 1397 - SYSTEM: Plan 329
0.025942,0.000321,0.387192,0.031058,
0.074867,0.004380,0.571136,0.048298,
0.135465,0.009540,0.629888,0.053916,
0.190910,0.014671,0.485496,0.048607,
0.205497,0.018561,-0.142966,0.030327,
0.177262,0.017046,0.019708,0.025575,
0.179644,0.020418,0.027082,0.040262,
0.184450,0.024742,0.065375,0.045341,
0.191013,0.029217,0.065238,0.043916,
0.196096,0.032535,0.038179,0.023842,
0.163289,0.027428,0.033867,0.018781,
0.165358,0.029874,0.009347,0.029368,
0.165983,0.033057,0.003576,0.033402,
0.166380,0.036337,0.004271,0.032071,
0.164457,0.038998,-0.038956,0.021650,
0.178393,0.037219,0.390109,0.001197,
0.223904,0.037377,0.505960,0.001913,
0.275487,0.037537,0.519415,0.001334,
0.322234,0.037501,0.419212,-0.001798,
0.342590,0.037405,0.019121,-0.000226,
0.327834,0.035696,0.012587,0.001168,
0.327779,0.035851,-0.011656,0.001863,
0.325551,0.036013,-0.031066,0.001310,
0.322462,0.035977,-0.030455,-0.001699,
0.315909,0.035891,-0.094624,-0.000213,
TIME: 1401 - SYSTEM: Plan 330
0.025942,0.000321,0.387193,0.031058,
0.074867,0.004380,0.571139,0.048297,
0.135465,0.009539,0.629890,0.053916,
0.190910,0.014670,0.485498,0.048609,
0.205497,0.018560,-0.142966,0.030329,
0.177262,0.017045,0.019710,0.025573,
0.179644,0.020416,0.027085,0.040261,
0.184451,0.024743,0.065377,0.045339,
0.191014,0.029222,0.065240,0.043915,
0.196098,0.032539,0.038180,0.023839,
0.163289,0.027432,0.033858,0.018776,
0.165357,0.029882,0.009329,0.029365,
0.165982,0.033051,0.003573,0.033408,
0.166378,0.036326,0.004264,0.032078,
0.164453,0.038974,-0.038977,0.021660,
0.178391,0.037199,0.390117,0.001199,
0.223904,0.037360,0.505973,0.001913,
0.275488,0.037519,0.519424,0.001331,
0.322235,0.037480,0.419215,-0.001800,
0.342589,0.037386,0.019107,-0.000230,
0.327834,0.035679,0.012588,0.001166,
0.327779,0.035832,-0.011654,0.001866,
0.325551,0.035992,-0.031064,0.001312,
0.322462,0.035956,-0.030453,-0.001695,
0.315909,0.035864,-0.094624,-0.000209,
TIME: 1405 - SYSTEM: Plan 331
0.025942,0.000321,0.387191,0.031057,
0.074868,0.004381,0.571136,0.048296,
0.135465,0.009540,0.629888,0.053914,
0.190910,0.014670,0.485496,0.048607,
0.205496,0.018561,-0.142966,0.030327,
0.177262,0.017048,0.019707,0.025575,
0.179644,0.020418,0.027081,0.040263,
0.184450,0.024741,0.065374,0.045339,
0.191013,0.029221,0.065237,0.043914,
0.196096,0.032542,0.038179,0.023823,
0.163289,0.027422,0.033870,0.018791,
0.165358,0.029894,0.009351,0.029386,
0.165984,0.033053,0.003575,0.033426,
0.166381,0.036352,0.004277,0.032091,
0.164459,0.038995,-0.038939,0.021663,
0.178395,0.037218,0.390107,0.001198,
0.223907,0.037378,0.505957,0.001915,
0.275490,0.037539,0.519409,0.001332,
0.322236,0.037500,0.419201,-0.001802,
0.342590,0.037406,0.019094,-0.000229,
0.327834,0.035698,0.012587,0.001166,
0.327779,0.035854,-0.011656,0.001865,
0.325551,0.036011,-0.031066,0.001311,
0.322462,0.035978,-0.030455,-0.001697,
0.315909,0.035889,-0.094624,-0.000209,
TIME: 1409 - SYSTEM: Plan 332
0.025942,0.000322,0.387191,0.031057,
0.074867,0.004380,0.571136,0.048297,
0.135465,0.009539,0.629887,0.053916,
0.190910,0.014671,0.485495,0.048608,
0.205496,0.018561,-0.142966,0.030328,
0.177262,0.017050,0.019707,0.025573,
0.179644,0.020416,0.027081,0.040261,
0.184449,0.024741,0.065374,0.045342,
0.191012,0.029220,0.065238,0.043915,
0.196096,0.032537,0.038179,0.023840,
0.163289,0.027427,0.033871,0.018776,
0.165358,0.029895,0.009355,0.029368,
0.165984,0.033048,0.003576,0.033405,
0.166382,0.036350,0.004275,0.032071,
0.164459,0.038996,-0.038944,0.021649,
0.178396,0.037217,0.390106,0.001199,
0.223908,0.037378,0.505956,0.001914,
0.275488,0.037537,0.519409,0.001334,
0.322235,0.037501,0.419209,-0.001798,
0.342589,0.037406,0.019120,-0.000228,
0.327834,0.035700,0.012587,0.001166,
0.327779,0.035853,-0.011655,0.001864,
0.325551,0.036013,-0.031065,0.001309,
0.322462,0.035979,-0.030454,-0.001700,
0.315909,0.035891,-0.094624,-0.000213,
TIME: 1413 - SYSTEM: Plan 333
0.025942,0.000322,0.387192,0.031058,
0.074867,0.004380,0.571137,0.048296,
0.135465,0.009539,0.629888,0.053916,
0.190910,0.014668,0.485496,0.048608,
0.205497,0.018559,-0.142966,0.030329,
0.177262,0.017046,0.019708,0.025575,
0.179644,0.020419,0.027083,0.040263,
0.184450,0.024743,0.065375,0.045339,
0.191013,0.029220,0.065238,0.043913,
0.196097,0.032538,0.038179,0.023795,
0.163289,0.027421,0.033866,0.018811,
0.165358,0.029884,0.009343,0.029420,
0.165983,0.033058,0.003574,0.033464,
0.166380,0.036339,0.004280,0.032125,
0.164458,0.039006,-0.038936,0.021697,
0.178396,0.037228,0.390122,0.001199,
0.223909,0.037386,0.505980,0.001914,
0.275493,0.037547,0.519426,0.001335,
0.322240,0.037514,0.419196,-0.001798,
0.342589,0.037419,0.019033,-0.000227,
0.327833,0.035712,0.012588,0.001166,
0.327778,0.035869,-0.011654,0.001863,
0.325551,0.036026,-0.031063,0.001310,
0.322462,0.035990,-0.030452,-0.001699,
0.315909,0.035900,-0.094623,-0.000210,
TIME: 1416 - SYSTEM: Plan 334
0.025942,0.000322,0.387192,0.031058,
0.074867,0.004379,0.571137,0.048297,
0.135465,0.009539,0.629889,0.053917,
0.190910,0.014669,0.485496,0.048609,
0.205497,0.018560,-0.142967,0.030329,
0.177262,0.017045,0.019708,0.025574,
0.179644,0.020416,0.027082,0.040262,
0.184450,0.024741,0.065375,0.045340,
0.191013,0.029219,0.065238,0.043916,
0.196097,0.032542,0.038179,0.023861,
0.163289,0.027432,0.033866,0.018759,
0.165358,0.029895,0.009346,0.029341,
0.165983,0.033051,0.003576,0.033381,
0.166380,0.036321,0.004267,0.032050,
0.164456,0.038977,-0.038967,0.021644,
0.178392,0.037200,0.390106,0.001198,
0.223904,0.037359,0.505957,0.001914,
0.275486,0.037519,0.519411,0.001332,
0.322234,0.037485,0.419214,-0.001800,
0.342589,0.037390,0.019138,-0.000231,
0.327833,0.035684,0.012588,0.001165,
0.327779,0.035836,-0.011654,0.001863,
0.325551,0.035994,-0.031063,0.001314,
0.322462,0.035962,-0.030453,-0.001693,
0.315909,0.035874,-0.094623,-0.000209,
TIME: 1420 - SYSTEM: Plan 335
0.025942,0.000321,0.387190,0.031057,
0.074867,0.004380,0.571134,0.048297,
0.135465,0.009539,0.629886,0.053916,
0.190910,0.014669,0.485494,0.048607,
0.205496,0.018559,-0.142965,0.030329,
0.177261,0.017046,0.019705,0.025575,
0.179643,0.020416,0.027078,0.040258,
0.184449,0.024744,0.065371,0.045341,
0.191011,0.029222,0.065235,0.043912,
0.196095,0.032533,0.038179,0.023775,
0.163288,0.027419,0.033881,0.018816,
0.165359,0.029894,0.009371,0.029431,
0.165986,0.033063,0.003577,0.033477,
0.166384,0.036354,0.004296,0.032140,
0.164466,0.039025,-0.038889,0.021702,
0.178402,0.037245,0.390112,0.001199,
0.223914,0.037407,0.505966,0.001915,
0.275495,0.037567,0.519410,0.001332,
0.322240,0.037529,0.419179,-0.001802,
0.342588,0.037435,0.019017,-0.000232,
0.327832,0.035727,0.012590,0.001164,
0.327778,0.035884,-0.011651,0.001863,
0.325551,0.036044,-0.031061,0.001306,
0.322462,0.036010,-0.030450,-0.001703,
0.315909,0.035921,-0.094621,-0.000215,
TIME: 1424 - SYSTEM: Plan 336
0.025942,0.000321,0.387192,0.031057,
0.074867,0.004380,0.571137,0.048297,
0.135465,0.009540,0.629889,0.053916,
0.190910,0.014671,0.485496,0.048607,
0.205497,0.018561,-0.142967,0.030328,
0.177262,0.017045,0.019708,0.025576,
0.179644,0.020422,0.027082,0.040259,
0.184450,0.024745,0.065375,0.045340,
0.191013,0.029222,0.065239,0.043914,
0.196097,0.032538,0.038179,0.023813,
0.163289,0.027428,0.033867,0.018794,
0.165358,0.029900,0.009345,0.029390,
0.165983,0.033076,0.003575,0.033425,
0.166381,0.036357,0.004276,0.032087,
0.164458,0.039015,-0.038943,0.021656,
0.178395,0.037238,0.390109,0.001198,
0.223907,0.037394,0.505960,0.001913,
0.275488,0.037552,0.519413,0.001335,
0.322236,0.037520,0.419209,-0.001799,
0.342590,0.037421,0.019105,-0.000229,
0.327834,0.035716,0.012585,0.001165,
0.327780,0.035868,-0.011659,0.001861,
0.325551,0.036024,-0.031068,0.001310,
0.322462,0.035992,-0.030457,-0.001699,
0.315909,0.035900,-0.094626,-0.000210,
TIME: 1428 - SYSTEM: Plan 337
0.025942,0.000321,0.387192,0.031057,
0.074867,0.004380,0.571137,0.048297,
0.135465,0.009539,0.629888,0.053916,
0.190910,0.014670,0.485496,0.048609,
0.205496,0.018560,-0.142966,0.030329,
0.177262,0.017045,0.019707,0.025574,
0.179644,0.020416,0.027081,0.040262,
0.184450,0.024741,0.065374,0.045340,
0.191012,0.029219,0.065238,0.043916,
0.196096,0.032542,0.038179,0.023861,
0.163289,0.027429,0.033871,0.018753,
0.165358,0.029892,0.009355,0.029334,
0.165984,0.033060,0.003578,0.033381,
0.166381,0.036327,0.004271,0.032043,
0.164458,0.038981,-0.038956,0.021637,
0.178394,0.037204,0.390100,0.001198,
0.223905,0.037364,0.505948,0.001916,
0.275485,0.037524,0.519401,0.001334,
0.322233,0.037491,0.419211,-0.001799,
0.342589,0.037400,0.019149,-0.000230,
0.327833,0.035693,0.012588,0.001166,
0.327779,0.035848,-0.011655,0.001863,
0.325551,0.036004,-0.031065,0.001310,
0.322462,0.035972,-0.030454,-0.001697,
0.315909,0.035882,-0.094623,-0.000211,
TIME: 1431 - SYSTEM: Plan 338
0.025942,0.000321,0.387192,0.031058,
0.074867,0.004380,0.571137,0.048297,
0.135465,0.009539,0.629889,0.053916,
0.190910,0.014670,0.485497,0.048608,
0.205497,0.018560,-0.142965,0.030329,
0.177262,0.017044,0.019708,0.025573,
0.179644,0.020415,0.027083,0.040260,
0.184450,0.024740,0.065375,0.045339,
0.191013,0.029219,0.065238,0.043917,
0.196097,0.032537,0.038180,0.023855,
0.163289,0.027421,0.033863,0.018768,
0.165358,0.029886,0.009341,0.029354,
0.165983,0.033069,0.003575,0.033393,
0.166380,0.036350,0.004266,0.032048,
0.164455,0.039017,-0.038970,0.021629,
0.178392,0.037237,0.390108,0.001198,
0.223903,0.037399,0.505956,0.001914,
0.275485,0.037563,0.519413,0.001331,
0.322234,0.037525,0.419225,-0.001803,
0.342591,0.037433,0.019159,-0.000235,
0.327835,0.035723,0.012583,0.001166,
0.327780,0.035879,-0.011661,0.001861,
0.325551,0.036038,-0.031071,0.001311,
0.322462,0.036002,-0.030459,-0.001699,
0.315908,0.035914,-0.094627,-0.000211,
TIME: 1435 - SYSTEM: Plan 339
0.025942,0.000321,0.387192,0.031056,
0.074867,0.004380,0.571138,0.048297,
0.135465,0.009540,0.629889,0.053915,
0.190910,0.014669,0.485497,0.048607,
0.205497,0.018559,-0.142965,0.030328,
0.177262,0.017045,0.019709,0.025572,
0.179644,0.020419,0.027083,0.040261,
0.184450,0.024735,0.065376,0.045336,
0.191013,0.029223,0.065239,0.043915,
0.196097,0.032543,0.038180,0.023842,
0.163289,0.027426,0.033863,0.018778,
0.165358,0.029880,0.009340,0.029368,
0.165983,0.033063,0.003574,0.033416,
0.166380,0.036352,0.004267,0.032073,
0.164455,0.039011,-0.038965,0.021647,
0.178392,0.037231,0.390111,0.001198,
0.223905,0.037392,0.505962,0.001915,
0.275487,0.037555,0.519414,0.001333,
0.322235,0.037519,0.419216,-0.001799,
0.342591,0.037426,0.019125,-0.000231,
0.327835,0.035717,0.012585,0.001165,
0.327780,0.035873,-0.011659,0.001865,
0.325552,0.036029,-0.031069,0.001311,
0.322462,0.035998,-0.030457,-0.001697,
0.315908,0.035907,-0.094626,-0.000211,
TIME: 1438 - SYSTEM: Plan 340
0.025942,0.000321,0.387192,0.031058,
0.074867,0.004379,0.571137,0.048297,
0.135465,0.009540,0.629888,0.053917,
0.190910,0.014670,0.485496,0.048608,
0.205497,0.018560,-0.142966,0.030328,
0.177262,0.017045,0.019708,0.025573,
0.179644,0.020415,0.027082,0.040261,
0.184450,0.024739,0.065375,0.045341,
0.191013,0.029218,0.065238,0.043914,
0.196097,0.032534,0.038179,0.023829,
0.163289,0.027417,0.033866,0.018784,
0.165358,0.029898,0.009346,0.029381,
0.165983,0.033060,0.003575,0.033424,
0.166381,0.036343,0.004273,0.032089,
0.164457,0.039010,-0.038951,0.021660,
0.178394,0.037231,0.390115,0.001196,
0.223906,0.037390,0.505968,0.001912,
0.275488,0.037549,0.519419,0.001332,
0.322237,0.037515,0.419211,-0.001800,
0.342590,0.037423,0.019101,-0.000230,
0.327834,0.035713,0.012587,0.001168,
0.327779,0.035870,-0.011656,0.001864,
0.325551,0.036025,-0.031066,0.001314,
0.322462,0.035995,-0.030455,-0.001694,
0.315909,0.035902,-0.094624,-0.000209,
TIME: 1442 - SYSTEM: Plan 341
0.025942,0.000322,0.387191,0.031057,
0.074867,0.004380,0.571136,0.048297,
0.135465,0.009541,0.629888,0.053916,
0.190910,0.014671,0.485496,0.048606,
0.205496,0.018561,-0.142965,0.030327,
0.177261,0.017044,0.019707,0.025574,
0.179644,0.020422,0.027081,0.040263,
0.184449,0.024741,0.065374,0.045338,
0.191012,0.029221,0.065238,0.043913,
0.196096,0.032539,0.038179,0.023813,
0.163289,0.027429,0.033873,0.018791,
0.165359,0.029897,0.009357,0.029393,
0.165984,0.033067,0.003577,0.033437,
0.166382,0.036360,0.004282,0.032097,
0.164461,0.039021,-0.038927,0.021664,
0.178397,0.037241,0.390110,0.001197,
0.223909,0.037402,0.505962,0.001913,
0.275490,0.037564,0.519412,0.001331,
0.322237,0.037526,0.419203,-0.001801,
0.342590,0.037430,0.019090,-0.000232,
0.327834,0.035721,0.012587,0.001164,
0.327779,0.035877,-0.011656,0.001863,
0.325551,0.036032,-0.031065,0.001309,
0.322462,0.035999,-0.030454,-0.001699,
0.315909,0.035910,-0.094624,-0.000211,
TIME: 1446 - SYSTEM: Plan 342
0.025942,0.000321,0.387192,0.031058,
0.074867,0.004379,0.571136,0.048298,
0.135465,0.009540,0.629888,0.053917,
0.190910,0.014672,0.485496,0.048607,
0.205497,0.018562,-0.142966,0.030327,
0.177262,0.017048,0.019708,0.025575,
0.179644,0.020420,0.027082,0.040258,
0.184450,0.024744,0.065375,0.045339,
0.191013,0.029223,0.065238,0.043913,
0.196097,0.032540,0.038179,0.023809,
0.163289,0.027427,0.033867,0.018800,
0.165358,0.029895,0.009345,0.029403,
0.165983,0.033054,0.003574,0.033446,
0.166381,0.036346,0.004277,0.032107,
0.164458,0.039013,-0.038940,0.021674,
0.178395,0.037234,0.390118,0.001199,
0.223908,0.037393,0.505973,0.001914,
0.275491,0.037554,0.519422,0.001332,
0.322238,0.037518,0.419206,-0.001801,
0.342590,0.037424,0.019073,-0.000230,
0.327834,0.035713,0.012587,0.001165,
0.327779,0.035870,-0.011656,0.001865,
0.325551,0.036029,-0.031066,0.001312,
0.322462,0.035995,-0.030455,-0.001696,
0.315909,0.035906,-0.094624,-0.000208,
TIME: 1449 - SYSTEM: Plan 343
0.025942,0.000321,0.387191,0.031057,
0.074867,0.004380,0.571136,0.048297,
0.135465,0.009541,0.629887,0.053914,
0.190910,0.014670,0.485495,0.048605,
0.205496,0.018561,-0.142966,0.030327,
0.177262,0.017049,0.019707,0.025573,
0.179644,0.020417,0.027081,0.040263,
0.184449,0.024740,0.065373,0.045343,
0.191012,0.029224,0.065237,0.043916,
0.196096,0.032539,0.038179,0.023864,
0.163289,0.027429,0.033871,0.018761,
0.165358,0.029882,0.009355,0.029347,
0.165984,0.033056,0.003577,0.033386,
0.166381,0.036337,0.004270,0.032042,
0.164458,0.038982,-0.038957,0.021627,
0.178393,0.037206,0.390103,0.001198,
0.223905,0.037366,0.505949,0.001915,
0.275485,0.037527,0.519405,0.001332,
0.322233,0.037491,0.419220,-0.001801,
0.342590,0.037398,0.019161,-0.000232,
0.327834,0.035690,0.012585,0.001165,
0.327779,0.035848,-0.011659,0.001863,
0.325551,0.036005,-0.031069,0.001311,
0.322462,0.035973,-0.030457,-0.001697,
0.315909,0.035882,-0.094625,-0.000212,
TIME: 1453 - SYSTEM: Plan 344
0.025942,0.000321,0.387194,0.031058,
0.074868,0.004380,0.571139,0.048298,
0.135465,0.009539,0.629891,0.053918,
0.190910,0.014669,0.485499,0.048609,
0.205497,0.018559,-0.142965,0.030329,
0.177262,0.017046,0.019710,0.025569,
0.179644,0.020420,0.027085,0.040261,
0.184451,0.024736,0.065378,0.045338,
0.191014,0.029220,0.065240,0.043916,
0.196098,0.032543,0.038180,0.023857,
0.163290,0.027436,0.033856,0.018764,
0.165357,0.029904,0.009326,0.029347,
0.165981,0.033069,0.003573,0.033382,
0.166378,0.036362,0.004259,0.032040,
0.164452,0.039018,-0.038990,0.021620,
0.178389,0.037241,0.390113,0.001197,
0.223900,0.037399,0.505962,0.001912,
0.275482,0.037560,0.519421,0.001331,
0.322232,0.037520,0.419237,-0.001800,
0.342592,0.037423,0.019177,-0.000230,
0.327835,0.035715,0.012582,0.001167,
0.327780,0.035871,-0.011662,0.001867,
0.325552,0.036024,-0.031072,0.001314,
0.322462,0.035992,-0.030461,-0.001693,
0.315908,0.035901,-0.094628,-0.000207,
TIME: 1456 - SYSTEM: Plan 345
0.025942,0.000321,0.387192,0.031057,
0.074868,0.004380,0.571138,0.048297,
0.135465,0.009540,0.629889,0.053915,
0.190910,0.014671,0.485497,0.048607,
0.205497,0.018561,-0.142965,0.030327,
0.177262,0.017046,0.019708,0.025575,
0.179644,0.020418,0.027082,0.040262,
0.184450,0.024742,0.065375,0.045341,
0.191013,0.029217,0.065238,0.043916,
0.196097,0.032535,0.038180,0.023842,
0.163289,0.027425,0.033864,0.018778,
0.165358,0.029878,0.009341,0.029364,
0.165983,0.033047,0.003575,0.033406,
0.166380,0.036336,0.004268,0.032075,
0.164456,0.039003,-0.038964,0.021654,
0.178392,0.037225,0.390112,0.001198,
0.223905,0.037384,0.505965,0.001914,
0.275487,0.037546,0.519417,0.001332,
0.322235,0.037507,0.419214,-0.001800,
0.342590,0.037410,0.019116,-0.000230,
0.327834,0.035703,0.012587,0.001166,
0.327779,0.035857,-0.011655,0.001863,
0.325551,0.036013,-0.031065,0.001309,
0.322462,0.035981,-0.030454,-0.001698,
0.315909,0.035890,-0.094624,-0.000211,
TIME: 1460 - SYSTEM: Plan 346
0.025942,0.000322,0.387192,0.031058,
0.074867,0.004379,0.571136,0.048297,
0.135465,0.009539,0.629888,0.053917,
0.190910,0.014669,0.485496,0.048608,
0.205496,0.018559,-0.142966,0.030328,
0.177262,0.017044,0.019708,0.025574,
0.179644,0.020419,0.027082,0.040262,
0.184450,0.024743,0.065375,0.045341,
0.191013,0.029216,0.065238,0.043913,
0.196096,0.032533,0.038179,0.023801,
0.163289,0.027422,0.033868,0.018807,
0.165358,0.029884,0.009348,0.029409,
0.165983,0.033061,0.003575,0.033456,
0.166381,0.036363,0.004280,0.032115,
0.164459,0.039036,-0.038933,0.021676,
0.178396,0.037257,0.390115,0.001197,
0.223910,0.037414,0.505968,0.001914,
0.275492,0.037575,0.519417,0.001335,
0.322239,0.037538,0.419201,-0.001799,
0.342590,0.037443,0.019067,-0.000229,
0.327834,0.035734,0.012585,0.001165,
0.327779,0.035886,-0.011659,0.001865,
0.325551,0.036044,-0.031068,0.001311,
0.322462,0.036010,-0.030457,-0.001699,
0.315909,0.035918,-0.094625,-0.000209,
TIME: 1464 - SYSTEM: Plan 347
0.025942,0.000321,0.387193,0.031057,
0.074868,0.004379,0.571139,0.048297,
0.135465,0.009539,0.629890,0.053916,
0.190910,0.014670,0.485498,0.048608,
0.205497,0.018561,-0.142966,0.030328,
0.177262,0.017046,0.019709,0.025575,
0.179644,0.020417,0.027084,0.040261,
0.184451,0.024743,0.065376,0.045341,
0.191014,0.029217,0.065239,0.043916,
0.196097,0.032536,0.038180,0.023854,
0.163289,0.027422,0.033860,0.018764,
0.165357,0.029891,0.009334,0.029357,
0.165982,0.033050,0.003574,0.033385,
0.166379,0.036318,0.004263,0.032051,
0.164453,0.038973,-0.038979,0.021641,
0.178390,0.037198,0.390114,0.001197,
0.223902,0.037359,0.505965,0.001913,
0.275484,0.037521,0.519422,0.001331,
0.322232,0.037483,0.419224,-0.001803,
0.342590,0.037390,0.019142,-0.000233,
0.327834,0.035682,0.012586,0.001168,
0.327779,0.035839,-0.011657,0.001864,
0.325551,0.035997,-0.031066,0.001312,
0.322462,0.035963,-0.030455,-0.001695,
0.315909,0.035872,-0.094625,-0.000211,
TIME: 1468 - SYSTEM: Plan 348
0.025942,0.000321,0.387194,0.031057,
0.074868,0.004380,0.571140,0.048296,
0.135465,0.009540,0.629891,0.053915,
0.190911,0.014670,0.485498,0.048606,
0.205497,0.018562,-0.142966,0.030327,
0.177262,0.017047,0.019710,0.025573,
0.179645,0.020422,0.027085,0.040262,
0.184451,0.024745,0.065378,0.045340,
0.191014,0.029225,0.065240,0.043914,
0.196098,0.032539,0.038180,0.023820,
0.163290,0.027425,0.033856,0.018786,
0.165357,0.029900,0.009325,0.029391,
0.165981,0.033059,0.003572,0.033423,
0.166378,0.036346,0.004266,0.032086,
0.164453,0.039006,-0.038972,0.021662,
0.178391,0.037228,0.390121,0.001197,
0.223905,0.037386,0.505976,0.001913,
0.275487,0.037546,0.519429,0.001333,
0.322237,0.037511,0.419219,-0.001799,
0.342590,0.037414,0.019100,-0.000229,
0.327834,0.035707,0.012585,0.001164,
0.327779,0.035859,-0.011658,0.001862,
0.325551,0.036015,-0.031068,0.001313,
0.322462,0.035983,-0.030457,-0.001695,
0.315909,0.035891,-0.094626,-0.000208,
TIME: 1472 - SYSTEM: Plan 349
0.025942,0.000321,0.387192,0.031058,
0.074867,0.004379,0.571137,0.048298,
0.135465,0.009539,0.629889,0.053917,
0.190910,0.014670,0.485496,0.048609,
0.205497,0.018561,-0.142966,0.030329,
0.177262,0.017049,0.019708,0.025574,
0.179644,0.020418,0.027082,0.040259,
0.184450,0.024739,0.065375,0.045340,
0.191013,0.029220,0.065239,0.043913,
0.196097,0.032534,0.038179,0.023809,
0.163289,0.027424,0.033864,0.018798,
0.165358,0.029901,0.009341,0.029398,
0.165983,0.033069,0.003573,0.033438,
0.166380,0.036362,0.004275,0.032100,
0.164457,0.039011,-0.038946,0.021669,
0.178394,0.037235,0.390116,0.001198,
0.223907,0.037395,0.505969,0.001914,
0.275489,0.037558,0.519420,0.001331,
0.322237,0.037521,0.419208,-0.001803,
0.342590,0.037424,0.019083,-0.000234,
0.327834,0.035715,0.012586,0.001165,
0.327779,0.035868,-0.011657,0.001863,
0.325551,0.036025,-0.031066,0.001312,
0.322462,0.035993,-0.030455,-0.001696,
0.315909,0.035902,-0.094625,-0.000209,
TIME: 1476 - SYSTEM: Plan 350
0.025942,0.000321,0.387192,0.031057,
0.074868,0.004380,0.571138,0.048296,
0.135465,0.009540,0.629889,0.053915,
0.190910,0.014668,0.485497,0.048607,
0.205497,0.018559,-0.142966,0.030329,
0.177262,0.017045,0.019709,0.025573,
0.179644,0.020414,0.027083,0.040261,
0.184450,0.024740,0.065375,0.045342,
0.191013,0.029224,0.065239,0.043915,
0.196097,0.032538,0.038180,0.023841,
0.163289,0.027431,0.033862,0.018782,
0.165358,0.029902,0.009337,0.029366,
0.165982,0.033078,0.003574,0.033404,
0.166379,0.036356,0.004267,0.032059,
0.164455,0.039017,-0.038968,0.021634,
0.178392,0.037239,0.390112,0.001196,
0.223904,0.037395,0.505962,0.001912,
0.275486,0.037558,0.519418,0.001334,
0.322234,0.037519,0.419227,-0.001799,
0.342591,0.037428,0.019147,-0.000229,
0.327835,0.035721,0.012584,0.001167,
0.327780,0.035876,-0.011660,0.001865,
0.325552,0.036035,-0.031070,0.001312,
0.322462,0.035997,-0.030459,-0.001698,
0.315908,0.035909,-0.094627,-0.000211,
TIME: 1479 - SYSTEM: Plan 351
0.025942,0.000321,0.387191,0.031057,
0.074867,0.004381,0.571136,0.048297,
0.135465,0.009541,0.629888,0.053916,
0.190910,0.014671,0.485496,0.048607,
0.205497,0.018561,-0.142965,0.030327,
0.177262,0.017046,0.019708,0.025573,
0.179644,0.020418,0.027082,0.040259,
0.184450,0.024743,0.065375,0.045342,
0.191013,0.029222,0.065238,0.043913,
0.196097,0.032535,0.038179,0.023814,
0.163289,0.027419,0.033867,0.018796,
0.165358,0.029893,0.009346,0.029400,
0.165983,0.033058,0.003575,0.033445,
0.166381,0.036354,0.004276,0.032106,
0.164458,0.039018,-0.038943,0.021668,
0.178395,0.037239,0.390113,0.001197,
0.223907,0.037399,0.505966,0.001914,
0.275490,0.037560,0.519415,0.001333,
0.322238,0.037524,0.419204,-0.001800,
0.342590,0.037430,0.019083,-0.000232,
0.327834,0.035721,0.012585,0.001165,
0.327780,0.035876,-0.011658,0.001861,
0.325551,0.036034,-0.031067,0.001311,
0.322462,0.035998,-0.030456,-0.001698,
0.315909,0.035910,-0.094625,-0.000209,
TIME: 1483 - SYSTEM: Plan 352
0.025942,0.000321,0.387193,0.031057,
0.074868,0.004380,0.571139,0.048297,
0.135465,0.009540,0.629890,0.053917,
0.190910,0.014670,0.485498,0.048608,
0.205497,0.018561,-0.142967,0.030328,
0.177262,0.017046,0.019710,0.025571,
0.179644,0.020418,0.027085,0.040258,
0.184451,0.024743,0.065378,0.045342,
0.191014,0.029222,0.065241,0.043913,
0.196098,0.032535,0.038180,0.023803,
0.163290,0.027424,0.033857,0.018803,
0.165357,0.029899,0.009326,0.029395,
0.165981,0.033061,0.003571,0.033448,
0.166378,0.036345,0.004269,0.032111,
0.164454,0.038997,-0.038961,0.021686,
0.178392,0.037219,0.390123,0.001198,
0.223906,0.037379,0.505982,0.001915,
0.275489,0.037538,0.519429,0.001333,
0.322238,0.037506,0.419205,-0.001799,
0.342589,0.037410,0.019056,-0.000230,
0.327833,0.035704,0.012587,0.001165,
0.327779,0.035858,-0.011656,0.001864,
0.325551,0.036011,-0.031065,0.001311,
0.322462,0.035982,-0.030454,-0.001698,
0.315909,0.035892,-0.094624,-0.000210,
TIME: 1488 - SYSTEM: Plan 353
0.025942,0.000321,0.387192,0.031057,
0.074867,0.004381,0.571136,0.048297,
0.135465,0.009541,0.629888,0.053915,
0.190910,0.014672,0.485496,0.048607,
0.205496,0.018563,-0.142967,0.030327,
0.177262,0.017049,0.019708,0.025573,
0.179644,0.020419,0.027082,0.040261,
0.184450,0.024744,0.065374,0.045340,
0.191013,0.029223,0.065238,0.043915,
0.196096,0.032542,0.038179,0.023848,
0.163289,0.027435,0.033867,0.018771,
0.165358,0.029894,0.009348,0.029359,
0.165983,0.033071,0.003576,0.033403,
0.166381,0.036356,0.004270,0.032058,
0.164457,0.039017,-0.038958,0.021634,
0.178393,0.037239,0.390106,0.001198,
0.223905,0.037399,0.505955,0.001913,
0.275486,0.037560,0.519409,0.001330,
0.322234,0.037523,0.419219,-0.001801,
0.342591,0.037427,0.019147,-0.000232,
0.327835,0.035720,0.012585,0.001164,
0.327780,0.035875,-0.011659,0.001860,
0.325551,0.036033,-0.031069,0.001310,
0.322462,0.035996,-0.030457,-0.001698,
0.315908,0.035906,-0.094626,-0.000212,
TIME: 1492 - SYSTEM: Plan 354
0.025942,0.000321,0.387192,0.031057,
0.074867,0.004379,0.571137,0.048296,
0.135465,0.009540,0.629889,0.053916,
0.190910,0.014670,0.485497,0.048608,
0.205497,0.018560,-0.142965,0.030328,
0.177262,0.017047,0.019708,0.025570,
0.179644,0.020417,0.027083,0.040260,
0.184450,0.024748,0.065375,0.045339,
0.191013,0.029224,0.065239,0.043913,
0.196097,0.032541,0.038180,0.023806,
0.163289,0.027428,0.033866,0.018797,
0.165358,0.029890,0.009344,0.029397,
0.165983,0.033067,0.003575,0.033445,
0.166380,0.036372,0.004278,0.032102,
0.164458,0.039038,-0.038941,0.021668,
0.178395,0.037257,0.390114,0.001198,
0.223908,0.037419,0.505966,0.001914,
0.275491,0.037580,0.519415,0.001332,
0.322238,0.037540,0.419205,-0.001802,
0.342590,0.037449,0.019084,-0.000232,
0.327834,0.035742,0.012585,0.001165,
0.327779,0.035894,-0.011658,0.001860,
0.325551,0.036050,-0.031068,0.001311,
0.322462,0.036021,-0.030456,-0.001700,
0.315909,0.035930,-0.094625,-0.000210,
TIME: 1495 - SYSTEM: Plan 355
0.025942,0.000321,0.387192,0.031056,
0.074867,0.004379,0.571137,0.048297,
0.135465,0.009539,0.629889,0.053916,
0.190910,0.014669,0.485496,0.048607,
0.205497,0.018560,-0.142966,0.030329,
0.177262,0.017044,0.019709,0.025574,
0.179644,0.020415,0.027083,0.040262,
0.184450,0.024739,0.065376,0.045341,
0.191013,0.029217,0.065239,0.043917,
0.196097,0.032537,0.038180,0.023876,
0.163289,0.027427,0.033860,0.018755,
0.165357,0.029883,0.009335,0.029329,
0.165982,0.033034,0.003575,0.033365,
0.166379,0.036324,0.004259,0.032034,
0.164453,0.038975,-0.038989,0.021625,
0.178389,0.037198,0.390105,0.001198,
0.223902,0.037354,0.505953,0.001914,
0.275483,0.037516,0.519410,0.001333,
0.322231,0.037479,0.419225,-0.001798,
0.342590,0.037387,0.019172,-0.000229,
0.327834,0.035678,0.012586,0.001166,
0.327779,0.035836,-0.011657,0.001863,
0.325551,0.035994,-0.031067,0.001311,
0.322462,0.035961,-0.030456,-0.001697,
0.315909,0.035868,-0.094625,-0.000213,
TIME: 1499 - SYSTEM: Plan 356
0.025942,0.000321,0.387192,0.031057,
0.074867,0.004380,0.571137,0.048296,
0.135465,0.009540,0.629889,0.053915,
0.190910,0.014670,0.485497,0.048608,
0.205497,0.018560,-0.142965,0.030328,
0.177262,0.017045,0.019709,0.025574,
0.179644,0.020415,0.027083,0.040261,
0.184450,0.024741,0.065376,0.045337,
0.191013,0.029220,0.065239,0.043916,
0.196097,0.032535,0.038180,0.023836,
0.163289,0.027432,0.033862,0.018784,
0.165358,0.029887,0.009338,0.029370,
0.165982,0.033061,0.003574,0.033406,
0.166379,0.036336,0.004268,0.032071,
0.164455,0.039008,-0.038964,0.021651,
0.178392,0.037229,0.390110,0.001197,
0.223904,0.037388,0.505962,0.001914,
0.275486,0.037551,0.519416,0.001333,
0.322234,0.037518,0.419215,-0.001801,
0.342590,0.037423,0.019121,-0.000232,
0.327834,0.035716,0.012586,0.001167,
0.327779,0.035872,-0.011657,0.001863,
0.325552,0.036024,-0.031066,0.001312,
0.322462,0.035992,-0.030455,-0.001696,
0.315909,0.035903,-0.094625,-0.000207,
TIME: 1503 - SYSTEM: Plan 357
0.025942,0.000321,0.387191,0.031057,
0.074867,0.004381,0.571136,0.048297,
0.135465,0.009541,0.629888,0.053916,
0.190910,0.014670,0.485496,0.048606,
0.205496,0.018561,-0.142965,0.030327,
0.177262,0.017044,0.019707,0.025575,
0.179644,0.020420,0.027081,0.040261,
0.184450,0.024744,0.065374,0.045338,
0.191013,0.029223,0.065238,0.043916,
0.196096,0.032539,0.038179,0.023841,
0.163289,0.027423,0.033871,0.018779,
0.165358,0.029891,0.009354,0.029368,
0.165984,0.033060,0.003577,0.033404,
0.166382,0.036340,0.004275,0.032065,
0.164459,0.038997,-0.038946,0.021647,
0.178395,0.037220,0.390103,0.001198,
0.223906,0.037380,0.505951,0.001912,
0.275487,0.037542,0.519405,0.001330,
0.322235,0.037506,0.419208,-0.001804,
0.342590,0.037412,0.019125,-0.000234,
0.327834,0.035705,0.012587,0.001166,
0.327779,0.035859,-0.011656,0.001863,
0.325551,0.036014,-0.031065,0.001314,
0.322462,0.035980,-0.030454,-0.001694,
0.315909,0.035889,-0.094624,-0.000207,
TIME: 1507 - SYSTEM: Plan 358
0.025942,0.000321,0.387192,0.031058,
0.074868,0.004379,0.571136,0.048297,
0.135465,0.009540,0.629888,0.053916,
0.190910,0.014670,0.485496,0.048607,
0.205496,0.018561,-0.142965,0.030328,
0.177262,0.017044,0.019708,0.025573,
0.179644,0.020421,0.027082,0.040259,
0.184450,0.024742,0.065374,0.045339,
0.191013,0.029224,0.065238,0.043915,
0.196096,0.032540,0.038179,0.023829,
0.163289,0.027427,0.033868,0.018780,
0.165358,0.029886,0.009349,0.029380,
0.165983,0.033063,0.003575,0.033426,
0.166381,0.036345,0.004274,0.032086,
0.164458,0.039006,-0.038947,0.021663,
0.178394,0.037227,0.390109,0.001198,
0.223907,0.037390,0.505960,0.001913,
0.275489,0.037549,0.519410,0.001330,
0.322236,0.037515,0.419203,-0.001802,
0.342590,0.037418,0.019096,-0.000234,
0.327834,0.035711,0.012586,0.001165,
0.327779,0.035860,-0.011657,0.001865,
0.325551,0.036022,-0.031067,0.001313,
0.322462,0.035987,-0.030455,-0.001694,
0.315909,0.035899,-0.094624,-0.000208,
TIME: 1510 - SYSTEM: Plan 359
0.025942,0.000322,0.387191,0.031057,
0.074867,0.004381,0.571136,0.048296,
0.135465,0.009540,0.629887,0.053914,
0.190910,0.014671,0.485495,0.048607,
0.205496,0.018561,-0.142966,0.030327,
0.177262,0.017049,0.019707,0.025574,
0.179643,0.020417,0.027080,0.040261,
0.184449,0.024741,0.065373,0.045341,
0.191012,0.029217,0.065238,0.043915,
0.196096,0.032538,0.038179,0.023832,
0.163289,0.027424,0.033871,0.018785,
0.165358,0.029883,0.009355,0.029379,
0.165984,0.033057,0.003577,0.033423,
0.166382,0.036353,0.004277,0.032088,
0.164459,0.039018,-0.038940,0.021657,
0.178396,0.037239,0.390107,0.001198,
0.223908,0.037398,0.505957,0.001913,
0.275489,0.037556,0.519409,0.001334,
0.322235,0.037523,0.419204,-0.001798,
0.342590,0.037427,0.019104,-0.000228,
0.327834,0.035717,0.012587,0.001163,
0.327779,0.035876,-0.011656,0.001860,
0.325551,0.036031,-0.031065,0.001307,
0.322462,0.035999,-0.030454,-0.001700,
0.315909,0.035908,-0.094625,-0.000212,
TIME: 1514 - SYSTEM: Plan 360
0.025942,0.000321,0.387192,0.031058,
0.074867,0.004379,0.571137,0.048297,
0.135465,0.009539,0.629888,0.053917,
0.190910,0.014670,0.485496,0.048609,
0.205497,0.018560,-0.142966,0.030329,
0.177262,0.017046,0.019709,0.025569,
0.179644,0.020418,0.027083,0.040261,
0.184450,0.024742,0.065376,0.045340,
0.191013,0.029220,0.065239,0.043916,
0.196097,0.032535,0.038180,0.023837,
0.163289,0.027428,0.033864,0.018778,
0.165358,0.029896,0.009341,0.029371,
0.165983,0.033088,0.003574,0.033411,
0.166380,0.036366,0.004270,0.032060,
0.164456,0.039019,-0.038961,0.021633,
0.178393,0.037239,0.390110,0.001198,
0.223904,0.037396,0.505959,0.001914,
0.275486,0.037559,0.519415,0.001335,
0.322235,0.037521,0.419225,-0.001797,
0.342591,0.037422,0.019147,-0.000226,
0.327835,0.035715,0.012583,0.001164,
0.327780,0.035870,-0.011661,0.001862,
0.325552,0.036026,-0.031071,0.001307,
0.322462,0.035991,-0.030460,-0.001698,
0.315908,0.035900,-0.094628,-0.000211,
TIME: 1517 - SYSTEM: Plan 361
0.025942,0.000321,0.387193,0.031056,
0.074868,0.004379,0.571139,0.048296,
0.135465,0.009539,0.629890,0.053916,
0.190911,0.014670,0.485498,0.048608,
0.205497,0.018561,-0.142966,0.030328,
0.177262,0.017049,0.019710,0.025573,
0.179644,0.020416,0.027085,0.040261,
0.184451,0.024741,0.065377,0.045340,
0.191014,0.029225,0.065240,0.043916,
0.196098,0.032539,0.038180,0.023856,
0.163290,0.027433,0.033859,0.018765,
0.165357,0.029898,0.009332,0.029352,
0.165982,0.033057,0.003574,0.033378,
0.166378,0.036334,0.004262,0.032048,
0.164453,0.038996,-0.038982,0.021636,
0.178390,0.037220,0.390113,0.001198,
0.223902,0.037380,0.505965,0.001913,
0.275485,0.037536,0.519422,0.001331,
0.322233,0.037498,0.419227,-0.001800,
0.342590,0.037400,0.019152,-0.000227,
0.327834,0.035694,0.012586,0.001165,
0.327779,0.035852,-0.011656,0.001861,
0.325552,0.036006,-0.031066,0.001308,
0.322462,0.035972,-0.030455,-0.001697,
0.315909,0.035883,-0.094625,-0.000213,
TIME: 1521 - SYSTEM: Plan 362
0.025942,0.000321,0.387192,0.031057,
0.074867,0.004380,0.571137,0.048297,
0.135465,0.009540,0.629888,0.053916,
0.190910,0.014670,0.485496,0.048608,
0.205497,0.018561,-0.142965,0.030328,
0.177262,0.017050,0.019708,0.025574,
0.179644,0.020416,0.027083,0.040262,
0.184450,0.024739,0.065375,0.045342,
0.191013,0.029220,0.065239,0.043916,
0.196097,0.032532,0.038180,0.023837,
0.163289,0.027419,0.033866,0.018785,
0.165358,0.029875,0.009345,0.029374,
0.165983,0.033041,0.003575,0.033414,
0.166380,0.036322,0.004271,0.032079,
0.164457,0.038978,-0.038955,0.021662,
0.178394,0.037200,0.390110,0.001197,
0.223906,0.037360,0.505962,0.001916,
0.275487,0.037519,0.519413,0.001334,
0.322235,0.037486,0.419206,-0.001798,
0.342589,0.037390,0.019100,-0.000230,
0.327833,0.035682,0.012588,0.001166,
0.327779,0.035837,-0.011654,0.001865,
0.325551,0.035994,-0.031064,0.001312,
0.322462,0.035959,-0.030453,-0.001696,
0.315909,0.035867,-0.094624,-0.000209,
TIME: 1524 - SYSTEM: Plan 363
0.025942,0.000321,0.387192,0.031057,
0.074867,0.004380,0.571137,0.048297,
0.135465,0.009539,0.629889,0.053917,
0.190910,0.014669,0.485496,0.048609,
0.205497,0.018560,-0.142966,0.030329,
0.177262,0.017046,0.019708,0.025574,
0.179644,0.020417,0.027082,0.040263,
0.184450,0.024744,0.065375,0.045340,
0.191013,0.029219,0.065238,0.043917,
0.196097,0.032537,0.038180,0.023855,
0.163289,0.027427,0.033863,0.018770,
0.165358,0.029880,0.009341,0.029348,
0.165983,0.033052,0.003575,0.033405,
0.166380,0.036342,0.004265,0.032064,
0.164455,0.038992,-0.038970,0.021643,
0.178392,0.037216,0.390111,0.001196,
0.223904,0.037376,0.505963,0.001913,
0.275485,0.037536,0.519414,0.001332,
0.322233,0.037498,0.419218,-0.001799,
0.342590,0.037407,0.019135,-0.000231,
0.327834,0.035696,0.012585,0.001168,
0.327779,0.035856,-0.011658,0.001862,
0.325551,0.036010,-0.031067,0.001310,
0.322462,0.035979,-0.030456,-0.001696,
0.315909,0.035885,-0.094625,-0.000211,
TIME: 1528 - SYSTEM: Plan 364
0.025942,0.000322,0.387191,0.031057,
0.074867,0.004381,0.571136,0.048297,
0.135465,0.009541,0.629887,0.053915,
0.190910,0.014672,0.485495,0.048607,
0.205496,0.018563,-0.142965,0.030327,
0.177262,0.017049,0.019707,0.025573,
0.179644,0.020418,0.027081,0.040260,
0.184449,0.024743,0.065374,0.045340,
0.191012,0.029222,0.065238,0.043915,
0.196096,0.032539,0.038179,0.023842,
0.163289,0.027428,0.033871,0.018777,
0.165358,0.029897,0.009355,0.029371,
0.165984,0.033080,0.003577,0.033397,
0.166382,0.036349,0.004275,0.032056,
0.164459,0.038990,-0.038944,0.021641,
0.178395,0.037213,0.390103,0.001198,
0.223906,0.037375,0.505949,0.001914,
0.275486,0.037533,0.519406,0.001331,
0.322234,0.037495,0.419212,-0.001801,
0.342590,0.037403,0.019136,-0.000232,
0.327834,0.035696,0.012585,0.001166,
0.327779,0.035851,-0.011659,0.001862,
0.325551,0.036008,-0.031069,0.001312,
0.322462,0.035975,-0.030457,-0.001696,
0.315909,0.035886,-0.094625,-0.000210,
TIME: 1532 - SYSTEM: Plan 365
0.025942,0.000321,0.387192,0.031057,
0.074867,0.004379,0.571137,0.048297,
0.135465,0.009539,0.629888,0.053917,
0.190910,0.014669,0.485497,0.048607,
0.205497,0.018559,-0.142965,0.030328,
0.177262,0.017045,0.019709,0.025574,
0.179644,0.020415,0.027083,0.040258,
0.184450,0.024743,0.065376,0.045341,
0.191013,0.029221,0.065239,0.043914,
0.196097,0.032539,0.038180,0.023814,
0.163289,0.027429,0.033864,0.018791,
0.165358,0.029900,0.009341,0.029398,
0.165983,0.033062,0.003574,0.033429,
0.166380,0.036355,0.004275,0.032095,
0.164457,0.039016,-0.038948,0.021665,
0.178394,0.037237,0.390115,0.001199,
0.223907,0.037399,0.505967,0.001915,
0.275489,0.037563,0.519420,0.001333,
0.322237,0.037529,0.419208,-0.001804,
0.342590,0.037434,0.019091,-0.000235,
0.327834,0.035724,0.012585,0.001167,
0.327779,0.035880,-0.011658,0.001863,
0.325551,0.036040,-0.031068,0.001312,
0.322462,0.036004,-0.030456,-0.001697,
0.315909,0.035915,-0.094625,-0.000209,
TIME: 1536 - SYSTEM: Plan 366
0.025942,0.000321,0.387193,0.031057,
0.074868,0.004380,0.571139,0.048296,
0.135465,0.009540,0.629890,0.053914,
0.190910,0.014671,0.485497,0.048605,
0.205497,0.018561,-0.142966,0.030327,
0.177262,0.017044,0.019710,0.025573,
0.179644,0.020421,0.027085,0.040259,
0.184451,0.024742,0.065377,0.045339,
0.191014,0.029224,0.065240,0.043915,
0.196098,0.032540,0.038180,0.023828,
0.163290,0.027430,0.033859,0.018790,
0.165357,0.029880,0.009332,0.029371,
0.165982,0.033054,0.003573,0.033415,
0.166379,0.036344,0.004267,0.032086,
0.164454,0.039001,-0.038967,0.021663,
0.178392,0.037224,0.390119,0.001198,
0.223905,0.037385,0.505976,0.001915,
0.275488,0.037543,0.519428,0.001331,
0.322235,0.037504,0.419216,-0.001799,
0.342589,0.037410,0.019100,-0.000228,
0.327834,0.035703,0.012587,0.001166,
0.327779,0.035859,-0.011656,0.001864,
0.325551,0.036015,-0.031066,0.001310,
0.322462,0.035982,-0.030455,-0.001699,
0.315909,0.035890,-0.094624,-0.000211,
TIME: 1539 - SYSTEM: Plan 367
0.025942,0.000321,0.387192,0.031058,
0.074867,0.004380,0.571136,0.048297,
0.135465,0.009540,0.629888,0.053916,
0.190910,0.014670,0.485496,0.048607,
0.205496,0.018561,-0.142966,0.030328,
0.177262,0.017046,0.019707,0.025575,
0.179644,0.020421,0.027081,0.040256,
0.184450,0.024746,0.065374,0.045337,
0.191012,0.029225,0.065238,0.043913,
0.196096,0.032538,0.038179,0.023795,
0.163289,0.027427,0.033872,0.018806,
0.165358,0.029889,0.009355,0.029407,
0.165984,0.033052,0.003575,0.033450,
0.166382,0.036342,0.004285,0.032125,
0.164461,0.038996,-0.038920,0.021692,
0.178397,0.037219,0.390111,0.001197,
0.223909,0.037380,0.505966,0.001911,
0.275492,0.037540,0.519412,0.001327,
0.322237,0.037503,0.419185,-0.001804,
0.342588,0.037411,0.019041,-0.000234,
0.327832,0.035704,0.012590,0.001165,
0.327778,0.035855,-0.011652,0.001861,
0.325550,0.036014,-0.031062,0.001311,
0.322462,0.035985,-0.030451,-0.001697,
0.315909,0.035895,-0.094622,-0.000209,
TIME: 1544 - SYSTEM: Plan 368
0.025942,0.000321,0.387191,0.031057,
0.074867,0.004380,0.571136,0.048296,
0.135465,0.009539,0.629888,0.053916,
0.190910,0.014670,0.485495,0.048608,
0.205496,0.018560,-0.142966,0.030328,
0.177262,0.017046,0.019707,0.025569,
0.179644,0.020418,0.027081,0.040261,
0.184450,0.024742,0.065374,0.045340,
0.191012,0.029220,0.065238,0.043916,
0.196096,0.032535,0.038179,0.023837,
0.163289,0.027425,0.033871,0.018782,
0.165358,0.029902,0.009354,0.029369,
0.165984,0.033067,0.003576,0.033402,
0.166382,0.036345,0.004275,0.032065,
0.164459,0.039012,-0.038944,0.021642,
0.178395,0.037236,0.390101,0.001199,
0.223906,0.037396,0.505949,0.001914,
0.275487,0.037553,0.519403,0.001331,
0.322235,0.037518,0.419210,-0.001802,
0.342590,0.037424,0.019132,-0.000232,
0.327834,0.035715,0.012585,0.001167,
0.327780,0.035868,-0.011659,0.001866,
0.325551,0.036027,-0.031069,0.001311,
0.322462,0.035995,-0.030457,-0.001696,
0.315909,0.035906,-0.094625,-0.000210,
TIME: 1548 - SYSTEM: Plan 369
0.025942,0.000321,0.387191,0.031057,
0.074867,0.004380,0.571136,0.048297,
0.135465,0.009540,0.629887,0.053915,
0.190910,0.014670,0.485496,0.048606,
0.205496,0.018562,-0.142965,0.030327,
0.177262,0.017048,0.019707,0.025575,
0.179644,0.020420,0.027081,0.040259,
0.184450,0.024744,0.065374,0.045339,
0.191012,0.029223,0.065237,0.043913,
0.196096,0.032540,0.038179,0.023809,
0.163289,0.027423,0.033872,0.018798,
0.165359,0.029885,0.009355,0.029403,
0.165984,0.033062,0.003576,0.033446,
0.166382,0.036354,0.004281,0.032103,
0.164460,0.039012,-0.038928,0.021674,
0.178397,0.037235,0.390109,0.001197,
0.223909,0.037397,0.505961,0.001912,
0.275491,0.037555,0.519410,0.001330,
0.322237,0.037519,0.419197,-0.001803,
0.342590,0.037423,0.019073,-0.000234,
0.327834,0.035717,0.012586,0.001166,
0.327779,0.035874,-0.011657,0.001863,
0.325551,0.036030,-0.031066,0.001308,
0.322462,0.035998,-0.030455,-0.001701,
0.315909,0.035908,-0.094624,-0.000213,
TIME: 1551 - SYSTEM: Plan 370
0.025942,0.000322,0.387193,0.031058,
0.074867,0.004380,0.571138,0.048298,
0.135465,0.009541,0.629890,0.053917,
0.190910,0.014671,0.485497,0.048608,
0.205497,0.018562,-0.142966,0.030328,
0.177262,0.017049,0.019709,0.025570,
0.179644,0.020418,0.027083,0.040261,
0.184450,0.024747,0.065375,0.045338,
0.191013,0.029231,0.065239,0.043913,
0.196097,0.032546,0.038179,0.023817,
0.163289,0.027429,0.033862,0.018793,
0.165358,0.029904,0.009337,0.029388,
0.165982,0.033057,0.003573,0.033422,
0.166379,0.036350,0.004272,0.032088,
0.164456,0.039013,-0.038955,0.021665,
0.178393,0.037233,0.390115,0.001197,
0.223906,0.037395,0.505969,0.001914,
0.275489,0.037555,0.519422,0.001331,
0.322237,0.037518,0.419210,-0.001801,
0.342590,0.037423,0.019093,-0.000231,
0.327834,0.035717,0.012587,0.001164,
0.327779,0.035871,-0.011656,0.001863,
0.325551,0.036029,-0.031066,0.001311,
0.322462,0.035996,-0.030455,-0.001698,
0.315909,0.035901,-0.094624,-0.000211,
TIME: 1555 - SYSTEM: Plan 371
0.025942,0.000321,0.387193,0.031057,
0.074868,0.004380,0.571139,0.048297,
0.135465,0.009539,0.629890,0.053915,
0.190911,0.014669,0.485498,0.048607,
0.205497,0.018560,-0.142967,0.030329,
0.177262,0.017045,0.019710,0.025574,
0.179645,0.020415,0.027085,0.040260,
0.184451,0.024740,0.065378,0.045341,
0.191014,0.029217,0.065240,0.043918,
0.196098,0.032538,0.038180,0.023888,
0.163290,0.027428,0.033855,0.018757,
0.165357,0.029890,0.009326,0.029328,
0.165981,0.033059,0.003574,0.033351,
0.166377,0.036339,0.004252,0.032013,
0.164450,0.039004,-0.039008,0.021603,
0.178387,0.037226,0.390107,0.001198,
0.223898,0.037383,0.505954,0.001914,
0.275481,0.037545,0.519417,0.001334,
0.322231,0.037508,0.419245,-0.001798,
0.342592,0.037412,0.019212,-0.000229,
0.327836,0.035704,0.012582,0.001167,
0.327780,0.035862,-0.011662,0.001866,
0.325552,0.036016,-0.031072,0.001312,
0.322462,0.035984,-0.030461,-0.001695,
0.315908,0.035892,-0.094628,-0.000211,
TIME: 1558 - SYSTEM: Plan 372
0.025942,0.000322,0.387191,0.031057,
0.074867,0.004381,0.571136,0.048296,
0.135464,0.009540,0.629888,0.053916,
0.190910,0.014670,0.485496,0.048607,
0.205496,0.018561,-0.142965,0.030328,
0.177262,0.017047,0.019707,0.025573,
0.179644,0.020417,0.027081,0.040259,
0.184449,0.024743,0.065373,0.045340,
0.191012,0.029217,0.065237,0.043915,
0.196096,0.032534,0.038179,0.023840,
0.163289,0.027431,0.033871,0.018778,
0.165358,0.029905,0.009355,0.029374,
0.165984,0.033078,0.003577,0.033404,
0.166382,0.036362,0.004275,0.032060,
0.164459,0.039025,-0.038944,0.021632,
0.178395,0.037247,0.390105,0.001198,
0.223906,0.037406,0.505952,0.001911,
0.275487,0.037568,0.519409,0.001332,
0.322235,0.037531,0.419220,-0.001801,
0.342591,0.037433,0.019147,-0.000232,
0.327835,0.035723,0.012583,0.001165,
0.327780,0.035879,-0.011661,0.001862,
0.325552,0.036034,-0.031071,0.001312,
0.322462,0.036004,-0.030459,-0.001694,
0.315908,0.035911,-0.094626,-0.000208,
TIME: 1562 - SYSTEM: Plan 373
0.025942,0.000321,0.387191,0.031056,
0.074867,0.004380,0.571136,0.048296,
0.135465,0.009539,0.629888,0.053915,
0.190910,0.014669,0.485496,0.048607,
0.205497,0.018559,-0.142965,0.030327,
0.177262,0.017045,0.019708,0.025569,
0.179644,0.020419,0.027082,0.040262,
0.184450,0.024736,0.065375,0.045339,
0.191013,0.029223,0.065238,0.043916,
0.196096,0.032541,0.038179,0.023848,
0.163289,0.027430,0.033867,0.018779,
0.165358,0.029899,0.009347,0.029365,
0.165983,0.033072,0.003576,0.033405,
0.166380,0.036350,0.004270,0.032052,
0.164457,0.039007,-0.038959,0.021633,
0.178393,0.037227,0.390107,0.001198,
0.223904,0.037386,0.505955,0.001913,
0.275486,0.037546,0.519410,0.001330,
0.322234,0.037508,0.419222,-0.001800,
0.342591,0.037415,0.019149,-0.000229,
0.327835,0.035708,0.012583,0.001165,
0.327780,0.035861,-0.011662,0.001861,
0.325551,0.036016,-0.031072,0.001309,
0.322462,0.035983,-0.030460,-0.001697,
0.315908,0.035892,-0.094627,-0.000210,
TIME: 1565 - SYSTEM: Plan 374
0.025942,0.000321,0.387192,0.031057,
0.074867,0.004379,0.571137,0.048296,
0.135465,0.009539,0.629889,0.053915,
0.190910,0.014669,0.485497,0.048608,
0.205497,0.018559,-0.142965,0.030329,
0.177262,0.017044,0.019708,0.025575,
0.179644,0.020416,0.027083,0.040260,
0.184450,0.024744,0.065376,0.045341,
0.191013,0.029218,0.065239,0.043913,
0.196097,0.032536,0.038179,0.023806,
0.163289,0.027425,0.033865,0.018797,
0.165358,0.029905,0.009341,0.029400,
0.165983,0.033076,0.003574,0.033436,
0.166380,0.036383,0.004276,0.032093,
0.164457,0.039032,-0.038944,0.021657,
0.178394,0.037250,0.390111,0.001200,
0.223906,0.037410,0.505961,0.001914,
0.275489,0.037572,0.519414,0.001331,
0.322236,0.037536,0.419209,-0.001801,
0.342591,0.037438,0.019102,-0.000229,
0.327835,0.035729,0.012584,0.001166,
0.327780,0.035882,-0.011660,0.001863,
0.325552,0.036043,-0.031070,0.001310,
0.322462,0.036005,-0.030459,-0.001698,
0.315908,0.035912,-0.094627,-0.000208,
TIME: 1570 - SYSTEM: Plan 375
0.025942,0.000321,0.387191,0.031057,
0.074867,0.004380,0.571136,0.048296,
0.135465,0.009540,0.629887,0.053915,
0.190910,0.014671,0.485495,0.048607,
0.205496,0.018561,-0.142966,0.030327,
0.177261,0.017050,0.019706,0.025574,
0.179643,0.020416,0.027079,0.040259,
0.184449,0.024741,0.065372,0.045341,
0.191012,0.029226,0.065237,0.043916,
0.196095,0.032541,0.038179,0.023864,
0.163288,0.027431,0.033876,0.018768,
0.165359,0.029887,0.009365,0.029344,
0.165985,0.033061,0.003579,0.033375,
0.166383,0.036346,0.004275,0.032035,
0.164460,0.038992,-0.038944,0.021625,
0.178396,0.037214,0.390091,0.001197,
0.223906,0.037374,0.505934,0.001914,
0.275485,0.037535,0.519391,0.001333,
0.322232,0.037497,0.419210,-0.001800,
0.342590,0.037404,0.019166,-0.000230,
0.327834,0.035698,0.012586,0.001168,
0.327779,0.035851,-0.011658,0.001866,
0.325551,0.036008,-0.031067,0.001313,
0.322462,0.035975,-0.030456,-0.001698,
0.315909,0.035885,-0.094625,-0.000211,
TIME: 1574 - SYSTEM: Plan 376
0.025942,0.000321,0.387193,0.031057,
0.074868,0.004381,0.571139,0.048297,
0.135465,0.009540,0.629891,0.053916,
0.190910,0.014669,0.485498,0.048607,
0.205497,0.018560,-0.142965,0.030328,
0.177262,0.017046,0.019710,0.025569,
0.179644,0.020418,0.027085,0.040261,
0.184451,0.024742,0.065377,0.045340,
0.191014,0.029220,0.065240,0.043916,
0.196098,0.032535,0.038180,0.023837,
0.163290,0.027425,0.033858,0.018780,
0.165357,0.029887,0.009330,0.029375,
0.165982,0.033058,0.003572,0.033416,
0.166378,0.036345,0.004264,0.032073,
0.164453,0.039002,-0.038975,0.021645,
0.178391,0.037224,0.390115,0.001198,
0.223903,0.037385,0.505966,0.001913,
0.275486,0.037545,0.519420,0.001333,
0.322235,0.037508,0.419222,-0.001798,
0.342591,0.037413,0.019129,-0.000229,
0.327835,0.035707,0.012583,0.001165,
0.327780,0.035863,-0.011661,0.001861,
0.325552,0.036017,-0.031071,0.001308,
0.322462,0.035984,-0.030460,-0.001700,
0.315908,0.035894,-0.094627,-0.000212,
TIME: 1577 - SYSTEM: Plan 377
0.025942,0.000321,0.387192,0.031057,
0.074867,0.004380,0.571137,0.048298,
0.135465,0.009541,0.629888,0.053916,
0.190910,0.014671,0.485496,0.048608,
0.205496,0.018562,-0.142966,0.030327,
0.177262,0.017048,0.019708,0.025575,
0.179644,0.020420,0.027082,0.040261,
0.184450,0.024742,0.065374,0.045338,
0.191013,0.029223,0.065238,0.043913,
0.196096,0.032537,0.038179,0.023803,
0.163289,0.027426,0.033868,0.018800,
0.165358,0.029891,0.009347,0.029406,
0.165983,0.033061,0.003574,0.033447,
0.166381,0.036357,0.004279,0.032113,
0.164459,0.039009,-0.038934,0.021680,
0.178396,0.037232,0.390115,0.001199,
0.223909,0.037391,0.505969,0.001915,
0.275491,0.037549,0.519418,0.001333,
0.322238,0.037512,0.419198,-0.001800,
0.342589,0.037420,0.019062,-0.000228,
0.327833,0.035713,0.012587,0.001167,
0.327779,0.035867,-0.011656,0.001863,
0.325551,0.036024,-0.031065,0.001312,
0.322462,0.035994,-0.030454,-0.001697,
0.315909,0.035902,-0.094623,-0.000210,
TIME: 1581 - SYSTEM: Plan 378
0.025942,0.000321,0.387193,0.031057,
0.074868,0.004380,0.571137,0.048297,
0.135465,0.009540,0.629889,0.053916,
0.190910,0.014669,0.485496,0.048608,
0.205497,0.018559,-0.142966,0.030328,
0.177262,0.017045,0.019708,0.025575,
0.179644,0.020420,0.027083,0.040263,
0.184450,0.024741,0.065376,0.045338,
0.191013,0.029220,0.065239,0.043913,
0.196097,0.032534,0.038180,0.023792,
0.163289,0.027421,0.033864,0.018808,
0.165358,0.029880,0.009339,0.029421,
0.165983,0.033063,0.003573,0.033472,
0.166380,0.036350,0.004278,0.032126,
0.164458,0.039002,-0.038939,0.021693,
0.178395,0.037223,0.390122,0.001197,
0.223909,0.037382,0.505978,0.001914,
0.275492,0.037544,0.519423,0.001333,
0.322240,0.037507,0.419196,-0.001800,
0.342590,0.037413,0.019038,-0.000230,
0.327833,0.035707,0.012586,0.001165,
0.327779,0.035858,-0.011656,0.001865,
0.325551,0.036017,-0.031066,0.001312,
0.322462,0.035982,-0.030455,-0.001696,
0.315909,0.035891,-0.094624,-0.000206,
TIME: 1584 - SYSTEM: Plan 379
0.025942,0.000321,0.387193,0.031057,
0.074868,0.004380,0.571138,0.048297,
0.135465,0.009540,0.629890,0.053916,
0.190910,0.014670,0.485497,0.048607,
0.205497,0.018562,-0.142967,0.030328,
0.177262,0.017047,0.019710,0.025576,
0.179644,0.020422,0.027085,0.040260,
0.184451,0.024745,0.065377,0.045339,
0.191014,0.029224,0.065240,0.043915,
0.196098,0.032544,0.038180,0.023828,
0.163289,0.027434,0.033859,0.018787,
0.165357,0.029896,0.009332,0.029380,
0.165982,0.033079,0.003573,0.033423,
0.166379,0.036363,0.004267,0.032079,
0.164454,0.039015,-0.038968,0.021648,
0.178392,0.037236,0.390120,0.001199,
0.223904,0.037394,0.505973,0.001917,
0.275487,0.037552,0.519427,0.001333,
0.322235,0.037516,0.419225,-0.001798,
0.342591,0.037425,0.019121,-0.000228,
0.327835,0.035717,0.012584,0.001166,
0.327780,0.035872,-0.011660,0.001864,
0.325552,0.036030,-0.031070,0.001312,
0.322462,0.035997,-0.030458,-0.001699,
0.315908,0.035907,-0.094627,-0.000212,
TIME: 1588 - SYSTEM: Plan 380
0.025942,0.000321,0.387191,0.031057,
0.074867,0.004380,0.571136,0.048297,
0.135465,0.009539,0.629887,0.053916,
0.190910,0.014669,0.485495,0.048609,
0.205496,0.018560,-0.142966,0.030329,
0.177262,0.017045,0.019707,0.025574,
0.179644,0.020416,0.027081,0.040262,
0.184450,0.024741,0.065374,0.045340,
0.191012,0.029219,0.065238,0.043916,
0.196096,0.032543,0.038179,0.023866,
0.163289,0.027433,0.033871,0.018763,
0.165358,0.029904,0.009355,0.029338,
0.165984,0.033075,0.003578,0.033374,
0.166381,0.036341,0.004270,0.032034,
0.164458,0.038990,-0.038958,0.021622,
0.178394,0.037213,0.390102,0.001199,
0.223904,0.037368,0.505949,0.001916,
0.275484,0.037527,0.519406,0.001338,
0.322232,0.037493,0.419223,-0.001794,
0.342590,0.037399,0.019172,-0.000225,
0.327834,0.035693,0.012585,0.001166,
0.327779,0.035844,-0.011658,0.001864,
0.325551,0.036002,-0.031068,0.001315,
0.322462,0.035970,-0.030457,-0.001693,
0.315909,0.035879,-0.094625,-0.000208,
TIME: 1591 - SYSTEM: Plan 381
0.025942,0.000321,0.387192,0.031057,
0.074867,0.004379,0.571137,0.048297,
0.135465,0.009539,0.629889,0.053915,
0.190910,0.014670,0.485497,0.048608,
0.205497,0.018560,-0.142965,0.030329,
0.177262,0.017044,0.019709,0.025571,
0.179644,0.020417,0.027083,0.040262,
0.184450,0.024741,0.065376,0.045340,
0.191013,0.029222,0.065239,0.043915,
0.196097,0.032540,0.038179,0.023838,
0.163289,0.027424,0.033862,0.018777,
0.165358,0.029895,0.009337,0.029367,
0.165982,0.033069,0.003574,0.033407,
0.166379,0.036348,0.004267,0.032068,
0.164455,0.038988,-0.038966,0.021649,
0.178392,0.037209,0.390114,0.001197,
0.223905,0.037370,0.505966,0.001916,
0.275487,0.037529,0.519419,0.001334,
0.322235,0.037494,0.419218,-0.001798,
0.342590,0.037399,0.019124,-0.000229,
0.327834,0.035692,0.012586,0.001166,
0.327779,0.035849,-0.011657,0.001861,
0.325551,0.036001,-0.031066,0.001309,
0.322462,0.035971,-0.030455,-0.001699,
0.315909,0.035881,-0.094625,-0.000212,
TIME: 1595 - SYSTEM: Plan 382
0.025942,0.000321,0.387192,0.031058,
0.074867,0.004379,0.571137,0.048297,
0.135465,0.009538,0.629888,0.053917,
0.190910,0.014669,0.485496,0.048609,
0.205497,0.018559,-0.142966,0.030330,
0.177262,0.017047,0.019708,0.025569,
0.179644,0.020420,0.027082,0.040261,
0.184450,0.024737,0.065375,0.045338,
0.191013,0.029220,0.065239,0.043917,
0.196097,0.032541,0.038179,0.023867,
0.163289,0.027435,0.033865,0.018758,
0.165358,0.029888,0.009345,0.029339,
0.165983,0.033057,0.003576,0.033382,
0.166380,0.036341,0.004265,0.032037,
0.164455,0.038990,-0.038971,0.021627,
0.178392,0.037213,0.390108,0.001198,
0.223903,0.037373,0.505958,0.001915,
0.275484,0.037536,0.519413,0.001331,
0.322233,0.037499,0.419227,-0.001802,
0.342590,0.037404,0.019165,-0.000232,
0.327834,0.035696,0.012585,0.001166,
0.327779,0.035850,-0.011659,0.001864,
0.325551,0.036008,-0.031069,0.001314,
0.322462,0.035973,-0.030457,-0.001694,
0.315909,0.035884,-0.094625,-0.000209,
TIME: 1599 - SYSTEM: Plan 383
0.025942,0.000321,0.387191,0.031056,
0.074867,0.004380,0.571136,0.048298,
0.135465,0.009539,0.629888,0.053917,
0.190910,0.014670,0.485496,0.048608,
0.205497,0.018560,-0.142965,0.030328,
0.177262,0.017045,0.019708,0.025573,
0.179644,0.020416,0.027082,0.040263,
0.184450,0.024742,0.065375,0.045340,
0.191013,0.029219,0.065238,0.043917,
0.196097,0.032546,0.038179,0.023873,
0.163289,0.027432,0.033865,0.018758,
0.165358,0.029883,0.009345,0.029339,
0.165983,0.033048,0.003576,0.033381,
0.166380,0.036338,0.004264,0.032047,
0.164455,0.039007,-0.038974,0.021633,
0.178392,0.037228,0.390108,0.001197,
0.223903,0.037386,0.505959,0.001914,
0.275484,0.037545,0.519414,0.001334,
0.322233,0.037511,0.419224,-0.001797,
0.342590,0.037417,0.019155,-0.000226,
0.327834,0.035710,0.012587,0.001168,
0.327779,0.035861,-0.011656,0.001865,
0.325551,0.036021,-0.031066,0.001313,
0.322462,0.035985,-0.030455,-0.001694,
0.315909,0.035898,-0.094624,-0.000209,
TIME: 1603 - SYSTEM: Plan 384
0.025942,0.000322,0.387191,0.031057,
0.074867,0.004381,0.571136,0.048297,
0.135465,0.009540,0.629887,0.053916,
0.190910,0.014671,0.485496,0.048607,
0.205496,0.018561,-0.142965,0.030327,
0.177262,0.017048,0.019707,0.025574,
0.179644,0.020417,0.027081,0.040261,
0.184449,0.024741,0.065373,0.045341,
0.191012,0.029217,0.065237,0.043915,
0.196096,0.032538,0.038179,0.023832,
0.163289,0.027424,0.033871,0.018788,
0.165358,0.029890,0.009354,0.029377,
0.165984,0.033061,0.003576,0.033423,
0.166382,0.036348,0.004276,0.032082,
0.164459,0.039012,-0.038940,0.021655,
0.178396,0.037234,0.390106,0.001198,
0.223908,0.037393,0.505957,0.001914,
0.275489,0.037554,0.519408,0.001333,
0.322236,0.037515,0.419205,-0.001800,
0.342590,0.037419,0.019108,-0.000230,
0.327834,0.035712,0.012587,0.001166,
0.327779,0.035869,-0.011656,0.001861,
0.325551,0.036026,-0.031066,0.001307,
0.322462,0.035991,-0.030455,-0.001701,
0.315909,0.035899,-0.094625,-0.000213,
TIME: 1606 - SYSTEM: Plan 385
0.025942,0.000321,0.387193,0.031057,
0.074867,0.004380,0.571138,0.048297,
0.135465,0.009539,0.629889,0.053916,
0.190910,0.014669,0.485497,0.048606,
0.205497,0.018560,-0.142966,0.030328,
0.177262,0.017046,0.019708,0.025571,
0.179644,0.020417,0.027083,0.040259,
0.184450,0.024746,0.065375,0.045337,
0.191013,0.029224,0.065238,0.043915,
0.196097,0.032542,0.038179,0.023839,
0.163289,0.027429,0.033864,0.018776,
0.165358,0.029883,0.009342,0.029373,
0.165983,0.033054,0.003575,0.033410,
0.166380,0.036349,0.004269,0.032068,
0.164456,0.038996,-0.038961,0.021648,
0.178392,0.037217,0.390112,0.001199,
0.223905,0.037379,0.505962,0.001914,
0.275487,0.037544,0.519417,0.001331,
0.322234,0.037509,0.419217,-0.001802,
0.342590,0.037413,0.019124,-0.000234,
0.327834,0.035706,0.012585,0.001166,
0.327780,0.035861,-0.011658,0.001864,
0.325552,0.036016,-0.031068,0.001312,
0.322462,0.035982,-0.030457,-0.001696,
0.315909,0.035889,-0.094626,-0.000210,
TIME: 1610 - SYSTEM: Plan 386
0.025942,0.000322,0.387192,0.031057,
0.074867,0.004380,0.571137,0.048296,
0.135465,0.009539,0.629888,0.053915,
0.190910,0.014670,0.485496,0.048608,
0.205497,0.018560,-0.142965,0.030328,
0.177262,0.017044,0.019708,0.025571,
0.179644,0.020417,0.027082,0.040262,
0.184450,0.024741,0.065375,0.045340,
0.191013,0.029222,0.065238,0.043915,
0.196096,0.032540,0.038179,0.023838,
0.163289,0.027426,0.033867,0.018778,
0.165358,0.029892,0.009347,0.029371,
0.165983,0.033065,0.003575,0.033413,
0.166381,0.036352,0.004272,0.032074,
0.164457,0.039006,-0.038954,0.021649,
0.178394,0.037228,0.390107,0.001197,
0.223906,0.037388,0.505957,0.001912,
0.275487,0.037546,0.519409,0.001331,
0.322235,0.037509,0.419211,-0.001797,
0.342590,0.037412,0.019120,-0.000228,
0.327834,0.035706,0.012586,0.001166,
0.327779,0.035860,-0.011658,0.001863,
0.325552,0.036019,-0.031067,0.001313,
0.322462,0.035984,-0.030456,-0.001695,
0.315909,0.035889,-0.094625,-0.000208,
TIME: 1613 - SYSTEM: Plan 387
0.025942,0.000321,0.387191,0.031057,
0.074867,0.004380,0.571136,0.048296,
0.135465,0.009540,0.629887,0.053916,
0.190910,0.014670,0.485496,0.048608,
0.205496,0.018559,-0.142965,0.030328,
0.177261,0.017045,0.019707,0.025574,
0.179643,0.020415,0.027081,0.040258,
0.184449,0.024743,0.065373,0.045341,
0.191012,0.029221,0.065237,0.043914,
0.196096,0.032539,0.038179,0.023814,
0.163289,0.027426,0.033873,0.018797,
0.165359,0.029899,0.009357,0.029400,
0.165984,0.033061,0.003576,0.033430,
0.166382,0.036353,0.004282,0.032096,
0.164461,0.039015,-0.038928,0.021667,
0.178397,0.037237,0.390103,0.001199,
0.223909,0.037394,0.505952,0.001914,
0.275490,0.037553,0.519404,0.001333,
0.322237,0.037517,0.419195,-0.001797,
0.342590,0.037418,0.019085,-0.000226,
0.327834,0.035709,0.012587,0.001167,
0.327779,0.035859,-0.011656,0.001862,
0.325551,0.036021,-0.031065,0.001311,
0.322462,0.035986,-0.030455,-0.001695,
0.315909,0.035891,-0.094624,-0.000205,
TIME: 1617 - SYSTEM: Plan 388
0.025942,0.000321,0.387191,0.031058,
0.074867,0.004380,0.571136,0.048297,
0.135465,0.009540,0.629887,0.053915,
0.190910,0.014671,0.485495,0.048607,
0.205496,0.018562,-0.142966,0.030327,
0.177262,0.017046,0.019707,0.025574,
0.179644,0.020421,0.027081,0.040260,
0.184450,0.024745,0.065374,0.045339,
0.191012,0.029223,0.065238,0.043915,
0.196096,0.032540,0.038179,0.023829,
0.163289,0.027427,0.033870,0.018786,
0.165358,0.029895,0.009353,0.029385,
0.165984,0.033070,0.003576,0.033423,
0.166381,0.036357,0.004277,0.032085,
0.164459,0.039028,-0.038941,0.021655,
0.178395,0.037250,0.390107,0.001197,
0.223908,0.037412,0.505957,0.001914,
0.275490,0.037572,0.519409,0.001329,
0.322237,0.037537,0.419206,-0.001804,
0.342590,0.037439,0.019107,-0.000234,
0.327834,0.035730,0.012586,0.001166,
0.327779,0.035886,-0.011657,0.001864,
0.325551,0.036042,-0.031067,0.001309,
0.322462,0.036007,-0.030456,-0.001696,
0.315909,0.035915,-0.094625,-0.000208,
TIME: 1620 - SYSTEM: Plan 389
0.025942,0.000321,0.387192,0.031056,
0.074867,0.004380,0.571137,0.048296,
0.135465,0.009540,0.629888,0.053915,
0.190910,0.014671,0.485496,0.048607,
0.205496,0.018562,-0.142965,0.030327,
0.177262,0.017046,0.019707,0.025572,
0.179644,0.020417,0.027081,0.040261,
0.184449,0.024740,0.065373,0.045339,
0.191012,0.029220,0.065238,0.043916,
0.196096,0.032541,0.038179,0.023856,
0.163289,0.027428,0.033869,0.018765,
0.165358,0.029896,0.009353,0.029353,
0.165984,0.033055,0.003577,0.033392,
0.166381,0.036355,0.004271,0.032046,
0.164458,0.039018,-0.038956,0.021627,
0.178394,0.037239,0.390102,0.001197,
0.223905,0.037401,0.505948,0.001912,
0.275485,0.037561,0.519405,0.001329,
0.322234,0.037521,0.419220,-0.001802,
0.342591,0.037430,0.019161,-0.000231,
0.327835,0.035721,0.012584,0.001168,
0.327780,0.035878,-0.011660,0.001865,
0.325551,0.036035,-0.031070,0.001312,
0.322462,0.036001,-0.030458,-0.001696,
0.315908,0.035911,-0.094626,-0.000211,
TIME: 1624 - SYSTEM: Plan 390
0.025942,0.000321,0.387192,0.031058,
0.074867,0.004381,0.571137,0.048297,
0.135465,0.009541,0.629889,0.053916,
0.190910,0.014670,0.485497,0.048607,
0.205497,0.018562,-0.142965,0.030328,
0.177262,0.017047,0.019709,0.025572,
0.179644,0.020422,0.027084,0.040261,
0.184451,0.024747,0.065376,0.045340,
0.191014,0.029223,0.065239,0.043915,
0.196097,0.032543,0.038180,0.023823,
0.163289,0.027432,0.033861,0.018786,
0.165358,0.029901,0.009335,0.029376,
0.165982,0.033063,0.003573,0.033422,
0.166379,0.036353,0.004270,0.032082,
0.164455,0.039001,-0.038960,0.021655,
0.178392,0.037221,0.390114,0.001197,
0.223905,0.037385,0.505967,0.001912,
0.275487,0.037543,0.519418,0.001332,
0.322235,0.037506,0.419214,-0.001801,
0.342590,0.037413,0.019110,-0.000231,
0.327834,0.035705,0.012586,0.001166,
0.327780,0.035861,-0.011657,0.001862,
0.325551,0.036017,-0.031067,0.001310,
0.322462,0.035985,-0.030456,-0.001697,
0.315909,0.035897,-0.094626,-0.000210,
TIME: 1627 - SYSTEM: Plan 391
0.025942,0.000321,0.387193,0.031057,
0.074867,0.004380,0.571138,0.048296,
0.135465,0.009540,0.629889,0.053916,
0.190910,0.014671,0.485497,0.048608,
0.205497,0.018562,-0.142966,0.030328,
0.177262,0.017046,0.019708,0.025573,
0.179644,0.020422,0.027083,0.040262,
0.184450,0.024744,0.065375,0.045340,
0.191013,0.029222,0.065238,0.043914,
0.196097,0.032539,0.038180,0.023818,
0.163289,0.027432,0.033864,0.018790,
0.165358,0.029891,0.009341,0.029389,
0.165983,0.033065,0.003574,0.033428,
0.166380,0.036364,0.004274,0.032093,
0.164457,0.039023,-0.038951,0.021659,
0.178394,0.037243,0.390116,0.001197,
0.223907,0.037403,0.505969,0.001912,
0.275489,0.037565,0.519421,0.001329,
0.322237,0.037532,0.419213,-0.001804,
0.342590,0.037435,0.019101,-0.000234,
0.327834,0.035726,0.012585,0.001164,
0.327779,0.035882,-0.011658,0.001861,
0.325551,0.036038,-0.031068,0.001311,
0.322462,0.036005,-0.030456,-0.001696,
0.315909,0.035913,-0.094625,-0.000209,
TIME: 1631 - SYSTEM: Plan 392
0.025942,0.000321,0.387191,0.031058,
0.074867,0.004380,0.571136,0.048298,
0.135465,0.009539,0.629888,0.053917,
0.190910,0.014670,0.485496,0.048608,
0.205496,0.018561,-0.142966,0.030328,
0.177262,0.017044,0.019707,0.025573,
0.179644,0.020421,0.027081,0.040259,
0.184450,0.024742,0.065374,0.045339,
0.191012,0.029224,0.065237,0.043915,
0.196096,0.032540,0.038179,0.023829,
0.163289,0.027430,0.033870,0.018782,
0.165358,0.029886,0.009352,0.029373,
0.165984,0.033063,0.003576,0.033418,
0.166381,0.036339,0.004276,0.032088,
0.164459,0.039005,-0.038942,0.021663,
0.178395,0.037227,0.390106,0.001198,
0.223907,0.037388,0.505958,0.001914,
0.275489,0.037548,0.519408,0.001332,
0.322235,0.037516,0.419200,-0.001801,
0.342589,0.037418,0.019096,-0.000232,
0.327833,0.035710,0.012589,0.001166,
0.327779,0.035863,-0.011654,0.001865,
0.325551,0.036020,-0.031063,0.001312,
0.322462,0.035990,-0.030452,-0.001696,
0.315909,0.035899,-0.094623,-0.000209,
TIME: 1635 - SYSTEM: Plan 393
0.025942,0.000322,0.387191,0.031057,
0.074867,0.004380,0.571136,0.048297,
0.135465,0.009538,0.629887,0.053915,
0.190910,0.014669,0.485496,0.048607,
0.205496,0.018558,-0.142966,0.030328,
0.177262,0.017044,0.019707,0.025573,
0.179644,0.020419,0.027081,0.040262,
0.184450,0.024741,0.065374,0.045339,
0.191012,0.029217,0.065238,0.043913,
0.196096,0.032538,0.038179,0.023808,
0.163289,0.027425,0.033871,0.018793,
0.165358,0.029887,0.009352,0.029395,
0.165984,0.033048,0.003576,0.033439,
0.166382,0.036339,0.004281,0.032111,
0.164460,0.038986,-0.038931,0.021685,
0.178397,0.037208,0.390111,0.001197,
0.223908,0.037366,0.505965,0.001916,
0.275491,0.037528,0.519412,0.001335,
0.322238,0.037493,0.419190,-0.001799,
0.342588,0.037399,0.019055,-0.000230,
0.327832,0.035692,0.012589,0.001166,
0.327778,0.035846,-0.011653,0.001862,
0.325551,0.036004,-0.031062,0.001313,
0.322462,0.035973,-0.030451,-0.001697,
0.315909,0.035883,-0.094622,-0.000210,
TIME: 1639 - SYSTEM: Plan 394
0.025942,0.000321,0.387193,0.031057,
0.074868,0.004379,0.571138,0.048297,
0.135465,0.009538,0.629889,0.053917,
0.190910,0.014669,0.485497,0.048609,
0.205497,0.018560,-0.142967,0.030330,
0.177262,0.017045,0.019710,0.025571,
0.179644,0.020420,0.027085,0.040266,
0.184451,0.024746,0.065377,0.045340,
0.191014,0.029229,0.065240,0.043911,
0.196098,0.032542,0.038180,0.023774,
0.163290,0.027431,0.033861,0.018818,
0.165358,0.029903,0.009332,0.029424,
0.165982,0.033079,0.003571,0.033469,
0.166379,0.036364,0.004278,0.032136,
0.164457,0.039020,-0.038939,0.021696,
0.178394,0.037239,0.390125,0.001199,
0.223908,0.037400,0.505984,0.001914,
0.275491,0.037559,0.519430,0.001333,
0.322239,0.037522,0.419199,-0.001799,
0.342590,0.037427,0.019033,-0.000228,
0.327834,0.035718,0.012586,0.001166,
0.327779,0.035869,-0.011657,0.001861,
0.325551,0.036027,-0.031066,0.001310,
0.322462,0.035993,-0.030455,-0.001695,
0.315909,0.035899,-0.094624,-0.000204,
TIME: 1642 - SYSTEM: Plan 395
0.025942,0.000321,0.387192,0.031057,
0.074868,0.004380,0.571137,0.048296,
0.135465,0.009541,0.629888,0.053915,
0.190910,0.014671,0.485495,0.048607,
0.205497,0.018561,-0.142967,0.030327,
0.177262,0.017049,0.019708,0.025573,
0.179644,0.020417,0.027082,0.040263,
0.184450,0.024740,0.065375,0.045343,
0.191013,0.029224,0.065238,0.043916,
0.196097,0.032539,0.038179,0.023864,
0.163289,0.027429,0.033866,0.018761,
0.165358,0.029882,0.009346,0.029347,
0.165983,0.033056,0.003576,0.033386,
0.166380,0.036337,0.004266,0.032042,
0.164456,0.038982,-0.038968,0.021627,
0.178392,0.037206,0.390107,0.001198,
0.223904,0.037363,0.505955,0.001914,
0.275485,0.037527,0.519411,0.001332,
0.322233,0.037489,0.419225,-0.001800,
0.342590,0.037394,0.019162,-0.000230,
0.327834,0.035688,0.012585,0.001165,
0.327779,0.035847,-0.011659,0.001862,
0.325551,0.036006,-0.031069,0.001309,
0.322462,0.035970,-0.030458,-0.001700,
0.315908,0.035882,-0.094626,-0.000214,
TIME: 1646 - SYSTEM: Plan 396
0.025942,0.000321,0.387192,0.031058,
0.074867,0.004380,0.571137,0.048297,
0.135465,0.009538,0.629889,0.053916,
0.190910,0.014668,0.485497,0.048608,
0.205497,0.018559,-0.142965,0.030329,
0.177262,0.017045,0.019709,0.025570,
0.179644,0.020419,0.027083,0.040258,
0.184450,0.024738,0.065376,0.045338,
0.191013,0.029221,0.065239,0.043915,
0.196097,0.032540,0.038180,0.023837,
0.163289,0.027429,0.033864,0.018783,
0.165358,0.029877,0.009341,0.029371,
0.165983,0.033046,0.003574,0.033412,
0.166380,0.036315,0.004269,0.032085,
0.164456,0.038992,-0.038961,0.021669,
0.178393,0.037216,0.390119,0.001198,
0.223906,0.037373,0.505975,0.001913,
0.275488,0.037538,0.519426,0.001332,
0.322235,0.037502,0.419211,-0.001801,
0.342588,0.037410,0.019091,-0.000232,
0.327833,0.035702,0.012589,0.001165,
0.327778,0.035856,-0.011653,0.001862,
0.325551,0.036013,-0.031063,0.001310,
0.322462,0.035979,-0.030452,-0.001699,
0.315909,0.035890,-0.094622,-0.000211,
TIME: 1650 - SYSTEM: Plan 397
0.025942,0.000321,0.387192,0.031056,
0.074867,0.004380,0.571136,0.048297,
0.135465,0.009540,0.629888,0.053916,
0.190910,0.014669,0.485496,0.048607,
0.205496,0.018561,-0.142966,0.030328,
0.177262,0.017046,0.019707,0.025578,
0.179644,0.020421,0.027081,0.040255,
0.184450,0.024745,0.065373,0.045336,
0.191012,0.029224,0.065237,0.043913,
0.196096,0.032540,0.038179,0.023803,
0.163289,0.027431,0.033871,0.018799,
0.165358,0.029905,0.009352,0.029401,
0.165984,0.033085,0.003575,0.033450,
0.166382,0.036380,0.004281,0.032102,
0.164460,0.039040,-0.038927,0.021660,
0.178397,0.037259,0.390115,0.001198,
0.223909,0.037421,0.505967,0.001911,
0.275491,0.037581,0.519417,0.001331,
0.322238,0.037544,0.419210,-0.001802,
0.342591,0.037448,0.019093,-0.000231,
0.327835,0.035739,0.012585,0.001164,
0.327780,0.035890,-0.011659,0.001866,
0.325552,0.036050,-0.031068,0.001310,
0.322462,0.036020,-0.030457,-0.001697,
0.315909,0.035926,-0.094626,-0.000209,
TIME: 1654 - SYSTEM: Plan 398
0.025942,0.000322,0.387191,0.031058,
0.074867,0.004380,0.571136,0.048296,
0.135465,0.009540,0.629887,0.053916,
0.190910,0.014670,0.485495,0.048607,
0.205496,0.018559,-0.142966,0.030328,
0.177262,0.017043,0.019707,0.025576,
0.179644,0.020417,0.027081,0.040260,
0.184450,0.024744,0.065374,0.045342,
0.191012,0.029219,0.065238,0.043913,
0.196096,0.032534,0.038179,0.023805,
0.163289,0.027425,0.033870,0.018799,
0.165358,0.029893,0.009351,0.029405,
0.165984,0.033058,0.003575,0.033451,
0.166381,0.036368,0.004281,0.032116,
0.164460,0.039035,-0.038931,0.021673,
0.178397,0.037254,0.390116,0.001198,
0.223908,0.037414,0.505970,0.001916,
0.275491,0.037577,0.519419,0.001333,
0.322238,0.037539,0.419203,-0.001800,
0.342590,0.037447,0.019072,-0.000231,
0.327834,0.035736,0.012586,0.001166,
0.327779,0.035888,-0.011656,0.001866,
0.325551,0.036044,-0.031066,0.001313,
0.322462,0.036016,-0.030455,-0.001695,
0.315909,0.035926,-0.094625,-0.000206,
TIME: 1657 - SYSTEM: Plan 399
0.025942,0.000321,0.387192,0.031057,
0.074867,0.004381,0.571136,0.048297,
0.135465,0.009540,0.629888,0.053916,
0.190910,0.014671,0.485496,0.048607,
0.205496,0.018561,-0.142966,0.030328,
0.177262,0.017050,0.019707,0.025574,
0.179644,0.020417,0.027081,0.040262,
0.184450,0.024739,0.065373,0.045342,
0.191012,0.029220,0.065237,0.043915,
0.196096,0.032532,0.038179,0.023831,
0.163289,0.027412,0.033870,0.018794,
0.165358,0.029884,0.009353,0.029389,
0.165984,0.033052,0.003576,0.033431,
0.166381,0.036342,0.004276,0.032087,
0.164459,0.038999,-0.038943,0.021658,
0.178395,0.037221,0.390110,0.001198,
0.223908,0.037383,0.505962,0.001915,
0.275489,0.037541,0.519413,0.001333,
0.322237,0.037504,0.419209,-0.001801,
0.342590,0.037410,0.019101,-0.000231,
0.327834,0.035701,0.012587,0.001165,
0.327779,0.035853,-0.011656,0.001866,
0.325551,0.036012,-0.031066,0.001315,
0.322462,0.035978,-0.030455,-0.001694,
0.315909,0.035887,-0.094625,-0.000207,
TIME: 1661 - SYSTEM: Plan 400
0.025942,0.000321,0.387192,0.031057,
0.074867,0.004380,0.571137,0.048297,
0.135465,0.009540,0.629888,0.053916,
0.190910,0.014671,0.485496,0.048607,
0.205497,0.018561,-0.142966,0.030328,
0.177262,0.017045,0.019708,0.025575,
0.179644,0.020421,0.027083,0.040261,
0.184450,0.024744,0.065375,0.045340,
0.191013,0.029221,0.065238,0.043914,
0.196097,0.032535,0.038179,0.023815,
0.163289,0.027422,0.033864,0.018791,
0.165358,0.029891,0.009341,0.029384,
0.165983,0.033062,0.003574,0.033434,
0.166380,0.036341,0.004274,0.032100,
0.164457,0.039007,-0.038949,0.021673,
0.178394,0.037229,0.390116,0.001197,
0.223907,0.037388,0.505971,0.001913,
0.275490,0.037549,0.519419,0.001333,
0.322237,0.037512,0.419204,-0.001800,
0.342589,0.037421,0.019078,-0.000231,
0.327833,0.035712,0.012587,0.001166,
0.327779,0.035865,-0.011655,0.001863,
0.325551,0.036025,-0.031065,0.001313,
0.322462,0.035989,-0.030454,-0.001696,
0.315909,0.035899,-0.094623,-0.000208,
TIME: 1664 - SYSTEM: Plan 401
0.025942,0.000321,0.387193,0.031058,
0.074868,0.004379,0.571138,0.048297,
0.135465,0.009538,0.629890,0.053916,
0.190910,0.014669,0.485497,0.048608,
0.205497,0.018559,-0.142966,0.030329,
0.177262,0.017044,0.019710,0.025574,
0.179644,0.020414,0.027084,0.040263,
0.184451,0.024736,0.065377,0.045340,
0.191014,0.029221,0.065240,0.043916,
0.196098,0.032535,0.038180,0.023843,
0.163289,0.027432,0.033859,0.018783,
0.165357,0.029896,0.009331,0.029358,
0.165982,0.033070,0.003574,0.033394,
0.166378,0.036362,0.004264,0.032053,
0.164453,0.039015,-0.038977,0.021626,
0.178390,0.037236,0.390114,0.001197,
0.223902,0.037396,0.505965,0.001914,
0.275485,0.037558,0.519423,0.001331,
0.322234,0.037520,0.419234,-0.001802,
0.342592,0.037426,0.019162,-0.000232,
0.327835,0.035719,0.012583,0.001166,
0.327780,0.035871,-0.011661,0.001864,
0.325552,0.036029,-0.031071,0.001311,
0.322462,0.035997,-0.030460,-0.001697,
0.315908,0.035908,-0.094628,-0.000211,
TIME: 1668 - SYSTEM: Plan 402
0.025942,0.000321,0.387191,0.031057,
0.074867,0.004380,0.571136,0.048296,
0.135465,0.009539,0.629888,0.053916,
0.190910,0.014670,0.485496,0.048606,
0.205496,0.018561,-0.142965,0.030327,
0.177262,0.017044,0.019707,0.025574,
0.179644,0.020422,0.027081,0.040264,
0.184450,0.024741,0.065374,0.045338,
0.191012,0.029220,0.065238,0.043914,
0.196096,0.032540,0.038179,0.023814,
0.163289,0.027423,0.033871,0.018795,
0.165358,0.029895,0.009353,0.029398,
0.165984,0.033066,0.003576,0.033440,
0.166382,0.036362,0.004280,0.032102,
0.164460,0.039023,-0.038933,0.021668,
0.178397,0.037243,0.390110,0.001196,
0.223909,0.037402,0.505961,0.001912,
0.275490,0.037564,0.519411,0.001332,
0.322237,0.037526,0.419200,-0.001800,
0.342590,0.037436,0.019083,-0.000231,
0.327834,0.035729,0.012586,0.001165,
0.327779,0.035883,-0.011657,0.001864,
0.325551,0.036042,-0.031067,0.001311,
0.322462,0.036009,-0.030456,-0.001699,
0.315909,0.035919,-0.094625,-0.000212,
TIME: 1672 - SYSTEM: Plan 403
0.025942,0.000321,0.387192,0.031057,
0.074867,0.004380,0.571136,0.048297,
0.135465,0.009539,0.629888,0.053916,
0.190910,0.014670,0.485496,0.048607,
0.205496,0.018561,-0.142966,0.030328,
0.177262,0.017044,0.019707,0.025573,
0.179644,0.020421,0.027081,0.040259,
0.184449,0.024742,0.065373,0.045339,
0.191012,0.029224,0.065238,0.043915,
0.196096,0.032540,0.038179,0.023829,
0.163289,0.027430,0.033873,0.018786,
0.165359,0.029884,0.009358,0.029377,
0.165984,0.033063,0.003577,0.033425,
0.166382,0.036361,0.004279,0.032090,
0.164460,0.039016,-0.038934,0.021657,
0.178396,0.037238,0.390103,0.001197,
0.223909,0.037400,0.505953,0.001911,
0.275489,0.037560,0.519403,0.001330,
0.322236,0.037525,0.419200,-0.001801,
0.342590,0.037429,0.019103,-0.000232,
0.327834,0.035720,0.012587,0.001165,
0.327779,0.035876,-0.011656,0.001864,
0.325551,0.036031,-0.031065,0.001309,
0.322462,0.035999,-0.030454,-0.001697,
0.315909,0.035907,-0.094624,-0.000210,
TIME: 1677 - SYSTEM: Plan 404
0.025942,0.000321,0.387192,0.031058,
0.074867,0.004380,0.571137,0.048296,
0.135465,0.009540,0.629888,0.053915,
0.190910,0.014670,0.485496,0.048607,
0.205497,0.018560,-0.142966,0.030328,
0.177262,0.017045,0.019708,0.025573,
0.179644,0.020416,0.027082,0.040261,
0.184450,0.024741,0.065375,0.045340,
0.191013,0.029217,0.065239,0.043916,
0.196097,0.032533,0.038179,0.023849,
0.163289,0.027426,0.033866,0.018768,
0.165358,0.029888,0.009345,0.029369,
0.165983,0.033066,0.003576,0.033399,
0.166380,0.036347,0.004269,0.032059,
0.164456,0.039007,-0.038962,0.021639,
0.178394,0.037227,0.390108,0.001198,
0.223905,0.037387,0.505955,0.001913,
0.275487,0.037545,0.519411,0.001332,
0.322235,0.037509,0.419218,-0.001799,
0.342591,0.037417,0.019140,-0.000228,
0.327834,0.035709,0.012585,0.001164,
0.327780,0.035863,-0.011658,0.001861,
0.325551,0.036023,-0.031068,0.001311,
0.322462,0.035990,-0.030457,-0.001698,
0.315909,0.035898,-0.094626,-0.000212,
TIME: 1680 - SYSTEM: Plan 405
0.025942,0.000321,0.387191,0.031057,
0.074867,0.004380,0.571136,0.048297,
0.135465,0.009538,0.629888,0.053916,
0.190910,0.014669,0.485496,0.048609,
0.205496,0.018559,-0.142965,0.030329,
0.177262,0.017044,0.019708,0.025576,
0.179644,0.020417,0.027082,0.040259,
0.184450,0.024745,0.065374,0.045340,
0.191013,0.029221,0.065238,0.043914,
0.196096,0.032541,0.038179,0.023814,
0.163289,0.027427,0.033868,0.018797,
0.165358,0.029896,0.009348,0.029388,
0.165983,0.033061,0.003575,0.033438,
0.166381,0.036356,0.004278,0.032108,
0.164459,0.039022,-0.038939,0.021674,
0.178396,0.037243,0.390112,0.001199,
0.223908,0.037401,0.505966,0.001912,
0.275490,0.037563,0.519414,0.001331,
0.322237,0.037524,0.419198,-0.001802,
0.342589,0.037431,0.019073,-0.000230,
0.327833,0.035721,0.012588,0.001167,
0.327779,0.035877,-0.011655,0.001864,
0.325551,0.036034,-0.031064,0.001313,
0.322462,0.036002,-0.030453,-0.001696,
0.315909,0.035911,-0.094623,-0.000209,
TIME: 1684 - SYSTEM: Plan 406
0.025942,0.000321,0.387191,0.031056,
0.074868,0.004379,0.571136,0.048297,
0.135465,0.009540,0.629888,0.053916,
0.190910,0.014672,0.485495,0.048607,
0.205496,0.018562,-0.142966,0.030327,
0.177262,0.017048,0.019707,0.025573,
0.179644,0.020420,0.027081,0.040261,
0.184450,0.024743,0.065374,0.045338,
0.191013,0.029223,0.065238,0.043913,
0.196096,0.032537,0.038179,0.023803,
0.163289,0.027430,0.033871,0.018799,
0.165358,0.029895,0.009353,0.029403,
0.165984,0.033080,0.003575,0.033438,
0.166382,0.036361,0.004282,0.032095,
0.164460,0.039021,-0.038926,0.021667,
0.178397,0.037241,0.390109,0.001198,
0.223909,0.037404,0.505959,0.001912,
0.275490,0.037566,0.519410,0.001330,
0.322237,0.037535,0.419202,-0.001805,
0.342590,0.037442,0.019085,-0.000236,
0.327834,0.035729,0.012587,0.001165,
0.327779,0.035888,-0.011656,0.001865,
0.325551,0.036044,-0.031065,0.001312,
0.322462,0.036011,-0.030454,-0.001696,
0.315909,0.035918,-0.094625,-0.000208,
TIME: 1688 - SYSTEM: Plan 407
0.025942,0.000321,0.387191,0.031058,
0.074867,0.004380,0.571136,0.048297,
0.135465,0.009540,0.629887,0.053916,
0.190910,0.014670,0.485495,0.048607,
0.205496,0.018560,-0.142966,0.030328,
0.177261,0.017048,0.019706,0.025570,
0.179643,0.020421,0.027079,0.040260,
0.184449,0.024747,0.065372,0.045339,
0.191012,0.029221,0.065237,0.043912,
0.196095,0.032541,0.038179,0.023798,
0.163288,0.027431,0.033877,0.018805,
0.165359,0.029902,0.009365,0.029405,
0.165985,0.033085,0.003577,0.033449,
0.166383,0.036376,0.004288,0.032104,
0.164463,0.039029,-0.038908,0.021666,
0.178400,0.037250,0.390106,0.001196,
0.223911,0.037409,0.505956,0.001912,
0.275492,0.037567,0.519405,0.001331,
0.322238,0.037529,0.419197,-0.001800,
0.342590,0.037433,0.019081,-0.000228,
0.327834,0.035723,0.012587,0.001167,
0.327780,0.035878,-0.011656,0.001863,
0.325551,0.036033,-0.031066,0.001311,
0.322462,0.036002,-0.030455,-0.001696,
0.315909,0.035912,-0.094624,-0.000208,
TIME: 1692 - SYSTEM: Plan 408
0.025942,0.000322,0.387193,0.031057,
0.074868,0.004381,0.571138,0.048296,
0.135465,0.009541,0.629890,0.053916,
0.190910,0.014670,0.485497,0.048607,
0.205497,0.018561,-0.142966,0.030327,
0.177262,0.017047,0.019710,0.025578,
0.179644,0.020418,0.027085,0.040259,
0.184451,0.024740,0.065378,0.045339,
0.191014,0.029217,0.065241,0.043912,
0.196098,0.032529,0.038180,0.023785,
0.163290,0.027423,0.033860,0.018811,
0.165357,0.029887,0.009331,0.029420,
0.165982,0.033046,0.003571,0.033472,
0.166379,0.036335,0.004276,0.032136,
0.164456,0.039003,-0.038945,0.021702,
0.178394,0.037225,0.390127,0.001199,
0.223908,0.037383,0.505988,0.001916,
0.275492,0.037544,0.519432,0.001335,
0.322239,0.037509,0.419197,-0.001799,
0.342589,0.037417,0.019025,-0.000229,
0.327833,0.035709,0.012588,0.001165,
0.327779,0.035865,-0.011655,0.001865,
0.325551,0.036024,-0.031064,0.001311,
0.322462,0.035989,-0.030453,-0.001698,
0.315909,0.035898,-0.094623,-0.000210,
TIME: 1695 - SYSTEM: Plan 409
0.025942,0.000322,0.387193,0.031056,
0.074868,0.004380,0.571138,0.048296,
0.135465,0.009540,0.629889,0.053916,
0.190910,0.014670,0.485497,0.048608,
0.205497,0.018561,-0.142967,0.030328,
0.177262,0.017047,0.019708,0.025574,
0.179644,0.020422,0.027083,0.040262,
0.184450,0.024744,0.065376,0.045338,
0.191013,0.029219,0.065239,0.043914,
0.196097,0.032537,0.038180,0.023810,
0.163289,0.027423,0.033865,0.018792,
0.165358,0.029877,0.009342,0.029391,
0.165983,0.033051,0.003574,0.033440,
0.166380,0.036338,0.004275,0.032110,
0.164457,0.038992,-0.038945,0.021681,
0.178394,0.037214,0.390120,0.001199,
0.223907,0.037372,0.505977,0.001915,
0.275491,0.037536,0.519425,0.001333,
0.322237,0.037498,0.419202,-0.001802,
0.342589,0.037403,0.019062,-0.000232,
0.327833,0.035692,0.012588,0.001166,
0.327778,0.035849,-0.011654,0.001864,
0.325551,0.036006,-0.031063,0.001313,
0.322462,0.035973,-0.030452,-0.001696,
0.315909,0.035885,-0.094622,-0.000207,
TIME: 1699 - SYSTEM: Plan 410
0.025942,0.000321,0.387192,0.031058,
0.074867,0.004380,0.571136,0.048297,
0.135465,0.009540,0.629888,0.053916,
0.190910,0.014671,0.485496,0.048607,
0.205496,0.018561,-0.142966,0.030328,
0.177262,0.017046,0.019708,0.025575,
0.179644,0.020418,0.027082,0.040261,
0.184450,0.024743,0.065375,0.045341,
0.191012,0.029217,0.065238,0.043916,
0.196096,0.032536,0.038179,0.023854,
0.163289,0.027426,0.033869,0.018773,
0.165358,0.029882,0.009351,0.029358,
0.165984,0.033058,0.003577,0.033390,
0.166381,0.036340,0.004271,0.032056,
0.164457,0.038996,-0.038957,0.021640,
0.178394,0.037219,0.390100,0.001197,
0.223905,0.037377,0.505946,0.001913,
0.275486,0.037538,0.519402,0.001333,
0.322233,0.037503,0.419210,-0.001798,
0.342590,0.037407,0.019140,-0.000229,
0.327834,0.035698,0.012586,0.001168,
0.327779,0.035854,-0.011656,0.001862,
0.325551,0.036014,-0.031066,0.001308,
0.322462,0.035980,-0.030455,-0.001699,
0.315909,0.035892,-0.094625,-0.000212,
TIME: 1702 - SYSTEM: Plan 411
0.025942,0.000322,0.387194,0.031057,
0.074867,0.004381,0.571139,0.048296,
0.135465,0.009540,0.629891,0.053915,
0.190910,0.014670,0.485498,0.048607,
0.205497,0.018561,-0.142966,0.030327,
0.177262,0.017049,0.019710,0.025573,
0.179645,0.020416,0.027085,0.040260,
0.184451,0.024741,0.065378,0.045341,
0.191014,0.029225,0.065240,0.043917,
0.196098,0.032540,0.038180,0.023863,
0.163290,0.027429,0.033855,0.018766,
0.165357,0.029904,0.009326,0.029346,
0.165981,0.033074,0.003573,0.033377,
0.166378,0.036364,0.004257,0.032031,
0.164451,0.039022,-0.038994,0.021610,
0.178388,0.037244,0.390107,0.001195,
0.223900,0.037401,0.505953,0.001913,
0.275482,0.037562,0.519414,0.001335,
0.322232,0.037530,0.419239,-0.001798,
0.342593,0.037434,0.019195,-0.000229,
0.327836,0.035725,0.012580,0.001166,
0.327781,0.035879,-0.011665,0.001865,
0.325552,0.036039,-0.031075,0.001313,
0.322462,0.036004,-0.030463,-0.001696,
0.315908,0.035913,-0.094630,-0.000211,
TIME: 1706 - SYSTEM: Plan 412
0.025942,0.000321,0.387192,0.031057,
0.074867,0.004380,0.571137,0.048296,
0.135465,0.009539,0.629888,0.053916,
0.190910,0.014671,0.485497,0.048609,
0.205497,0.018561,-0.142965,0.030328,
0.177262,0.017046,0.019708,0.025571,
0.179644,0.020420,0.027083,0.040259,
0.184450,0.024741,0.065375,0.045338,
0.191013,0.029222,0.065238,0.043915,
0.196097,0.032543,0.038179,0.023843,
0.163289,0.027427,0.033865,0.018768,
0.165358,0.029871,0.009343,0.029366,
0.165983,0.033053,0.003575,0.033419,
0.166380,0.036340,0.004269,0.032079,
0.164456,0.038986,-0.038961,0.021653,
0.178393,0.037209,0.390112,0.001198,
0.223906,0.037369,0.505964,0.001914,
0.275487,0.037533,0.519414,0.001333,
0.322235,0.037500,0.419212,-0.001801,
0.342590,0.037405,0.019114,-0.000234,
0.327834,0.035698,0.012586,0.001165,
0.327779,0.035855,-0.011657,0.001865,
0.325551,0.036014,-0.031066,0.001309,
0.322462,0.035980,-0.030456,-0.001700,
0.315909,0.035889,-0.094625,-0.000214,
TIME: 1710 - SYSTEM: Plan 413
0.025942,0.000321,0.387193,0.031057,
0.074867,0.004380,0.571138,0.048297,
0.135465,0.009541,0.629890,0.053916,
0.190910,0.014670,0.485497,0.048607,
0.205497,0.018561,-0.142966,0.030327,
0.177262,0.017044,0.019709,0.025574,
0.179644,0.020421,0.027083,0.040259,
0.184450,0.024742,0.065376,0.045339,
0.191013,0.029223,0.065239,0.043911,
0.196097,0.032538,0.038180,0.023767,
0.163289,0.027424,0.033864,0.018825,
0.165358,0.029886,0.009338,0.029443,
0.165982,0.033055,0.003572,0.033494,
0.166380,0.036351,0.004283,0.032167,
0.164459,0.039010,-0.038927,0.021722,
0.178396,0.037231,0.390127,0.001199,
0.223911,0.037393,0.505988,0.001918,
0.275495,0.037554,0.519429,0.001333,
0.322241,0.037515,0.419182,-0.001802,
0.342588,0.037425,0.018985,-0.000231,
0.327833,0.035716,0.012589,0.001165,
0.327779,0.035870,-0.011652,0.001862,
0.325551,0.036026,-0.031061,0.001312,
0.322462,0.035993,-0.030450,-0.001695,
0.315909,0.035903,-0.094622,-0.000205,
TIME: 1714 - SYSTEM: Plan 414
0.025942,0.000321,0.387192,0.031057,
0.074867,0.004380,0.571137,0.048295,
0.135465,0.009538,0.629889,0.053916,
0.190910,0.014669,0.485496,0.048609,
0.205497,0.018560,-0.142967,0.030329,
0.177262,0.017044,0.019708,0.025574,
0.179644,0.020415,0.027082,0.040262,
0.184450,0.024739,0.065375,0.045341,
0.191013,0.029217,0.065238,0.043917,
0.196096,0.032537,0.038179,0.023876,
0.163289,0.027420,0.033866,0.018757,
0.165358,0.029877,0.009347,0.029335,
0.165983,0.033046,0.003577,0.033371,
0.166380,0.036327,0.004264,0.032039,
0.164455,0.038993,-0.038974,0.021630,
0.178392,0.037215,0.390106,0.001198,
0.223903,0.037375,0.505955,0.001914,
0.275485,0.037537,0.519411,0.001332,
0.322233,0.037500,0.419223,-0.001801,
0.342590,0.037405,0.019162,-0.000232,
0.327834,0.035699,0.012587,0.001167,
0.327779,0.035857,-0.011655,0.001863,
0.325551,0.036015,-0.031065,0.001310,
0.322462,0.035981,-0.030454,-0.001698,
0.315909,0.035890,-0.094624,-0.000215,
TIME: 1718 - SYSTEM: Plan 415
0.025942,0.000321,0.387192,0.031059,
0.074867,0.004379,0.571137,0.048297,
0.135465,0.009538,0.629889,0.053915,
0.190910,0.014669,0.485497,0.048609,
0.205497,0.018558,-0.142965,0.030329,
0.177262,0.017045,0.019708,0.025574,
0.179644,0.020413,0.027082,0.040259,
0.184450,0.024735,0.065375,0.045340,
0.191013,0.029215,0.065238,0.043914,
0.196097,0.032528,0.038180,0.023803,
0.163289,0.027415,0.033865,0.018806,
0.165358,0.029880,0.009341,0.029409,
0.165983,0.033045,0.003573,0.033455,
0.166380,0.036335,0.004276,0.032119,
0.164458,0.038989,-0.038942,0.021687,
0.178395,0.037210,0.390118,0.001198,
0.223908,0.037370,0.505974,0.001914,
0.275491,0.037526,0.519421,0.001333,
0.322238,0.037495,0.419198,-0.001797,
0.342589,0.037399,0.019051,-0.000228,
0.327833,0.035692,0.012587,0.001164,
0.327779,0.035847,-0.011655,0.001864,
0.325551,0.036005,-0.031065,0.001309,
0.322462,0.035974,-0.030454,-0.001700,
0.315909,0.035886,-0.094624,-0.000213,
TIME: 1722 - SYSTEM: Plan 416
0.025942,0.000322,0.387192,0.031057,
0.074867,0.004380,0.571137,0.048297,
0.135465,0.009540,0.629889,0.053915,
0.190910,0.014671,0.485496,0.048607,
0.205497,0.018562,-0.142967,0.030327,
0.177262,0.017049,0.019708,0.025573,
0.179644,0.020416,0.027082,0.040262,
0.184450,0.024739,0.065375,0.045342,
0.191013,0.029222,0.065238,0.043917,
0.196097,0.032544,0.038179,0.023871,
0.163289,0.027434,0.033865,0.018752,
0.165358,0.029891,0.009345,0.029323,
0.165983,0.033060,0.003576,0.033368,
0.166380,0.036341,0.004264,0.032024,
0.164455,0.038983,-0.038973,0.021619,
0.178392,0.037204,0.390100,0.001196,
0.223902,0.037364,0.505946,0.001914,
0.275483,0.037525,0.519403,0.001334,
0.322232,0.037485,0.419224,-0.001796,
0.342590,0.037391,0.019182,-0.000226,
0.327834,0.035683,0.012585,0.001169,
0.327780,0.035841,-0.011659,0.001864,
0.325551,0.036000,-0.031069,0.001309,
0.322462,0.035961,-0.030458,-0.001700,
0.315909,0.035873,-0.094626,-0.000212,
TIME: 1726 - SYSTEM: Plan 417
0.025942,0.000320,0.387193,0.031057,
0.074868,0.004380,0.571138,0.048298,
0.135465,0.009539,0.629890,0.053917,
0.190910,0.014670,0.485498,0.048609,
0.205497,0.018561,-0.142965,0.030328,
0.177262,0.017046,0.019709,0.025571,
0.179644,0.020420,0.027084,0.040259,
0.184451,0.024741,0.065377,0.045338,
0.191014,0.029222,0.065240,0.043915,
0.196098,0.032543,0.038180,0.023843,
0.163289,0.027427,0.033859,0.018768,
0.165357,0.029883,0.009331,0.029368,
0.165982,0.033055,0.003573,0.033410,
0.166378,0.036342,0.004264,0.032070,
0.164453,0.039008,-0.038977,0.021648,
0.178391,0.037228,0.390116,0.001198,
0.223903,0.037388,0.505967,0.001915,
0.275486,0.037548,0.519421,0.001333,
0.322235,0.037510,0.419221,-0.001799,
0.342591,0.037416,0.019126,-0.000227,
0.327834,0.035710,0.012585,0.001165,
0.327780,0.035866,-0.011658,0.001863,
0.325551,0.036028,-0.031068,0.001308,
0.322462,0.035994,-0.030457,-0.001702,
0.315909,0.035905,-0.094626,-0.000216,
TIME: 1729 - SYSTEM: Plan 418
0.025942,0.000321,0.387193,0.031057,
0.074867,0.004380,0.571138,0.048297,
0.135465,0.009540,0.629890,0.053916,
0.190910,0.014671,0.485497,0.048607,
0.205497,0.018561,-0.142966,0.030327,
0.177262,0.017047,0.019709,0.025573,
0.179644,0.020423,0.027083,0.040260,
0.184450,0.024745,0.065376,0.045340,
0.191013,0.029226,0.065239,0.043915,
0.196097,0.032541,0.038179,0.023825,
0.163289,0.027428,0.033862,0.018784,
0.165358,0.029887,0.009337,0.029380,
0.165982,0.033056,0.003574,0.033428,
0.166379,0.036354,0.004270,0.032094,
0.164455,0.039018,-0.038960,0.021663,
0.178393,0.037240,0.390117,0.001198,
0.223906,0.037402,0.505971,0.001914,
0.275489,0.037563,0.519421,0.001330,
0.322237,0.037529,0.419211,-0.001804,
0.342590,0.037433,0.019097,-0.000234,
0.327834,0.035725,0.012585,0.001166,
0.327779,0.035878,-0.011659,0.001862,
0.325551,0.036034,-0.031068,0.001310,
0.322462,0.035998,-0.030457,-0.001696,
0.315909,0.035909,-0.094625,-0.000207,
TIME: 1733 - SYSTEM: Plan 419
0.025942,0.000321,0.387193,0.031057,
0.074868,0.004380,0.571139,0.048296,
0.135465,0.009540,0.629890,0.053915,
0.190910,0.014670,0.485498,0.048607,
0.205497,0.018562,-0.142967,0.030327,
0.177262,0.017047,0.019710,0.025573,
0.179644,0.020421,0.027085,0.040263,
0.184451,0.024746,0.065378,0.045339,
0.191014,0.029223,0.065240,0.043914,
0.196098,0.032541,0.038180,0.023816,
0.163290,0.027431,0.033859,0.018796,
0.165357,0.029893,0.009330,0.029385,
0.165982,0.033067,0.003572,0.033430,
0.166378,0.036349,0.004269,0.032094,
0.164454,0.039011,-0.038964,0.021670,
0.178391,0.037233,0.390122,0.001198,
0.223905,0.037389,0.505979,0.001914,
0.275488,0.037552,0.519429,0.001334,
0.322236,0.037517,0.419213,-0.001799,
0.342590,0.037421,0.019085,-0.000230,
0.327834,0.035714,0.012587,0.001165,
0.327779,0.035867,-0.011656,0.001864,
0.325551,0.036023,-0.031066,0.001310,
0.322462,0.035989,-0.030455,-0.001698,
0.315909,0.035898,-0.094624,-0.000209,
TIME: 1737 - SYSTEM: Plan 420
0.025942,0.000322,0.387193,0.031057,
0.074868,0.004380,0.571138,0.048298,
0.135465,0.009539,0.629890,0.053915,
0.190910,0.014669,0.485497,0.048608,
0.205497,0.018559,-0.142967,0.030329,
0.177262,0.017045,0.019710,0.025569,
0.179644,0.020419,0.027085,0.040260,
0.184451,0.024739,0.065377,0.045340,
0.191014,0.029219,0.065240,0.043915,
0.196098,0.032538,0.038180,0.023834,
0.163289,0.027425,0.033859,0.018784,
0.165357,0.029897,0.009332,0.029372,
0.165982,0.033066,0.003573,0.033409,
0.166379,0.036350,0.004267,0.032077,
0.164454,0.039011,-0.038970,0.021650,
0.178391,0.037230,0.390116,0.001198,
0.223905,0.037391,0.505969,0.001913,
0.275487,0.037551,0.519423,0.001333,
0.322235,0.037517,0.419220,-0.001800,
0.342590,0.037422,0.019121,-0.000231,
0.327834,0.035716,0.012585,0.001165,
0.327779,0.035872,-0.011658,0.001862,
0.325552,0.036027,-0.031068,0.001308,
0.322462,0.035994,-0.030457,-0.001699,
0.315909,0.035902,-0.094625,-0.000211,
TIME: 1740 - SYSTEM: Plan 421
0.025942,0.000321,0.387192,0.031056,
0.074867,0.004380,0.571138,0.048298,
0.135465,0.009540,0.629889,0.053916,
0.190910,0.014671,0.485497,0.048608,
0.205497,0.018561,-0.142966,0.030328,
0.177262,0.017050,0.019708,0.025572,
0.179644,0.020416,0.027083,0.040260,
0.184450,0.024741,0.065375,0.045341,
0.191013,0.029225,0.065238,0.043917,
0.196097,0.032540,0.038179,0.023869,
0.163289,0.027423,0.033865,0.018759,
0.165358,0.029889,0.009345,0.029342,
0.165983,0.033063,0.003576,0.033372,
0.166380,0.036344,0.004264,0.032034,
0.164455,0.038997,-0.038973,0.021619,
0.178391,0.037219,0.390103,0.001197,
0.223903,0.037381,0.505949,0.001914,
0.275484,0.037540,0.519408,0.001334,
0.322232,0.037505,0.419227,-0.001798,
0.342591,0.037411,0.019179,-0.000229,
0.327835,0.035705,0.012584,0.001168,
0.327780,0.035857,-0.011660,0.001863,
0.325551,0.036016,-0.031070,0.001314,
0.322462,0.035981,-0.030458,-0.001694,
0.315908,0.035893,-0.094626,-0.000210,
TIME: 1744 - SYSTEM: Plan 422
0.025942,0.000322,0.387192,0.031057,
0.074867,0.004381,0.571137,0.048297,
0.135465,0.009541,0.629889,0.053915,
0.190910,0.014671,0.485497,0.048607,
0.205497,0.018561,-0.142965,0.030327,
0.177262,0.017046,0.019708,0.025575,
0.179644,0.020418,0.027082,0.040261,
0.184450,0.024743,0.065375,0.045341,
0.191013,0.029217,0.065238,0.043916,
0.196097,0.032536,0.038179,0.023854,
0.163289,0.027426,0.033866,0.018773,
0.165358,0.029882,0.009346,0.029358,
0.165983,0.033058,0.003577,0.033390,
0.166380,0.036340,0.004269,0.032056,
0.164456,0.038996,-0.038963,0.021640,
0.178393,0.037218,0.390105,0.001197,
0.223905,0.037379,0.505955,0.001914,
0.275486,0.037540,0.519410,0.001330,
0.322234,0.037500,0.419217,-0.001800,
0.342590,0.037408,0.019141,-0.000231,
0.327834,0.035699,0.012587,0.001168,
0.327779,0.035855,-0.011656,0.001864,
0.325551,0.036013,-0.031066,0.001311,
0.322462,0.035979,-0.030455,-0.001696,
0.315909,0.035889,-0.094625,-0.000211,
TIME: 1748 - SYSTEM: Plan 423
0.025942,0.000321,0.387192,0.031058,
0.074867,0.004380,0.571136,0.048297,
0.135465,0.009540,0.629888,0.053917,
0.190910,0.014670,0.485496,0.048607,
0.205497,0.018561,-0.142965,0.030328,
0.177262,0.017046,0.019708,0.025573,
0.179644,0.020418,0.027083,0.040259,
0.184450,0.024743,0.065375,0.045342,
0.191013,0.029222,0.065239,0.043913,
0.196097,0.032535,0.038179,0.023814,
0.163289,0.027419,0.033866,0.018794,
0.165358,0.029884,0.009345,0.029400,
0.165983,0.033058,0.003575,0.033443,
0.166380,0.036351,0.004276,0.032108,
0.164458,0.039016,-0.038944,0.021670,
0.178395,0.037237,0.390116,0.001199,
0.223908,0.037399,0.505970,0.001912,
0.275490,0.037559,0.519419,0.001329,
0.322237,0.037525,0.419205,-0.001803,
0.342590,0.037428,0.019079,-0.000234,
0.327834,0.035719,0.012586,0.001164,
0.327779,0.035878,-0.011657,0.001864,
0.325551,0.036033,-0.031066,0.001310,
0.322462,0.035998,-0.030455,-0.001698,
0.315909,0.035906,-0.094625,-0.000210,
TIME: 1751 - SYSTEM: Plan 424
0.025942,0.000321,0.387192,0.031057,
0.074867,0.004380,0.571137,0.048297,
0.135465,0.009540,0.629888,0.053916,
0.190910,0.014671,0.485496,0.048607,
0.205496,0.018561,-0.142966,0.030328,
0.177262,0.017046,0.019707,0.025573,
0.179644,0.020418,0.027081,0.040262,
0.184449,0.024744,0.065374,0.045341,
0.191012,0.029224,0.065238,0.043913,
0.196096,0.032535,0.038179,0.023800,
0.163289,0.027421,0.033872,0.018807,
0.165358,0.029889,0.009355,0.029410,
0.165984,0.033048,0.003576,0.033448,
0.166382,0.036326,0.004284,0.032119,
0.164461,0.039001,-0.038924,0.021695,
0.178397,0.037223,0.390113,0.001198,
0.223910,0.037385,0.505968,0.001913,
0.275492,0.037546,0.519415,0.001331,
0.322239,0.037507,0.419187,-0.001801,
0.342588,0.037417,0.019038,-0.000232,
0.327832,0.035707,0.012590,0.001165,
0.327778,0.035859,-0.011651,0.001865,
0.325551,0.036018,-0.031061,0.001311,
0.322462,0.035986,-0.030450,-0.001696,
0.315909,0.035896,-0.094621,-0.000207,
TIME: 1755 - SYSTEM: Plan 425
0.025942,0.000321,0.387194,0.031057,
0.074868,0.004380,0.571139,0.048295,
0.135466,0.009540,0.629891,0.053916,
0.190911,0.014670,0.485498,0.048608,
0.205497,0.018561,-0.142967,0.030328,
0.177262,0.017047,0.019710,0.025573,
0.179644,0.020421,0.027085,0.040261,
0.184451,0.024743,0.065378,0.045340,
0.191014,0.029220,0.065240,0.043914,
0.196098,0.032533,0.038180,0.023815,
0.163290,0.027420,0.033858,0.018791,
0.165357,0.029901,0.009329,0.029394,
0.165982,0.033063,0.003572,0.033433,
0.166378,0.036365,0.004268,0.032093,
0.164454,0.039028,-0.038964,0.021657,
0.178391,0.037247,0.390120,0.001199,
0.223905,0.037411,0.505974,0.001913,
0.275489,0.037573,0.519427,0.001329,
0.322237,0.037537,0.419220,-0.001805,
0.342591,0.037443,0.019104,-0.000236,
0.327835,0.035734,0.012583,0.001167,
0.327780,0.035884,-0.011661,0.001864,
0.325552,0.036039,-0.031071,0.001313,
0.322462,0.036006,-0.030459,-0.001692,
0.315908,0.035916,-0.094627,-0.000204,
TIME: 1759 - SYSTEM: Plan 426
0.025942,0.000321,0.387192,0.031057,
0.074868,0.004380,0.571138,0.048297,
0.135465,0.009540,0.629889,0.053915,
0.190910,0.014670,0.485497,0.048607,
0.205497,0.018561,-0.142966,0.030328,
0.177262,0.017047,0.019709,0.025578,
0.179644,0.020418,0.027083,0.040259,
0.184450,0.024740,0.065376,0.045339,
0.191013,0.029217,0.065239,0.043912,
0.196097,0.032529,0.038180,0.023785,
0.163289,0.027419,0.033863,0.018811,
0.165358,0.029888,0.009337,0.029421,
0.165982,0.033058,0.003572,0.033477,
0.166380,0.036347,0.004278,0.032135,
0.164457,0.039010,-0.038938,0.021697,
0.178395,0.037234,0.390127,0.001198,
0.223909,0.037392,0.505986,0.001914,
0.275492,0.037552,0.519430,0.001332,
0.322241,0.037514,0.419199,-0.001800,
0.342589,0.037422,0.019030,-0.000230,
0.327833,0.035716,0.012587,0.001166,
0.327779,0.035871,-0.011656,0.001864,
0.325551,0.036031,-0.031065,0.001308,
0.322462,0.035996,-0.030454,-0.001701,
0.315909,0.035904,-0.094623,-0.000212,
TIME: 1763 - SYSTEM: Plan 427
0.025942,0.000321,0.387193,0.031057,
0.074868,0.004381,0.571138,0.048297,
0.135465,0.009541,0.629890,0.053915,
0.190910,0.014671,0.485496,0.048606,
0.205497,0.018561,-0.142967,0.030327,
0.177262,0.017045,0.019709,0.025576,
0.179644,0.020422,0.027084,0.040259,
0.184450,0.024745,0.065376,0.045340,
0.191013,0.029222,0.065239,0.043914,
0.196097,0.032538,0.038180,0.023813,
0.163289,0.027421,0.033862,0.018795,
0.165358,0.029899,0.009337,0.029388,
0.165982,0.033070,0.003574,0.033436,
0.166379,0.036354,0.004273,0.032087,
0.164456,0.039016,-0.038953,0.021661,
0.178393,0.037237,0.390115,0.001197,
0.223907,0.037394,0.505969,0.001913,
0.275489,0.037557,0.519420,0.001329,
0.322237,0.037518,0.419213,-0.001803,
0.342590,0.037423,0.019099,-0.000230,
0.327834,0.035713,0.012585,0.001165,
0.327780,0.035870,-0.011658,0.001861,
0.325551,0.036026,-0.031068,0.001312,
0.322462,0.035992,-0.030457,-0.001695,
0.315908,0.035900,-0.094626,-0.000208,
TIME: 1766 - SYSTEM: Plan 428
0.025942,0.000321,0.387191,0.031056,
0.074867,0.004379,0.571136,0.048298,
0.135465,0.009540,0.629887,0.053917,
0.190910,0.014671,0.485495,0.048607,
0.205496,0.018561,-0.142966,0.030328,
0.177261,0.017046,0.019706,0.025575,
0.179643,0.020418,0.027079,0.040262,
0.184449,0.024742,0.065372,0.045341,
0.191012,0.029217,0.065236,0.043916,
0.196095,0.032535,0.038179,0.023842,
0.163288,0.027425,0.033876,0.018778,
0.165359,0.029885,0.009365,0.029368,
0.165985,0.033055,0.003578,0.033403,
0.166383,0.036334,0.004279,0.032069,
0.164461,0.038992,-0.038933,0.021650,
0.178396,0.037217,0.390102,0.001198,
0.223907,0.037372,0.505951,0.001912,
0.275488,0.037534,0.519405,0.001332,
0.322235,0.037498,0.419204,-0.001798,
0.342589,0.037404,0.019119,-0.000228,
0.327833,0.035698,0.012588,0.001165,
0.327779,0.035853,-0.011655,0.001862,
0.325551,0.036011,-0.031065,0.001309,
0.322462,0.035977,-0.030454,-0.001700,
0.315909,0.035887,-0.094623,-0.000213,
TIME: 1770 - SYSTEM: Plan 429
0.025942,0.000321,0.387193,0.031057,
0.074868,0.004380,0.571139,0.048298,
0.135465,0.009540,0.629890,0.053917,
0.190910,0.014670,0.485498,0.048607,
0.205497,0.018561,-0.142966,0.030328,
0.177262,0.017043,0.019710,0.025572,
0.179644,0.020421,0.027085,0.040260,
0.184451,0.024742,0.065378,0.045338,
0.191014,0.029223,0.065240,0.043915,
0.196098,0.032541,0.038180,0.023834,
0.163290,0.027430,0.033856,0.018779,
0.165357,0.029895,0.009326,0.029368,
0.165981,0.033069,0.003572,0.033406,
0.166378,0.036347,0.004264,0.032070,
0.164453,0.039002,-0.038978,0.021651,
0.178390,0.037223,0.390116,0.001198,
0.223902,0.037382,0.505970,0.001915,
0.275485,0.037545,0.519424,0.001334,
0.322235,0.037507,0.419221,-0.001800,
0.342590,0.037412,0.019123,-0.000230,
0.327834,0.035704,0.012585,0.001165,
0.327779,0.035862,-0.011658,0.001864,
0.325551,0.036020,-0.031068,0.001309,
0.322462,0.035985,-0.030457,-0.001700,
0.315909,0.035894,-0.094625,-0.000212,
TIME: 1773 - SYSTEM: Plan 430
0.025942,0.000321,0.387192,0.031058,
0.074867,0.004380,0.571137,0.048298,
0.135465,0.009540,0.629889,0.053915,
0.190910,0.014670,0.485497,0.048607,
0.205497,0.018561,-0.142966,0.030328,
0.177262,0.017049,0.019709,0.025573,
0.179644,0.020417,0.027083,0.040259,
0.184450,0.024740,0.065376,0.045341,
0.191013,0.029225,0.065239,0.043916,
0.196097,0.032539,0.038180,0.023862,
0.163289,0.027429,0.033862,0.018766,
0.165358,0.029894,0.009339,0.029339,
0.165982,0.033063,0.003575,0.033371,
0.166379,0.036337,0.004263,0.032033,
0.164454,0.038991,-0.038978,0.021621,
0.178391,0.037213,0.390107,0.001197,
0.223902,0.037372,0.505956,0.001914,
0.275483,0.037533,0.519415,0.001334,
0.322232,0.037494,0.419230,-0.001799,
0.342591,0.037400,0.019176,-0.000228,
0.327835,0.035694,0.012584,0.001168,
0.327779,0.035845,-0.011660,0.001864,
0.325551,0.036004,-0.031070,0.001312,
0.322462,0.035971,-0.030459,-0.001696,
0.315908,0.035882,-0.094626,-0.000212,
TIME: 1777 - SYSTEM: Plan 431
0.025942,0.000321,0.387194,0.031058,
0.074868,0.004381,0.571139,0.048297,
0.135465,0.009540,0.629891,0.053916,
0.190910,0.014670,0.485498,0.048607,
0.205497,0.018561,-0.142965,0.030328,
0.177262,0.017046,0.019710,0.025575,
0.179644,0.020417,0.027085,0.040261,
0.184451,0.024743,0.065378,0.045341,
0.191014,0.029217,0.065240,0.043916,
0.196098,0.032536,0.038180,0.023854,
0.163290,0.027429,0.033856,0.018776,
0.165357,0.029894,0.009327,0.029360,
0.165981,0.033065,0.003573,0.033389,
0.166378,0.036342,0.004260,0.032052,
0.164452,0.038992,-0.038989,0.021637,
0.178389,0.037214,0.390118,0.001198,
0.223902,0.037372,0.505971,0.001912,
0.275485,0.037532,0.519429,0.001334,
0.322234,0.037498,0.419233,-0.001797,
0.342591,0.037406,0.019148,-0.000228,
0.327835,0.035698,0.012585,0.001166,
0.327780,0.035852,-0.011658,0.001861,
0.325552,0.036009,-0.031068,0.001309,
0.322462,0.035976,-0.030457,-0.001697,
0.315908,0.035888,-0.094626,-0.000211,
TIME: 1781 - SYSTEM: Plan 432
0.025942,0.000321,0.387191,0.031058,
0.074867,0.004379,0.571135,0.048297,
0.135465,0.009539,0.629887,0.053917,
0.190910,0.014669,0.485495,0.048609,
0.205496,0.018560,-0.142965,0.030329,
0.177262,0.017045,0.019707,0.025571,
0.179643,0.020420,0.027081,0.040265,
0.184449,0.024745,0.065373,0.045339,
0.191012,0.029230,0.065237,0.043913,
0.196096,0.032544,0.038179,0.023794,
0.163289,0.027433,0.033874,0.018800,
0.165359,0.029902,0.009358,0.029408,
0.165984,0.033095,0.003576,0.033454,
0.166383,0.036389,0.004286,0.032100,
0.164462,0.039037,-0.038916,0.021660,
0.178399,0.037256,0.390109,0.001198,
0.223911,0.037417,0.505959,0.001915,
0.275492,0.037576,0.519409,0.001332,
0.322239,0.037539,0.419205,-0.001801,
0.342591,0.037443,0.019092,-0.000230,
0.327835,0.035734,0.012585,0.001166,
0.327780,0.035887,-0.011659,0.001865,
0.325551,0.036047,-0.031069,0.001312,
0.322462,0.036015,-0.030458,-0.001697,
0.315908,0.035924,-0.094626,-0.000209,
TIME: 1785 - SYSTEM: Plan 433
0.025942,0.000321,0.387191,0.031058,
0.074867,0.004381,0.571136,0.048296,
0.135465,0.009541,0.629888,0.053915,
0.190910,0.014672,0.485496,0.048606,
0.205496,0.018561,-0.142965,0.030327,
0.177262,0.017044,0.019707,0.025573,
0.179644,0.020421,0.027081,0.040259,
0.184449,0.024742,0.065373,0.045339,
0.191012,0.029224,0.065237,0.043915,
0.196096,0.032540,0.038179,0.023828,
0.163289,0.027430,0.033871,0.018786,
0.165358,0.029883,0.009354,0.029367,
0.165984,0.033066,0.003576,0.033417,
0.166382,0.036365,0.004277,0.032078,
0.164459,0.039027,-0.038939,0.021650,
0.178396,0.037249,0.390106,0.001196,
0.223908,0.037410,0.505956,0.001914,
0.275489,0.037570,0.519408,0.001330,
0.322235,0.037531,0.419209,-0.001804,
0.342590,0.037436,0.019118,-0.000232,
0.327834,0.035724,0.012586,0.001167,
0.327779,0.035885,-0.011657,0.001866,
0.325551,0.036045,-0.031067,0.001312,
0.322462,0.036008,-0.030456,-0.001697,
0.315909,0.035918,-0.094624,-0.000211,
TIME: 1789 - SYSTEM: Plan 434
0.025942,0.000320,0.387192,0.031058,
0.074867,0.004379,0.571137,0.048298,
0.135465,0.009541,0.629888,0.053917,
0.190910,0.014672,0.485496,0.048607,
0.205497,0.018562,-0.142966,0.030327,
0.177262,0.017048,0.019708,0.025575,
0.179644,0.020420,0.027083,0.040258,
0.184450,0.024744,0.065376,0.045339,
0.191013,0.029223,0.065239,0.043913,
0.196097,0.032540,0.038180,0.023809,
0.163289,0.027423,0.033865,0.018802,
0.165358,0.029891,0.009341,0.029398,
0.165983,0.033077,0.003574,0.033447,
0.166380,0.036362,0.004275,0.032101,
0.164457,0.039027,-0.038945,0.021665,
0.178394,0.037249,0.390117,0.001199,
0.223907,0.037408,0.505971,0.001913,
0.275489,0.037571,0.519420,0.001330,
0.322237,0.037532,0.419210,-0.001802,
0.342591,0.037438,0.019088,-0.000233,
0.327834,0.035729,0.012583,0.001165,
0.327780,0.035887,-0.011661,0.001860,
0.325551,0.036041,-0.031071,0.001308,
0.322462,0.036007,-0.030459,-0.001699,
0.315908,0.035919,-0.094625,-0.000209,
TIME: 1793 - SYSTEM: Plan 435
0.025942,0.000321,0.387192,0.031057,
0.074868,0.004380,0.571138,0.048296,
0.135465,0.009541,0.629889,0.053915,
0.190910,0.014671,0.485497,0.048606,
0.205497,0.018562,-0.142966,0.030327,
0.177262,0.017048,0.019709,0.025572,
0.179644,0.020420,0.027083,0.040261,
0.184450,0.024745,0.065375,0.045338,
0.191013,0.029224,0.065239,0.043915,
0.196097,0.032542,0.038180,0.023837,
0.163289,0.027435,0.033862,0.018776,
0.165357,0.029894,0.009337,0.029367,
0.165982,0.033068,0.003574,0.033404,
0.166379,0.036352,0.004267,0.032068,
0.164455,0.039019,-0.038967,0.021644,
0.178393,0.037240,0.390114,0.001198,
0.223904,0.037401,0.505965,0.001916,
0.275487,0.037562,0.519420,0.001333,
0.322234,0.037524,0.419222,-0.001802,
0.342590,0.037431,0.019132,-0.000231,
0.327834,0.035722,0.012586,0.001166,
0.327780,0.035877,-0.011658,0.001863,
0.325551,0.036032,-0.031067,0.001311,
0.322462,0.035998,-0.030456,-0.001697,
0.315909,0.035907,-0.094626,-0.000208,
TIME: 1797 - SYSTEM: Plan 436
0.025942,0.000321,0.387192,0.031058,
0.074867,0.004381,0.571137,0.048298,
0.135465,0.009540,0.629889,0.053916,
0.190910,0.014670,0.485497,0.048608,
0.205497,0.018561,-0.142965,0.030328,
0.177262,0.017047,0.019708,0.025572,
0.179644,0.020423,0.027083,0.040262,
0.184450,0.024746,0.065375,0.045339,
0.191013,0.029220,0.065238,0.043912,
0.196097,0.032537,0.038179,0.023788,
0.163289,0.027430,0.033867,0.018808,
0.165358,0.029898,0.009345,0.029413,
0.165983,0.033086,0.003574,0.033457,
0.166381,0.036367,0.004282,0.032116,
0.164459,0.039028,-0.038931,0.021676,
0.178395,0.037247,0.390114,0.001198,
0.223908,0.037408,0.505968,0.001913,
0.275491,0.037568,0.519417,0.001331,
0.322239,0.037528,0.419200,-0.001802,
0.342590,0.037433,0.019066,-0.000229,
0.327834,0.035724,0.012585,0.001166,
0.327779,0.035876,-0.011658,0.001864,
0.325551,0.036032,-0.031068,0.001312,
0.322462,0.035996,-0.030457,-0.001694,
0.315909,0.035908,-0.094625,-0.000204,
TIME: 1800 - SYSTEM: Plan 437
0.025942,0.000321,0.387192,0.031058,
0.074867,0.004380,0.571136,0.048296,
0.135465,0.009540,0.629888,0.053914,
0.190910,0.014670,0.485496,0.048606,
0.205496,0.018561,-0.142966,0.030327,
0.177262,0.017045,0.019706,0.025575,
0.179643,0.020420,0.027080,0.040261,
0.184449,0.024744,0.065372,0.045338,
0.191012,0.029223,0.065237,0.043916,
0.196096,0.032540,0.038179,0.023842,
0.163289,0.027427,0.033874,0.018779,
0.165359,0.029898,0.009360,0.029371,
0.165985,0.033069,0.003578,0.033406,
0.166382,0.036362,0.004278,0.032064,
0.164460,0.039027,-0.038939,0.021631,
0.178396,0.037250,0.390101,0.001197,
0.223907,0.037409,0.505947,0.001914,
0.275487,0.037568,0.519403,0.001331,
0.322235,0.037531,0.419215,-0.001799,
0.342591,0.037436,0.019147,-0.000229,
0.327835,0.035728,0.012582,0.001166,
0.327780,0.035884,-0.011663,0.001863,
0.325551,0.036038,-0.031073,0.001310,
0.322462,0.036005,-0.030461,-0.001697,
0.315908,0.035916,-0.094627,-0.000210,
TIME: 1804 - SYSTEM: Plan 438
0.025942,0.000321,0.387192,0.031059,
0.074867,0.004380,0.571137,0.048298,
0.135465,0.009540,0.629889,0.053916,
0.190910,0.014670,0.485497,0.048607,
0.205497,0.018561,-0.142965,0.030328,
0.177262,0.017049,0.019708,0.025573,
0.179644,0.020421,0.027082,0.040259,
0.184450,0.024742,0.065375,0.045338,
0.191013,0.029219,0.065238,0.043913,
0.196097,0.032538,0.038179,0.023806,
0.163289,0.027425,0.033867,0.018797,
0.165358,0.029899,0.009345,0.029395,
0.165983,0.033058,0.003575,0.033438,
0.166381,0.036350,0.004278,0.032103,
0.164458,0.039022,-0.038939,0.021678,
0.178395,0.037244,0.390117,0.001196,
0.223908,0.037403,0.505972,0.001914,
0.275491,0.037564,0.519421,0.001333,
0.322237,0.037527,0.419203,-0.001800,
0.342589,0.037432,0.019068,-0.000231,
0.327833,0.035723,0.012587,0.001165,
0.327779,0.035878,-0.011655,0.001864,
0.325551,0.036034,-0.031065,0.001312,
0.322462,0.036003,-0.030453,-0.001697,
0.315909,0.035911,-0.094623,-0.000209,
TIME: 1808 - SYSTEM: Plan 439
0.025942,0.000321,0.387193,0.031057,
0.074868,0.004380,0.571138,0.048296,
0.135465,0.009539,0.629890,0.053915,
0.190910,0.014669,0.485497,0.048607,
0.205497,0.018561,-0.142967,0.030328,
0.177262,0.017047,0.019710,0.025572,
0.179644,0.020423,0.027085,0.040262,
0.184451,0.024746,0.065378,0.045339,
0.191014,0.029220,0.065241,0.043912,
0.196098,0.032537,0.038180,0.023788,
0.163290,0.027427,0.033860,0.018807,
0.165357,0.029886,0.009331,0.029413,
0.165982,0.033067,0.003572,0.033456,
0.166379,0.036351,0.004275,0.032125,
0.164456,0.039010,-0.038949,0.021689,
0.178393,0.037231,0.390128,0.001198,
0.223907,0.037393,0.505987,0.001913,
0.275491,0.037556,0.519434,0.001332,
0.322239,0.037519,0.419206,-0.001802,
0.342589,0.037429,0.019048,-0.000234,
0.327833,0.035719,0.012587,0.001165,
0.327779,0.035871,-0.011656,0.001864,
0.325551,0.036032,-0.031065,0.001312,
0.322462,0.035999,-0.030454,-0.001697,
0.315909,0.035909,-0.094624,-0.000209,
TIME: 1812 - SYSTEM: Plan 440
0.025942,0.000321,0.387191,0.031057,
0.074867,0.004380,0.571136,0.048296,
0.135465,0.009540,0.629887,0.053915,
0.190910,0.014670,0.485495,0.048607,
0.205496,0.018561,-0.142967,0.030327,
0.177262,0.017045,0.019707,0.025576,
0.179643,0.020421,0.027081,0.040260,
0.184449,0.024746,0.065374,0.045340,
0.191012,0.029222,0.065238,0.043914,
0.196096,0.032537,0.038179,0.023809,
0.163289,0.027427,0.033872,0.018800,
0.165359,0.029898,0.009355,0.029389,
0.165984,0.033068,0.003576,0.033429,
0.166382,0.036347,0.004282,0.032095,
0.164460,0.039024,-0.038928,0.021669,
0.178397,0.037245,0.390107,0.001199,
0.223908,0.037405,0.505959,0.001913,
0.275490,0.037565,0.519409,0.001331,
0.322236,0.037527,0.419198,-0.001803,
0.342589,0.037435,0.019083,-0.000231,
0.327833,0.035725,0.012588,0.001164,
0.327779,0.035880,-0.011655,0.001863,
0.325551,0.036034,-0.031064,0.001312,
0.322462,0.036003,-0.030453,-0.001694,
0.315909,0.035910,-0.094623,-0.000206,
TIME: 1816 - SYSTEM: Plan 441
0.025942,0.000321,0.387191,0.031057,
0.074867,0.004381,0.571135,0.048297,
0.135465,0.009541,0.629887,0.053915,
0.190910,0.014671,0.485495,0.048605,
0.205496,0.018562,-0.142966,0.030326,
0.177262,0.017048,0.019707,0.025575,
0.179644,0.020420,0.027081,0.040258,
0.184450,0.024744,0.065374,0.045339,
0.191012,0.029223,0.065237,0.043913,
0.196096,0.032540,0.038179,0.023808,
0.163289,0.027426,0.033872,0.018789,
0.165358,0.029891,0.009355,0.029389,
0.165984,0.033068,0.003576,0.033439,
0.166382,0.036352,0.004282,0.032101,
0.164460,0.039014,-0.038928,0.021666,
0.178397,0.037237,0.390109,0.001198,
0.223909,0.037398,0.505961,0.001912,
0.275492,0.037559,0.519411,0.001332,
0.322238,0.037519,0.419201,-0.001801,
0.342590,0.037426,0.019085,-0.000232,
0.327834,0.035718,0.012587,0.001165,
0.327779,0.035873,-0.011656,0.001865,
0.325551,0.036032,-0.031065,0.001313,
0.322462,0.036000,-0.030454,-0.001698,
0.315909,0.035911,-0.094624,-0.000211,
TIME: 1820 - SYSTEM: Plan 442
0.025942,0.000321,0.387192,0.031057,
0.074867,0.004380,0.571137,0.048297,
0.135465,0.009540,0.629889,0.053915,
0.190910,0.014670,0.485496,0.048606,
0.205497,0.018562,-0.142966,0.030327,
0.177262,0.017048,0.019708,0.025569,
0.179644,0.020419,0.027083,0.040258,
0.184450,0.024747,0.065375,0.045337,
0.191013,0.029228,0.065238,0.043914,
0.196097,0.032544,0.038179,0.023818,
0.163289,0.027430,0.033865,0.018793,
0.165358,0.029902,0.009343,0.029384,
0.165983,0.033073,0.003574,0.033418,
0.166380,0.036350,0.004274,0.032077,
0.164457,0.039011,-0.038948,0.021660,
0.178394,0.037232,0.390110,0.001199,
0.223906,0.037390,0.505962,0.001915,
0.275488,0.037557,0.519415,0.001333,
0.322236,0.037517,0.419209,-0.001802,
0.342590,0.037422,0.019103,-0.000232,
0.327834,0.035714,0.012587,0.001166,
0.327779,0.035871,-0.011656,0.001865,
0.325551,0.036028,-0.031066,0.001308,
0.322462,0.035996,-0.030455,-0.001699,
0.315909,0.035904,-0.094625,-0.000212,
TIME: 1823 - SYSTEM: Plan 443
0.025942,0.000321,0.387192,0.031057,
0.074867,0.004380,0.571137,0.048296,
0.135465,0.009541,0.629889,0.053916,
0.190910,0.014671,0.485496,0.048607,
0.205497,0.018561,-0.142966,0.030327,
0.177262,0.017046,0.019708,0.025577,
0.179644,0.020421,0.027082,0.040255,
0.184450,0.024745,0.065375,0.045336,
0.191013,0.029224,0.065238,0.043913,
0.196096,0.032540,0.038179,0.023796,
0.163289,0.027430,0.033868,0.018803,
0.165358,0.029895,0.009347,0.029407,
0.165983,0.033077,0.003574,0.033453,
0.166381,0.036358,0.004281,0.032107,
0.164459,0.039010,-0.038931,0.021673,
0.178396,0.037232,0.390112,0.001199,
0.223908,0.037396,0.505964,0.001915,
0.275491,0.037553,0.519413,0.001331,
0.322239,0.037516,0.419200,-0.001801,
0.342590,0.037423,0.019072,-0.000232,
0.327834,0.035714,0.012586,0.001166,
0.327779,0.035867,-0.011657,0.001865,
0.325551,0.036025,-0.031067,0.001313,
0.322462,0.035993,-0.030456,-0.001693,
0.315909,0.035905,-0.094625,-0.000207,
TIME: 1827 - SYSTEM: Plan 444
0.025942,0.000321,0.387191,0.031057,
0.074867,0.004379,0.571136,0.048298,
0.135465,0.009539,0.629888,0.053917,
0.190910,0.014670,0.485496,0.048608,
0.205496,0.018561,-0.142966,0.030328,
0.177262,0.017047,0.019707,0.025573,
0.179644,0.020421,0.027081,0.040261,
0.184450,0.024743,0.065373,0.045340,
0.191012,0.029220,0.065237,0.043914,
0.196096,0.032533,0.038179,0.023815,
0.163289,0.027427,0.033870,0.018794,
0.165358,0.029897,0.009353,0.029391,
0.165984,0.033068,0.003576,0.033434,
0.166382,0.036358,0.004279,0.032091,
0.164460,0.039017,-0.038934,0.021661,
0.178396,0.037240,0.390111,0.001198,
0.223908,0.037401,0.505963,0.001914,
0.275489,0.037558,0.519413,0.001332,
0.322236,0.037521,0.419206,-0.001802,
0.342590,0.037427,0.019095,-0.000231,
0.327834,0.035717,0.012586,0.001165,
0.327779,0.035873,-0.011657,0.001865,
0.325551,0.036032,-0.031066,0.001312,
0.322462,0.035997,-0.030455,-0.001698,
0.315909,0.035907,-0.094625,-0.000210,
TIME: 1831 - SYSTEM: Plan 445
0.025942,0.000322,0.387191,0.031057,
0.074867,0.004381,0.571136,0.048296,
0.135465,0.009541,0.629887,0.053915,
0.190910,0.014671,0.485495,0.048607,
0.205496,0.018561,-0.142966,0.030328,
0.177261,0.017049,0.019706,0.025573,
0.179643,0.020421,0.027080,0.040259,
0.184449,0.024742,0.065372,0.045338,
0.191012,0.029219,0.065236,0.043913,
0.196095,0.032538,0.038179,0.023806,
0.163289,0.027431,0.033876,0.018799,
0.165359,0.029898,0.009363,0.029399,
0.165985,0.033059,0.003577,0.033435,
0.166383,0.036352,0.004286,0.032100,
0.164462,0.039020,-0.038915,0.021671,
0.178399,0.037242,0.390108,0.001198,
0.223910,0.037401,0.505959,0.001914,
0.275491,0.037560,0.519409,0.001331,
0.322238,0.037520,0.419196,-0.001800,
0.342589,0.037422,0.019077,-0.000228,
0.327833,0.035713,0.012589,0.001164,
0.327779,0.035868,-0.011654,0.001864,
0.325551,0.036025,-0.031063,0.001312,
0.322462,0.035993,-0.030452,-0.001695,
0.315909,0.035900,-0.094623,-0.000206,
TIME: 1834 - SYSTEM: Plan 446
0.025942,0.000321,0.387191,0.031057,
0.074867,0.004380,0.571135,0.048296,
0.135465,0.009540,0.629887,0.053916,
0.190910,0.014670,0.485495,0.048606,
0.205496,0.018560,-0.142966,0.030327,
0.177261,0.017045,0.019706,0.025574,
0.179643,0.020415,0.027080,0.040261,
0.184449,0.024741,0.065372,0.045337,
0.191012,0.029220,0.065236,0.043916,
0.196095,0.032535,0.038179,0.023836,
0.163289,0.027421,0.033876,0.018775,
0.165359,0.029887,0.009363,0.029375,
0.165985,0.033040,0.003578,0.033414,
0.166383,0.036325,0.004280,0.032088,
0.164461,0.038981,-0.038931,0.021666,
0.178398,0.037203,0.390105,0.001198,
0.223909,0.037367,0.505956,0.001914,
0.275490,0.037528,0.519406,0.001332,
0.322237,0.037485,0.419196,-0.001801,
0.342588,0.037396,0.019089,-0.000231,
0.327833,0.035691,0.012590,0.001167,
0.327778,0.035842,-0.011652,0.001863,
0.325551,0.036000,-0.031061,0.001312,
0.322462,0.035969,-0.030451,-0.001695,
0.315909,0.035878,-0.094622,-0.000210,
TIME: 1838 - SYSTEM: Plan 447
0.025942,0.000321,0.387192,0.031057,
0.074867,0.004381,0.571136,0.048296,
0.135465,0.009541,0.629888,0.053915,
0.190910,0.014671,0.485496,0.048606,
0.205496,0.018561,-0.142966,0.030326,
0.177262,0.017046,0.019708,0.025575,
0.179644,0.020418,0.027082,0.040262,
0.184450,0.024742,0.065374,0.045341,
0.191013,0.029217,0.065238,0.043916,
0.196096,0.032535,0.038179,0.023842,
0.163289,0.027428,0.033869,0.018781,
0.165358,0.029887,0.009352,0.029376,
0.165984,0.033066,0.003576,0.033412,
0.166381,0.036345,0.004273,0.032071,
0.164458,0.039017,-0.038950,0.021644,
0.178394,0.037239,0.390108,0.001197,
0.223906,0.037399,0.505958,0.001913,
0.275488,0.037557,0.519412,0.001330,
0.322235,0.037519,0.419215,-0.001801,
0.342590,0.037422,0.019128,-0.000229,
0.327834,0.035716,0.012585,0.001166,
0.327779,0.035871,-0.011659,0.001863,
0.325551,0.036029,-0.031069,0.001312,
0.322462,0.035993,-0.030458,-0.001698,
0.315908,0.035901,-0.094626,-0.000210,
TIME: 1842 - SYSTEM: Plan 448
0.025942,0.000321,0.387192,0.031057,
0.074867,0.004380,0.571137,0.048296,
0.135465,0.009539,0.629888,0.053915,
0.190910,0.014669,0.485496,0.048608,
0.205497,0.018559,-0.142965,0.030329,
0.177262,0.017045,0.019708,0.025574,
0.179644,0.020415,0.027082,0.040258,
0.184450,0.024743,0.065375,0.045341,
0.191013,0.029221,0.065238,0.043914,
0.196096,0.032539,0.038179,0.023814,
0.163289,0.027426,0.033867,0.018787,
0.165358,0.029897,0.009346,0.029382,
0.165983,0.033061,0.003575,0.033428,
0.166381,0.036345,0.004277,0.032097,
0.164458,0.039009,-0.038941,0.021669,
0.178395,0.037229,0.390112,0.001198,
0.223907,0.037387,0.505966,0.001912,
0.275489,0.037547,0.519415,0.001334,
0.322237,0.037512,0.419202,-0.001799,
0.342589,0.037418,0.019085,-0.000229,
0.327833,0.035711,0.012588,0.001166,
0.327779,0.035863,-0.011654,0.001864,
0.325551,0.036023,-0.031064,0.001310,
0.322462,0.035989,-0.030453,-0.001698,
0.315909,0.035896,-0.094623,-0.000210,
TIME: 1845 - SYSTEM: Plan 449
0.025942,0.000321,0.387192,0.031057,
0.074867,0.004380,0.571136,0.048297,
0.135465,0.009539,0.629888,0.053916,
0.190910,0.014670,0.485496,0.048608,
0.205496,0.018561,-0.142966,0.030328,
0.177262,0.017044,0.019707,0.025574,
0.179644,0.020421,0.027081,0.040259,
0.184450,0.024742,0.065374,0.045339,
0.191012,0.029223,0.065238,0.043911,
0.196096,0.032538,0.038179,0.023767,
0.163289,0.027425,0.033873,0.018824,
0.165359,0.029893,0.009355,0.029428,
0.165984,0.033061,0.003574,0.033472,
0.166382,0.036359,0.004290,0.032145,
0.164462,0.039019,-0.038905,0.021701,
0.178399,0.037239,0.390115,0.001196,
0.223911,0.037403,0.505971,0.001913,
0.275494,0.037563,0.519416,0.001332,
0.322241,0.037525,0.419183,-0.001802,
0.342589,0.037429,0.019020,-0.000232,
0.327833,0.035722,0.012590,0.001166,
0.327779,0.035875,-0.011652,0.001863,
0.325551,0.036033,-0.031061,0.001311,
0.322462,0.036001,-0.030451,-0.001699,
0.315909,0.035912,-0.094622,-0.000210,
TIME: 1849 - SYSTEM: Plan 450
0.025942,0.000321,0.387193,0.031058,
0.074868,0.004380,0.571139,0.048297,
0.135465,0.009539,0.629890,0.053916,
0.190910,0.014670,0.485497,0.048607,
0.205497,0.018560,-0.142967,0.030328,
0.177262,0.017046,0.019710,0.025571,
0.179644,0.020417,0.027085,0.040259,
0.184451,0.024746,0.065377,0.045337,
0.191014,0.029224,0.065240,0.043915,
0.196098,0.032542,0.038180,0.023839,
0.163289,0.027429,0.033859,0.018778,
0.165357,0.029888,0.009332,0.029366,
0.165982,0.033056,0.003573,0.033406,
0.166379,0.036349,0.004265,0.032070,
0.164454,0.039010,-0.038973,0.021648,
0.178391,0.037232,0.390115,0.001199,
0.223903,0.037391,0.505967,0.001914,
0.275486,0.037554,0.519421,0.001332,
0.322235,0.037515,0.419220,-0.001800,
0.342590,0.037419,0.019126,-0.000229,
0.327834,0.035711,0.012585,0.001165,
0.327780,0.035862,-0.011658,0.001864,
0.325551,0.036018,-0.031067,0.001312,
0.322462,0.035988,-0.030457,-0.001695,
0.315909,0.035898,-0.094626,-0.000208,
TIME: 1853 - SYSTEM: Plan 451
0.025942,0.000321,0.387191,0.031058,
0.074867,0.004381,0.571136,0.048297,
0.135465,0.009541,0.629888,0.053915,
0.190910,0.014670,0.485496,0.048607,
0.205497,0.018561,-0.142966,0.030328,
0.177262,0.017047,0.019708,0.025574,
0.179644,0.020421,0.027082,0.040263,
0.184450,0.024743,0.065375,0.045338,
0.191013,0.029219,0.065238,0.043914,
0.196097,0.032537,0.038179,0.023816,
0.163289,0.027427,0.033867,0.018789,
0.165358,0.029904,0.009345,0.029386,
0.165983,0.033072,0.003575,0.033428,
0.166381,0.036368,0.004276,0.032093,
0.164458,0.039021,-0.038944,0.021657,
0.178395,0.037243,0.390108,0.001199,
0.223906,0.037402,0.505959,0.001914,
0.275488,0.037562,0.519410,0.001333,
0.322236,0.037528,0.419205,-0.001800,
0.342590,0.037435,0.019103,-0.000232,
0.327834,0.035724,0.012585,0.001166,
0.327780,0.035878,-0.011658,0.001864,
0.325551,0.036038,-0.031068,0.001315,
0.322462,0.036003,-0.030457,-0.001694,
0.315909,0.035913,-0.094626,-0.000207,
TIME: 1857 - SYSTEM: Plan 452
0.025942,0.000321,0.387192,0.031057,
0.074867,0.004380,0.571138,0.048296,
0.135465,0.009539,0.629889,0.053914,
0.190910,0.014670,0.485497,0.048608,
0.205497,0.018560,-0.142966,0.030328,
0.177262,0.017047,0.019708,0.025572,
0.179644,0.020415,0.027083,0.040261,
0.184450,0.024740,0.065376,0.045341,
0.191013,0.029220,0.065239,0.043915,
0.196097,0.032536,0.038179,0.023823,
0.163289,0.027422,0.033864,0.018793,
0.165358,0.029878,0.009341,0.029390,
0.165983,0.033059,0.003575,0.033440,
0.166380,0.036358,0.004273,0.032094,
0.164457,0.039021,-0.038953,0.021663,
0.178393,0.037241,0.390117,0.001197,
0.223906,0.037399,0.505971,0.001912,
0.275488,0.037561,0.519421,0.001332,
0.322236,0.037526,0.419212,-0.001800,
0.342590,0.037432,0.019093,-0.000231,
0.327834,0.035723,0.012585,0.001166,
0.327779,0.035878,-0.011659,0.001864,
0.325551,0.036037,-0.031068,0.001311,
0.322462,0.036005,-0.030457,-0.001698,
0.315909,0.035913,-0.094625,-0.000212,
TIME: 1860 - SYSTEM: Plan 453
0.025942,0.000321,0.387192,0.031057,
0.074868,0.004380,0.571137,0.048296,
0.135465,0.009541,0.629889,0.053916,
0.190910,0.014672,0.485496,0.048606,
0.205497,0.018562,-0.142966,0.030327,
0.177262,0.017049,0.019709,0.025573,
0.179644,0.020421,0.027083,0.040259,
0.184450,0.024745,0.065376,0.045336,
0.191013,0.029225,0.065239,0.043911,
0.196097,0.032540,0.038180,0.023776,
0.163289,0.027426,0.033864,0.018817,
0.165358,0.029891,0.009339,0.029433,
0.165983,0.033085,0.003572,0.033481,
0.166380,0.036391,0.004281,0.032140,
0.164458,0.039048,-0.038930,0.021688,
0.178396,0.037270,0.390124,0.001198,
0.223910,0.037426,0.505981,0.001915,
0.275494,0.037585,0.519428,0.001334,
0.322242,0.037549,0.419202,-0.001798,
0.342590,0.037454,0.019042,-0.000227,
0.327834,0.035745,0.012585,0.001166,
0.327779,0.035896,-0.011658,0.001867,
0.325551,0.036056,-0.031068,0.001312,
0.322462,0.036025,-0.030457,-0.001697,
0.315909,0.035933,-0.094626,-0.000208,
TIME: 1864 - SYSTEM: Plan 454
0.025942,0.000321,0.387193,0.031057,
0.074867,0.004380,0.571138,0.048297,
0.135465,0.009539,0.629889,0.053915,
0.190910,0.014670,0.485496,0.048609,
0.205497,0.018560,-0.142967,0.030329,
0.177262,0.017047,0.019709,0.025572,
0.179644,0.020421,0.027083,0.040260,
0.184450,0.024747,0.065376,0.045339,
0.191013,0.029221,0.065239,0.043913,
0.196097,0.032536,0.038180,0.023807,
0.163289,0.027426,0.033862,0.018794,
0.165358,0.029891,0.009335,0.029395,
0.165982,0.033056,0.003573,0.033447,
0.166379,0.036336,0.004273,0.032111,
0.164456,0.038996,-0.038952,0.021687,
0.178394,0.037218,0.390119,0.001198,
0.223907,0.037378,0.505976,0.001915,
0.275490,0.037541,0.519422,0.001332,
0.322238,0.037503,0.419199,-0.001801,
0.342589,0.037415,0.019054,-0.000232,
0.327833,0.035708,0.012588,0.001166,
0.327778,0.035861,-0.011654,0.001863,
0.325551,0.036019,-0.031064,0.001312,
0.322462,0.035985,-0.030453,-0.001696,
0.315909,0.035894,-0.094623,-0.000207,
TIME: 1868 - SYSTEM: Plan 455
0.025942,0.000321,0.387192,0.031057,
0.074867,0.004380,0.571137,0.048297,
0.135465,0.009540,0.629888,0.053917,
0.190910,0.014670,0.485496,0.048608,
0.205496,0.018561,-0.142966,0.030328,
0.177262,0.017048,0.019707,0.025575,
0.179644,0.020418,0.027081,0.040261,
0.184450,0.024740,0.065374,0.045339,
0.191013,0.029221,0.065238,0.043913,
0.196096,0.032541,0.038179,0.023822,
0.163289,0.027434,0.033870,0.018783,
0.165358,0.029902,0.009353,0.029386,
0.165984,0.033073,0.003576,0.033426,
0.166381,0.036378,0.004278,0.032083,
0.164459,0.039034,-0.038937,0.021644,
0.178395,0.037255,0.390106,0.001196,
0.223907,0.037415,0.505954,0.001914,
0.275488,0.037574,0.519407,0.001331,
0.322236,0.037539,0.419211,-0.001801,
0.342591,0.037443,0.019124,-0.000231,
0.327835,0.035735,0.012583,0.001167,
0.327780,0.035892,-0.011661,0.001862,
0.325551,0.036052,-0.031071,0.001308,
0.322462,0.036019,-0.030460,-0.001702,
0.315908,0.035929,-0.094627,-0.000217,
TIME: 1872 - SYSTEM: Plan 456
0.025942,0.000322,0.387192,0.031056,
0.074867,0.004381,0.571136,0.048297,
0.135465,0.009541,0.629888,0.053916,
0.190910,0.014671,0.485496,0.048607,
0.205497,0.018562,-0.142965,0.030327,
0.177262,0.017049,0.019708,0.025574,
0.179644,0.020417,0.027082,0.040262,
0.184450,0.024739,0.065375,0.045339,
0.191013,0.029219,0.065238,0.043918,
0.196096,0.032540,0.038179,0.023871,
0.163289,0.027427,0.033866,0.018757,
0.165358,0.029893,0.009347,0.029334,
0.165983,0.033060,0.003577,0.033374,
0.166380,0.036332,0.004265,0.032032,
0.164456,0.038987,-0.038971,0.021625,
0.178392,0.037212,0.390103,0.001196,
0.223903,0.037368,0.505950,0.001911,
0.275484,0.037531,0.519407,0.001330,
0.322232,0.037493,0.419224,-0.001800,
0.342590,0.037398,0.019170,-0.000231,
0.327834,0.035690,0.012585,0.001167,
0.327779,0.035850,-0.011659,0.001865,
0.325551,0.036001,-0.031069,0.001312,
0.322462,0.035969,-0.030457,-0.001696,
0.315909,0.035878,-0.094625,-0.000211,
TIME: 1877 - SYSTEM: Plan 457
0.025942,0.000321,0.387191,0.031058,
0.074867,0.004379,0.571136,0.048297,
0.135465,0.009538,0.629888,0.053917,
0.190910,0.014668,0.485496,0.048609,
0.205496,0.018558,-0.142965,0.030330,
0.177262,0.017045,0.019708,0.025573,
0.179644,0.020419,0.027082,0.040262,
0.184450,0.024747,0.065375,0.045336,
0.191013,0.029220,0.065238,0.043910,
0.196096,0.032536,0.038179,0.023757,
0.163289,0.027432,0.033870,0.018831,
0.165358,0.029891,0.009349,0.029446,
0.165984,0.033083,0.003573,0.033501,
0.166382,0.036376,0.004289,0.032155,
0.164461,0.039041,-0.038908,0.021704,
0.178398,0.037260,0.390122,0.001197,
0.223912,0.037421,0.505979,0.001914,
0.275496,0.037581,0.519423,0.001333,
0.322242,0.037541,0.419188,-0.001800,
0.342590,0.037447,0.019011,-0.000229,
0.327834,0.035736,0.012586,0.001167,
0.327779,0.035888,-0.011656,0.001866,
0.325551,0.036050,-0.031066,0.001312,
0.322462,0.036015,-0.030455,-0.001699,
0.315909,0.035927,-0.094624,-0.000207,
TIME: 1880 - SYSTEM: Plan 458
0.025942,0.000321,0.387192,0.031057,
0.074867,0.004380,0.571136,0.048297,
0.135465,0.009540,0.629888,0.053916,
0.190910,0.014671,0.485495,0.048607,
0.205496,0.018561,-0.142967,0.030327,
0.177261,0.017046,0.019707,0.025573,
0.179643,0.020417,0.027080,0.040261,
0.184449,0.024740,0.065373,0.045340,
0.191012,0.029223,0.065237,0.043913,
0.196096,0.032538,0.038179,0.023817,
0.163289,0.027428,0.033874,0.018790,
0.165359,0.029899,0.009359,0.029386,
0.165985,0.033068,0.003577,0.033426,
0.166382,0.036357,0.004282,0.032087,
0.164461,0.039009,-0.038927,0.021662,
0.178397,0.037228,0.390104,0.001196,
0.223908,0.037388,0.505953,0.001914,
0.275490,0.037548,0.519405,0.001334,
0.322236,0.037512,0.419199,-0.001798,
0.342589,0.037416,0.019095,-0.000228,
0.327834,0.035708,0.012587,0.001168,
0.327779,0.035863,-0.011656,0.001865,
0.325551,0.036021,-0.031065,0.001311,
0.322462,0.035985,-0.030454,-0.001698,
0.315909,0.035893,-0.094624,-0.000210,
TIME: 1884 - SYSTEM: Plan 459
0.025942,0.000321,0.387193,0.031057,
0.074868,0.004382,0.571139,0.048297,
0.135465,0.009541,0.629890,0.053914,
0.190910,0.014671,0.485498,0.048606,
0.205497,0.018562,-0.142966,0.030327,
0.177262,0.017047,0.019709,0.025575,
0.179644,0.020421,0.027084,0.040260,
0.184451,0.024745,0.065377,0.045340,
0.191014,0.029222,0.065240,0.043915,
0.196098,0.032538,0.038180,0.023838,
0.163289,0.027425,0.033859,0.018773,
0.165357,0.029894,0.009331,0.029371,
0.165982,0.033061,0.003573,0.033410,
0.166378,0.036331,0.004265,0.032075,
0.164454,0.038999,-0.038974,0.021655,
0.178391,0.037220,0.390118,0.001198,
0.223904,0.037380,0.505971,0.001914,
0.275486,0.037542,0.519424,0.001330,
0.322235,0.037503,0.419219,-0.001802,
0.342590,0.037408,0.019114,-0.000230,
0.327834,0.035699,0.012586,0.001167,
0.327779,0.035853,-0.011658,0.001867,
0.325551,0.036011,-0.031067,0.001314,
0.322462,0.035978,-0.030456,-0.001692,
0.315909,0.035883,-0.094625,-0.000207,
TIME: 1888 - SYSTEM: Plan 460
0.025942,0.000321,0.387191,0.031057,
0.074867,0.004380,0.571136,0.048297,
0.135465,0.009539,0.629888,0.053915,
0.190910,0.014669,0.485496,0.048607,
0.205496,0.018560,-0.142966,0.030328,
0.177262,0.017045,0.019707,0.025571,
0.179644,0.020420,0.027081,0.040266,
0.184450,0.024746,0.065374,0.045340,
0.191013,0.029230,0.065238,0.043911,
0.196096,0.032542,0.038179,0.023768,
0.163289,0.027438,0.033871,0.018818,
0.165358,0.029899,0.009351,0.029425,
0.165984,0.033076,0.003574,0.033477,
0.166382,0.036357,0.004289,0.032146,
0.164462,0.039020,-0.038911,0.021707,
0.178398,0.037239,0.390117,0.001198,
0.223912,0.037402,0.505975,0.001912,
0.275494,0.037560,0.519418,0.001331,
0.322240,0.037523,0.419181,-0.001802,
0.342588,0.037430,0.019012,-0.000231,
0.327832,0.035721,0.012590,0.001166,
0.327778,0.035878,-0.011652,0.001867,
0.325551,0.036034,-0.031061,0.001313,
0.322462,0.036000,-0.030451,-0.001698,
0.315909,0.035910,-0.094622,-0.000210,
TIME: 1891 - SYSTEM: Plan 461
0.025942,0.000321,0.387192,0.031057,
0.074867,0.004380,0.571137,0.048296,
0.135465,0.009540,0.629888,0.053916,
0.190910,0.014670,0.485496,0.048607,
0.205496,0.018561,-0.142967,0.030327,
0.177262,0.017050,0.019708,0.025572,
0.179644,0.020418,0.027082,0.040259,
0.184450,0.024739,0.065374,0.045340,
0.191013,0.029221,0.065238,0.043914,
0.196096,0.032534,0.038179,0.023815,
0.163289,0.027424,0.033868,0.018788,
0.165358,0.029883,0.009347,0.029399,
0.165983,0.033048,0.003575,0.033440,
0.166381,0.036353,0.004277,0.032104,
0.164458,0.039007,-0.038941,0.021673,
0.178396,0.037228,0.390114,0.001197,
0.223907,0.037392,0.505966,0.001915,
0.275490,0.037549,0.519417,0.001331,
0.322238,0.037511,0.419202,-0.001803,
0.342590,0.037416,0.019076,-0.000231,
0.327834,0.035707,0.012587,0.001166,
0.327779,0.035865,-0.011656,0.001867,
0.325551,0.036019,-0.031066,0.001311,
0.322462,0.035988,-0.030455,-0.001696,
0.315909,0.035895,-0.094624,-0.000209,
TIME: 1895 - SYSTEM: Plan 462
0.025942,0.000321,0.387191,0.031057,
0.074867,0.004380,0.571136,0.048298,
0.135465,0.009539,0.629887,0.053917,
0.190910,0.014669,0.485495,0.048608,
0.205496,0.018558,-0.142966,0.030328,
0.177262,0.017044,0.019707,0.025572,
0.179644,0.020419,0.027081,0.040262,
0.184450,0.024742,0.065374,0.045340,
0.191012,0.029218,0.065238,0.043913,
0.196096,0.032538,0.038179,0.023807,
0.163289,0.027424,0.033872,0.018793,
0.165358,0.029895,0.009354,0.029403,
0.165984,0.033051,0.003576,0.033446,
0.166382,0.036344,0.004282,0.032113,
0.164460,0.039005,-0.038928,0.021682,
0.178396,0.037228,0.390110,0.001198,
0.223909,0.037386,0.505963,0.001914,
0.275491,0.037546,0.519410,0.001331,
0.322238,0.037509,0.419191,-0.001801,
0.342589,0.037414,0.019058,-0.000230,
0.327833,0.035705,0.012588,0.001164,
0.327779,0.035859,-0.011654,0.001865,
0.325551,0.036020,-0.031064,0.001313,
0.322462,0.035985,-0.030453,-0.001697,
0.315909,0.035894,-0.094623,-0.000209,
TIME: 1899 - SYSTEM: Plan 463
0.025942,0.000321,0.387192,0.031058,
0.074867,0.004380,0.571136,0.048296,
0.135465,0.009540,0.629888,0.053915,
0.190910,0.014670,0.485496,0.048607,
0.205496,0.018561,-0.142966,0.030327,
0.177262,0.017046,0.019708,0.025573,
0.179644,0.020418,0.027082,0.040260,
0.184450,0.024743,0.065374,0.045342,
0.191013,0.029222,0.065238,0.043914,
0.196096,0.032535,0.038179,0.023814,
0.163289,0.027425,0.033870,0.018797,
0.165358,0.029885,0.009352,0.029393,
0.165984,0.033067,0.003576,0.033441,
0.166381,0.036358,0.004279,0.032095,
0.164459,0.039009,-0.038935,0.021661,
0.178396,0.037230,0.390110,0.001198,
0.223908,0.037390,0.505962,0.001913,
0.275490,0.037552,0.519412,0.001332,
0.322236,0.037515,0.419206,-0.001802,
0.342590,0.037420,0.019094,-0.000232,
0.327834,0.035713,0.012585,0.001166,
0.327779,0.035868,-0.011658,0.001862,
0.325551,0.036027,-0.031067,0.001309,
0.322462,0.035991,-0.030456,-0.001698,
0.315909,0.035900,-0.094625,-0.000211,
TIME: 1903 - SYSTEM: Plan 464
0.025942,0.000322,0.387191,0.031057,
0.074867,0.004380,0.571136,0.048297,
0.135465,0.009540,0.629887,0.053915,
0.190910,0.014670,0.485496,0.048607,
0.205496,0.018560,-0.142966,0.030328,
0.177262,0.017046,0.019707,0.025569,
0.179644,0.020418,0.027080,0.040261,
0.184449,0.024742,0.065373,0.045340,
0.191012,0.029220,0.065237,0.043916,
0.196096,0.032535,0.038179,0.023836,
0.163289,0.027425,0.033871,0.018778,
0.165358,0.029892,0.009354,0.029368,
0.165984,0.033063,0.003576,0.033415,
0.166382,0.036362,0.004275,0.032072,
0.164459,0.039008,-0.038944,0.021638,
0.178395,0.037230,0.390107,0.001198,
0.223906,0.037391,0.505956,0.001913,
0.275488,0.037555,0.519409,0.001333,
0.322235,0.037517,0.419216,-0.001803,
0.342591,0.037419,0.019136,-0.000233,
0.327835,0.035713,0.012584,0.001165,
0.327780,0.035868,-0.011660,0.001862,
0.325551,0.036022,-0.031070,0.001308,
0.322462,0.035990,-0.030459,-0.001699,
0.315908,0.035897,-0.094626,-0.000211,
TIME: 1907 - SYSTEM: Plan 465
0.025942,0.000321,0.387191,0.031057,
0.074867,0.004379,0.571136,0.048297,
0.135465,0.009539,0.629888,0.053916,
0.190910,0.014670,0.485496,0.048608,
0.205496,0.018561,-0.142965,0.030328,
0.177262,0.017044,0.019708,0.025573,
0.179644,0.020421,0.027082,0.040259,
0.184450,0.024742,0.065374,0.045339,
0.191013,0.029224,0.065238,0.043915,
0.196096,0.032540,0.038179,0.023829,
0.163289,0.027433,0.033870,0.018780,
0.165358,0.029886,0.009352,0.029371,
0.165984,0.033064,0.003576,0.033416,
0.166381,0.036339,0.004276,0.032082,
0.164459,0.039021,-0.038942,0.021659,
0.178396,0.037243,0.390112,0.001198,
0.223907,0.037403,0.505965,0.001913,
0.275488,0.037563,0.519415,0.001332,
0.322236,0.037525,0.419208,-0.001801,
0.342589,0.037427,0.019104,-0.000230,
0.327833,0.035720,0.012588,0.001164,
0.327779,0.035877,-0.011654,0.001861,
0.325551,0.036033,-0.031063,0.001309,
0.322462,0.036000,-0.030452,-0.001701,
0.315909,0.035910,-0.094623,-0.000213,
TIME: 1911 - SYSTEM: Plan 466
0.025942,0.000321,0.387192,0.031057,
0.074867,0.004379,0.571137,0.048297,
0.135465,0.009540,0.629888,0.053916,
0.190910,0.014669,0.485496,0.048608,
0.205496,0.018560,-0.142966,0.030328,
0.177262,0.017046,0.019707,0.025572,
0.179644,0.020416,0.027081,0.040261,
0.184449,0.024741,0.065374,0.045341,
0.191012,0.029220,0.065238,0.043914,
0.196096,0.032535,0.038179,0.023817,
0.163289,0.027425,0.033871,0.018794,
0.165359,0.029884,0.009355,0.029400,
0.165984,0.033064,0.003576,0.033434,
0.166382,0.036348,0.004280,0.032100,
0.164460,0.039019,-0.038932,0.021670,
0.178397,0.037240,0.390109,0.001198,
0.223909,0.037399,0.505960,0.001915,
0.275491,0.037563,0.519411,0.001332,
0.322238,0.037528,0.419199,-0.001801,
0.342589,0.037434,0.019079,-0.000233,
0.327834,0.035725,0.012587,0.001165,
0.327779,0.035879,-0.011656,0.001864,
0.325551,0.036039,-0.031065,0.001313,
0.322462,0.036006,-0.030454,-0.001696,
0.315909,0.035916,-0.094624,-0.000210,
TIME: 1915 - SYSTEM: Plan 467
0.025942,0.000321,0.387191,0.031057,
0.074867,0.004380,0.571136,0.048297,
0.135465,0.009539,0.629888,0.053916,
0.190910,0.014670,0.485496,0.048607,
0.205496,0.018561,-0.142966,0.030328,
0.177262,0.017047,0.019707,0.025578,
0.179644,0.020418,0.027081,0.040259,
0.184449,0.024740,0.065373,0.045339,
0.191012,0.029217,0.065238,0.043912,
0.196096,0.032529,0.038179,0.023785,
0.163289,0.027420,0.033874,0.018811,
0.165359,0.029887,0.009358,0.029420,
0.165984,0.033051,0.003575,0.033470,
0.166383,0.036347,0.004288,0.032138,
0.164462,0.039009,-0.038911,0.021698,
0.178399,0.037231,0.390117,0.001198,
0.223912,0.037392,0.505973,0.001913,
0.275494,0.037553,0.519417,0.001330,
0.322240,0.037511,0.419187,-0.001803,
0.342588,0.037419,0.019026,-0.000230,
0.327833,0.035712,0.012590,0.001167,
0.327778,0.035867,-0.011652,0.001863,
0.325551,0.036021,-0.031061,0.001310,
0.322462,0.035988,-0.030450,-0.001698,
0.315909,0.035898,-0.094622,-0.000210,
TIME: 1919 - SYSTEM: Plan 468
0.025942,0.000321,0.387192,0.031057,
0.074867,0.004380,0.571137,0.048296,
0.135465,0.009541,0.629888,0.053915,
0.190910,0.014671,0.485496,0.048607,
0.205497,0.018561,-0.142967,0.030327,
0.177262,0.017046,0.019708,0.025575,
0.179644,0.020418,0.027082,0.040261,
0.184450,0.024743,0.065375,0.045341,
0.191013,0.029217,0.065238,0.043916,
0.196097,0.032536,0.038179,0.023854,
0.163289,0.027426,0.033866,0.018773,
0.165358,0.029882,0.009346,0.029358,
0.165983,0.033058,0.003577,0.033390,
0.166380,0.036340,0.004269,0.032056,
0.164456,0.038996,-0.038964,0.021640,
0.178393,0.037218,0.390106,0.001197,
0.223904,0.037379,0.505955,0.001914,
0.275486,0.037540,0.519411,0.001330,
0.322234,0.037500,0.419217,-0.001800,
0.342590,0.037408,0.019141,-0.000231,
0.327834,0.035701,0.012586,0.001167,
0.327779,0.035854,-0.011657,0.001865,
0.325551,0.036011,-0.031066,0.001312,
0.322462,0.035977,-0.030456,-0.001696,
0.315909,0.035887,-0.094625,-0.000210,
TIME: 1923 - SYSTEM: Plan 469
0.025942,0.000321,0.387191,0.031057,
0.074867,0.004381,0.571136,0.048297,
0.135465,0.009541,0.629888,0.053915,
0.190910,0.014671,0.485496,0.048607,
0.205497,0.018562,-0.142965,0.030327,
0.177262,0.017048,0.019708,0.025573,
0.179644,0.020420,0.027083,0.040261,
0.184450,0.024743,0.065375,0.045338,
0.191013,0.029223,0.065238,0.043913,
0.196097,0.032537,0.038180,0.023803,
0.163289,0.027433,0.033865,0.018799,
0.165358,0.029898,0.009341,0.029404,
0.165983,0.033072,0.003573,0.033445,
0.166380,0.036365,0.004276,0.032101,
0.164458,0.039025,-0.038942,0.021668,
0.178394,0.037246,0.390118,0.001197,
0.223907,0.037406,0.505972,0.001914,
0.275490,0.037568,0.519422,0.001332,
0.322238,0.037528,0.419210,-0.001802,
0.342590,0.037435,0.019083,-0.000232,
0.327834,0.035726,0.012585,0.001165,
0.327779,0.035882,-0.011658,0.001862,
0.325552,0.036038,-0.031068,0.001310,
0.322462,0.036003,-0.030457,-0.001698,
0.315909,0.035915,-0.094625,-0.000209,
TIME: 1927 - SYSTEM: Plan 470
0.025942,0.000320,0.387194,0.031058,
0.074868,0.004379,0.571139,0.048297,
0.135465,0.009539,0.629891,0.053916,
0.190910,0.014671,0.485498,0.048608,
0.205497,0.018562,-0.142966,0.030328,
0.177262,0.017047,0.019709,0.025573,
0.179644,0.020421,0.027084,0.040263,
0.184450,0.024746,0.065376,0.045339,
0.191014,0.029223,0.065239,0.043914,
0.196097,0.032541,0.038179,0.023816,
0.163289,0.027428,0.033863,0.018786,
0.165358,0.029890,0.009339,0.029382,
0.165982,0.033069,0.003573,0.033432,
0.166380,0.036365,0.004273,0.032097,
0.164456,0.039028,-0.038952,0.021666,
0.178393,0.037247,0.390116,0.001197,
0.223906,0.037406,0.505969,0.001912,
0.275489,0.037570,0.519419,0.001331,
0.322236,0.037534,0.419208,-0.001802,
0.342590,0.037439,0.019090,-0.000232,
0.327834,0.035731,0.012586,0.001166,
0.327779,0.035890,-0.011657,0.001865,
0.325551,0.036046,-0.031067,0.001310,
0.322462,0.036012,-0.030455,-0.001700,
0.315909,0.035927,-0.094624,-0.000213,
TIME: 1931 - SYSTEM: Plan 471
0.025942,0.000322,0.387192,0.031057,
0.074867,0.004380,0.571138,0.048298,
0.135465,0.009540,0.629889,0.053917,
0.190910,0.014671,0.485496,0.048608,
0.205497,0.018562,-0.142966,0.030327,
0.177262,0.017047,0.019709,0.025572,
0.179644,0.020420,0.027083,0.040260,
0.184450,0.024745,0.065376,0.045337,
0.191013,0.029227,0.065239,0.043912,
0.196097,0.032548,0.038180,0.023800,
0.163289,0.027428,0.033864,0.018798,
0.165358,0.029891,0.009339,0.029394,
0.165983,0.033068,0.003573,0.033446,
0.166380,0.036361,0.004277,0.032114,
0.164457,0.039026,-0.038943,0.021682,
0.178394,0.037244,0.390118,0.001197,
0.223908,0.037403,0.505975,0.001914,
0.275491,0.037568,0.519422,0.001332,
0.322238,0.037529,0.419201,-0.001800,
0.342589,0.037430,0.019061,-0.000227,
0.327833,0.035721,0.012588,0.001165,
0.327779,0.035874,-0.011655,0.001863,
0.325551,0.036034,-0.031064,0.001311,
0.322462,0.036003,-0.030453,-0.001696,
0.315909,0.035913,-0.094623,-0.000209,
TIME: 1935 - SYSTEM: Plan 472
0.025942,0.000321,0.387191,0.031057,
0.074867,0.004380,0.571136,0.048296,
0.135465,0.009539,0.629887,0.053915,
0.190910,0.014668,0.485495,0.048608,
0.205496,0.018559,-0.142966,0.030329,
0.177262,0.017043,0.019708,0.025574,
0.179644,0.020420,0.027082,0.040260,
0.184450,0.024738,0.065375,0.045338,
0.191013,0.029220,0.065238,0.043915,
0.196096,0.032539,0.038179,0.023835,
0.163289,0.027435,0.033867,0.018785,
0.165358,0.029891,0.009348,0.029377,
0.165983,0.033074,0.003575,0.033421,
0.166381,0.036360,0.004273,0.032073,
0.164457,0.039022,-0.038951,0.021643,
0.178394,0.037243,0.390112,0.001199,
0.223906,0.037401,0.505962,0.001914,
0.275487,0.037563,0.519415,0.001333,
0.322235,0.037525,0.419220,-0.001798,
0.342591,0.037430,0.019129,-0.000228,
0.327835,0.035720,0.012585,0.001166,
0.327780,0.035874,-0.011658,0.001864,
0.325552,0.036034,-0.031068,0.001312,
0.322462,0.035999,-0.030457,-0.001698,
0.315908,0.035910,-0.094627,-0.000209,
TIME: 1938 - SYSTEM: Plan 473
0.025942,0.000321,0.387192,0.031057,
0.074867,0.004380,0.571137,0.048296,
0.135465,0.009541,0.629888,0.053915,
0.190910,0.014671,0.485496,0.048607,
0.205496,0.018561,-0.142965,0.030327,
0.177262,0.017050,0.019708,0.025574,
0.179644,0.020417,0.027082,0.040262,
0.184450,0.024739,0.065375,0.045342,
0.191013,0.029220,0.065238,0.043915,
0.196096,0.032532,0.038179,0.023831,
0.163289,0.027418,0.033868,0.018794,
0.165358,0.029877,0.009349,0.029390,
0.165983,0.033048,0.003576,0.033429,
0.166381,0.036354,0.004274,0.032091,
0.164458,0.039001,-0.038948,0.021659,
0.178395,0.037224,0.390110,0.001198,
0.223907,0.037385,0.505961,0.001913,
0.275489,0.037546,0.519412,0.001330,
0.322236,0.037508,0.419207,-0.001802,
0.342590,0.037415,0.019099,-0.000232,
0.327834,0.035708,0.012584,0.001165,
0.327780,0.035862,-0.011659,0.001862,
0.325551,0.036020,-0.031069,0.001312,
0.322462,0.035984,-0.030457,-0.001697,
0.315909,0.035897,-0.094625,-0.000210,
TIME: 1942 - SYSTEM: Plan 474
0.025942,0.000321,0.387191,0.031057,
0.074867,0.004379,0.571136,0.048296,
0.135465,0.009539,0.629887,0.053916,
0.190910,0.014669,0.485495,0.048608,
0.205496,0.018560,-0.142966,0.030328,
0.177262,0.017045,0.019707,0.025576,
0.179644,0.020416,0.027081,0.040263,
0.184450,0.024744,0.065374,0.045340,
0.191012,0.029221,0.065238,0.043916,
0.196096,0.032538,0.038179,0.023857,
0.163289,0.027425,0.033871,0.018764,
0.165358,0.029900,0.009355,0.029343,
0.165984,0.033070,0.003577,0.033377,
0.166382,0.036346,0.004272,0.032040,
0.164458,0.039003,-0.038953,0.021626,
0.178394,0.037225,0.390100,0.001197,
0.223905,0.037386,0.505946,0.001913,
0.275485,0.037547,0.519403,0.001328,
0.322233,0.037511,0.419217,-0.001803,
0.342590,0.037419,0.019164,-0.000234,
0.327834,0.035710,0.012586,0.001169,
0.327779,0.035867,-0.011658,0.001862,
0.325551,0.036022,-0.031067,0.001309,
0.322462,0.035987,-0.030456,-0.001698,
0.315909,0.035898,-0.094625,-0.000211,
TIME: 1946 - SYSTEM: Plan 475
0.025942,0.000321,0.387192,0.031057,
0.074867,0.004381,0.571137,0.048296,
0.135465,0.009541,0.629889,0.053916,
0.190910,0.014671,0.485497,0.048608,
0.205497,0.018562,-0.142965,0.030328,
0.177262,0.017047,0.019709,0.025573,
0.179644,0.020421,0.027084,0.040263,
0.184451,0.024746,0.065377,0.045339,
0.191014,0.029223,0.065239,0.043914,
0.196097,0.032541,0.038180,0.023816,
0.163289,0.027430,0.033860,0.018784,
0.165357,0.029895,0.009333,0.029378,
0.165982,0.033078,0.003573,0.033424,
0.166379,0.036373,0.004270,0.032081,
0.164455,0.039027,-0.038960,0.021651,
0.178393,0.037249,0.390116,0.001197,
0.223905,0.037408,0.505968,0.001910,
0.275487,0.037568,0.519420,0.001331,
0.322236,0.037532,0.419218,-0.001801,
0.342591,0.037435,0.019117,-0.000231,
0.327835,0.035728,0.012583,0.001167,
0.327780,0.035886,-0.011661,0.001865,
0.325551,0.036039,-0.031071,0.001312,
0.322462,0.036004,-0.030459,-0.001697,
0.315908,0.035914,-0.094626,-0.000209,
TIME: 1949 - SYSTEM: Plan 476
0.025942,0.000321,0.387192,0.031058,
0.074867,0.004380,0.571137,0.048297,
0.135465,0.009540,0.629888,0.053916,
0.190910,0.014670,0.485496,0.048607,
0.205496,0.018560,-0.142966,0.030328,
0.177262,0.017046,0.019708,0.025574,
0.179644,0.020416,0.027082,0.040262,
0.184450,0.024741,0.065374,0.045341,
0.191013,0.029220,0.065238,0.043913,
0.196096,0.032535,0.038179,0.023818,
0.163289,0.027422,0.033868,0.018787,
0.165358,0.029890,0.009349,0.029386,
0.165983,0.033054,0.003575,0.033432,
0.166381,0.036335,0.004277,0.032095,
0.164458,0.039002,-0.038941,0.021670,
0.178396,0.037224,0.390113,0.001197,
0.223907,0.037384,0.505966,0.001914,
0.275490,0.037545,0.519415,0.001331,
0.322236,0.037507,0.419202,-0.001803,
0.342589,0.037415,0.019083,-0.000232,
0.327833,0.035709,0.012588,0.001166,
0.327779,0.035863,-0.011655,0.001863,
0.325551,0.036018,-0.031064,0.001311,
0.322462,0.035985,-0.030454,-0.001697,
0.315909,0.035894,-0.094623,-0.000209,
TIME: 1954 - SYSTEM: Plan 477
0.025942,0.000321,0.387192,0.031058,
0.074867,0.004380,0.571137,0.048297,
0.135465,0.009540,0.629889,0.053916,
0.190910,0.014670,0.485496,0.048607,
0.205497,0.018560,-0.142966,0.030328,
0.177262,0.017046,0.019708,0.025574,
0.179644,0.020417,0.027082,0.040263,
0.184450,0.024744,0.065375,0.045341,
0.191013,0.029219,0.065239,0.043916,
0.196097,0.032537,0.038179,0.023855,
0.163289,0.027430,0.033864,0.018768,
0.165358,0.029892,0.009341,0.029361,
0.165983,0.033069,0.003575,0.033395,
0.166380,0.036358,0.004266,0.032042,
0.164455,0.038997,-0.038970,0.021622,
0.178392,0.037217,0.390107,0.001199,
0.223904,0.037378,0.505954,0.001915,
0.275484,0.037536,0.519412,0.001333,
0.322233,0.037499,0.419229,-0.001798,
0.342592,0.037406,0.019169,-0.000226,
0.327835,0.035700,0.012582,0.001166,
0.327780,0.035853,-0.011663,0.001865,
0.325552,0.036010,-0.031073,0.001312,
0.322462,0.035975,-0.030462,-0.001695,
0.315908,0.035882,-0.094628,-0.000208,
TIME: 1958 - SYSTEM: Plan 478
0.025942,0.000321,0.387192,0.031057,
0.074867,0.004380,0.571137,0.048297,
0.135465,0.009539,0.629889,0.053916,
0.190910,0.014670,0.485497,0.048608,
0.205497,0.018560,-0.142965,0.030329,
0.177262,0.017048,0.019709,0.025570,
0.179644,0.020416,0.027083,0.040260,
0.184450,0.024749,0.065376,0.045339,
0.191013,0.029223,0.065239,0.043913,
0.196097,0.032541,0.038180,0.023813,
0.163289,0.027428,0.033864,0.018789,
0.165358,0.029896,0.009341,0.029393,
0.165983,0.033058,0.003574,0.033438,
0.166380,0.036348,0.004275,0.032107,
0.164457,0.039019,-0.038948,0.021677,
0.178394,0.037240,0.390118,0.001198,
0.223907,0.037403,0.505973,0.001913,
0.275490,0.037563,0.519421,0.001330,
0.322237,0.037530,0.419202,-0.001804,
0.342589,0.037433,0.019070,-0.000236,
0.327833,0.035724,0.012588,0.001165,
0.327779,0.035880,-0.011655,0.001863,
0.325551,0.036036,-0.031064,0.001310,
0.322462,0.036004,-0.030453,-0.001699,
0.315909,0.035912,-0.094623,-0.000210,
TIME: 1962 - SYSTEM: Plan 479
0.025942,0.000321,0.387192,0.031057,
0.074867,0.004380,0.571137,0.048296,
0.135465,0.009540,0.629888,0.053915,
0.190910,0.014670,0.485496,0.048607,
0.205496,0.018560,-0.142966,0.030328,
0.177262,0.017047,0.019708,0.025571,
0.179644,0.020420,0.027082,0.040260,
0.184450,0.024747,0.065374,0.045338,
0.191013,0.029221,0.065238,0.043913,
0.196096,0.032538,0.038179,0.023793,
0.163289,0.027428,0.033868,0.018803,
0.165358,0.029908,0.009347,0.029409,
0.165983,0.033073,0.003574,0.033450,
0.166381,0.036372,0.004281,0.032108,
0.164459,0.039039,-0.038929,0.021670,
0.178396,0.037257,0.390115,0.001198,
0.223909,0.037419,0.505968,0.001916,
0.275492,0.037579,0.519418,0.001331,
0.322238,0.037541,0.419205,-0.001802,
0.342590,0.037443,0.019078,-0.000229,
0.327834,0.035733,0.012585,0.001165,
0.327779,0.035887,-0.011658,0.001863,
0.325551,0.036046,-0.031068,0.001310,
0.322462,0.036012,-0.030457,-0.001694,
0.315909,0.035920,-0.094625,-0.000206,
TIME: 1966 - SYSTEM: Plan 480
0.025942,0.000321,0.387192,0.031058,
0.074867,0.004380,0.571137,0.048296,
0.135465,0.009541,0.629889,0.053916,
0.190910,0.014670,0.485496,0.048606,
0.205497,0.018560,-0.142966,0.030328,
0.177262,0.017045,0.019708,0.025573,
0.179644,0.020416,0.027083,0.040261,
0.184450,0.024743,0.065375,0.045339,
0.191013,0.029222,0.065238,0.043915,
0.196097,0.032539,0.038179,0.023839,
0.163289,0.027425,0.033864,0.018781,
0.165358,0.029881,0.009341,0.029374,
0.165983,0.033044,0.003575,0.033407,
0.166380,0.036337,0.004269,0.032073,
0.164456,0.038983,-0.038962,0.021657,
0.178392,0.037205,0.390112,0.001199,
0.223905,0.037362,0.505964,0.001915,
0.275487,0.037519,0.519418,0.001333,
0.322235,0.037482,0.419212,-0.001796,
0.342590,0.037386,0.019111,-0.000223,
0.327834,0.035679,0.012587,0.001165,
0.327779,0.035835,-0.011656,0.001866,
0.325551,0.035992,-0.031065,0.001312,
0.322462,0.035956,-0.030455,-0.001696,
0.315909,0.035868,-0.094624,-0.000210,
TIME: 1970 - SYSTEM: Plan 481
0.025942,0.000321,0.387191,0.031057,
0.074867,0.004381,0.571136,0.048297,
0.135465,0.009540,0.629887,0.053916,
0.190910,0.014671,0.485495,0.048608,
0.205496,0.018562,-0.142966,0.030327,
0.177262,0.017048,0.019707,0.025572,
0.179644,0.020421,0.027081,0.040260,
0.184450,0.024744,0.065374,0.045338,
0.191012,0.029226,0.065238,0.043912,
0.196096,0.032549,0.038179,0.023801,
0.163289,0.027432,0.033871,0.018800,
0.165358,0.029900,0.009353,0.029404,
0.165984,0.033065,0.003576,0.033440,
0.166382,0.036355,0.004283,0.032105,
0.164460,0.039023,-0.038926,0.021675,
0.178397,0.037244,0.390112,0.001199,
0.223909,0.037404,0.505965,0.001915,
0.275491,0.037566,0.519415,0.001331,
0.322238,0.037528,0.419198,-0.001803,
0.342589,0.037430,0.019071,-0.000231,
0.327833,0.035722,0.012587,0.001165,
0.327779,0.035883,-0.011655,0.001861,
0.325551,0.036040,-0.031065,0.001309,
0.322462,0.036007,-0.030454,-0.001701,
0.315909,0.035919,-0.094623,-0.000215,
TIME: 1973 - SYSTEM: Plan 482
0.025942,0.000321,0.387193,0.031057,
0.074868,0.004379,0.571139,0.048297,
0.135465,0.009539,0.629890,0.053916,
0.190910,0.014671,0.485497,0.048608,
0.205497,0.018561,-0.142966,0.030328,
0.177262,0.017046,0.019710,0.025575,
0.179644,0.020418,0.027085,0.040261,
0.184451,0.024743,0.065377,0.045341,
0.191014,0.029217,0.065240,0.043916,
0.196098,0.032536,0.038180,0.023854,
0.163289,0.027426,0.033858,0.018773,
0.165357,0.029882,0.009331,0.029358,
0.165982,0.033058,0.003574,0.033390,
0.166378,0.036340,0.004262,0.032056,
0.164453,0.038996,-0.038982,0.021640,
0.178390,0.037219,0.390112,0.001198,
0.223902,0.037377,0.505964,0.001916,
0.275485,0.037539,0.519420,0.001336,
0.322234,0.037500,0.419225,-0.001798,
0.342590,0.037407,0.019143,-0.000229,
0.327834,0.035699,0.012586,0.001166,
0.327779,0.035857,-0.011657,0.001865,
0.325551,0.036017,-0.031067,0.001309,
0.322462,0.035982,-0.030456,-0.001701,
0.315909,0.035890,-0.094626,-0.000215,
TIME: 1977 - SYSTEM: Plan 483
0.025942,0.000321,0.387192,0.031057,
0.074867,0.004379,0.571136,0.048299,
0.135465,0.009540,0.629888,0.053916,
0.190910,0.014671,0.485496,0.048609,
0.205497,0.018561,-0.142966,0.030328,
0.177262,0.017046,0.019708,0.025573,
0.179644,0.020418,0.027083,0.040259,
0.184450,0.024743,0.065375,0.045342,
0.191013,0.029222,0.065238,0.043913,
0.196097,0.032535,0.038179,0.023814,
0.163289,0.027422,0.033867,0.018788,
0.165358,0.029894,0.009346,0.029395,
0.165983,0.033064,0.003575,0.033441,
0.166381,0.036361,0.004276,0.032100,
0.164458,0.039019,-0.038942,0.021664,
0.178395,0.037241,0.390115,0.001197,
0.223908,0.037402,0.505967,0.001912,
0.275489,0.037568,0.519417,0.001330,
0.322237,0.037529,0.419208,-0.001803,
0.342590,0.037434,0.019090,-0.000235,
0.327834,0.035725,0.012585,0.001166,
0.327779,0.035880,-0.011659,0.001860,
0.325551,0.036037,-0.031068,0.001310,
0.322462,0.036005,-0.030457,-0.001700,
0.315909,0.035912,-0.094625,-0.000212,
TIME: 1980 - SYSTEM: Plan 484
0.025942,0.000321,0.387191,0.031059,
0.074867,0.004381,0.571136,0.048298,
0.135465,0.009540,0.629888,0.053915,
0.190910,0.014670,0.485496,0.048606,
0.205496,0.018561,-0.142966,0.030328,
0.177262,0.017045,0.019708,0.025576,
0.179644,0.020422,0.027082,0.040259,
0.184450,0.024745,0.065374,0.045340,
0.191013,0.029222,0.065238,0.043914,
0.196096,0.032538,0.038179,0.023813,
0.163289,0.027428,0.033868,0.018795,
0.165358,0.029908,0.009349,0.029395,
0.165983,0.033070,0.003575,0.033433,
0.166381,0.036354,0.004278,0.032090,
0.164459,0.039028,-0.038938,0.021662,
0.178396,0.037248,0.390111,0.001197,
0.223908,0.037405,0.505962,0.001913,
0.275490,0.037563,0.519414,0.001334,
0.322237,0.037528,0.419207,-0.001798,
0.342590,0.037429,0.019095,-0.000226,
0.327834,0.035720,0.012585,0.001165,
0.327779,0.035873,-0.011658,0.001862,
0.325551,0.036032,-0.031067,0.001308,
0.322462,0.035998,-0.030456,-0.001701,
0.315909,0.035907,-0.094625,-0.000211,
TIME: 1984 - SYSTEM: Plan 485
0.025942,0.000321,0.387192,0.031057,
0.074867,0.004380,0.571137,0.048297,
0.135465,0.009539,0.629889,0.053915,
0.190910,0.014669,0.485497,0.048607,
0.205497,0.018560,-0.142966,0.030329,
0.177262,0.017044,0.019709,0.025573,
0.179644,0.020415,0.027083,0.040260,
0.184450,0.024740,0.065376,0.045339,
0.191013,0.029219,0.065239,0.043917,
0.196097,0.032537,0.038180,0.023855,
0.163289,0.027420,0.033861,0.018773,
0.165358,0.029886,0.009337,0.029354,
0.165982,0.033055,0.003575,0.033394,
0.166379,0.036339,0.004264,0.032058,
0.164454,0.038991,-0.038975,0.021640,
0.178391,0.037214,0.390110,0.001198,
0.223903,0.037376,0.505961,0.001913,
0.275486,0.037536,0.519416,0.001332,
0.322234,0.037501,0.419221,-0.001801,
0.342590,0.037406,0.019141,-0.000233,
0.327834,0.035700,0.012586,0.001166,
0.327780,0.035853,-0.011657,0.001860,
0.325552,0.036010,-0.031067,0.001312,
0.322462,0.035978,-0.030456,-0.001695,
0.315909,0.035887,-0.094625,-0.000210,
TIME: 1988 - SYSTEM: Plan 486
0.025942,0.000321,0.387193,0.031059,
0.074867,0.004380,0.571138,0.048298,
0.135465,0.009540,0.629890,0.053916,
0.190910,0.014671,0.485497,0.048607,
0.205497,0.018562,-0.142966,0.030328,
0.177262,0.017048,0.019709,0.025572,
0.179644,0.020421,0.027084,0.040260,
0.184451,0.024744,0.065377,0.045338,
0.191014,0.029227,0.065240,0.043912,
0.196098,0.032549,0.038180,0.023801,
0.163290,0.027435,0.033860,0.018798,
0.165357,0.029898,0.009332,0.029402,
0.165982,0.033069,0.003572,0.033448,
0.166379,0.036362,0.004273,0.032110,
0.164456,0.039015,-0.038954,0.021676,
0.178393,0.037236,0.390121,0.001198,
0.223906,0.037398,0.505976,0.001917,
0.275490,0.037556,0.519425,0.001333,
0.322238,0.037518,0.419208,-0.001799,
0.342590,0.037424,0.019071,-0.000229,
0.327834,0.035715,0.012587,0.001165,
0.327779,0.035869,-0.011656,0.001865,
0.325551,0.036026,-0.031066,0.001311,
0.322462,0.035993,-0.030455,-0.001695,
0.315909,0.035898,-0.094625,-0.000205,
TIME: 1991 - SYSTEM: Plan 487
0.025942,0.000321,0.387192,0.031057,
0.074867,0.004380,0.571137,0.048296,
0.135465,0.009540,0.629888,0.053915,
0.190910,0.014669,0.485496,0.048608,
0.205496,0.018559,-0.142966,0.030329,
0.177262,0.017045,0.019708,0.025574,
0.179644,0.020415,0.027082,0.040258,
0.184450,0.024743,0.065375,0.045340,
0.191013,0.029221,0.065238,0.043914,
0.196096,0.032540,0.038179,0.023819,
0.163289,0.027427,0.033868,0.018788,
0.165358,0.029895,0.009348,0.029385,
0.165983,0.033064,0.003576,0.033422,
0.166381,0.036342,0.004277,0.032092,
0.164458,0.038996,-0.038942,0.021667,
0.178395,0.037218,0.390111,0.001199,
0.223908,0.037378,0.505964,0.001916,
0.275489,0.037536,0.519415,0.001333,
0.322236,0.037499,0.419203,-0.001800,
0.342589,0.037403,0.019088,-0.000230,
0.327833,0.035695,0.012588,0.001164,
0.327779,0.035850,-0.011654,0.001864,
0.325551,0.036004,-0.031063,0.001311,
0.322462,0.035970,-0.030453,-0.001696,
0.315909,0.035883,-0.094623,-0.000208,
TIME: 1995 - SYSTEM: Plan 488
0.025942,0.000321,0.387191,0.031057,
0.074867,0.004380,0.571136,0.048297,
0.135465,0.009539,0.629888,0.053916,
0.190910,0.014669,0.485496,0.048608,
0.205496,0.018560,-0.142966,0.030329,
0.177262,0.017044,0.019707,0.025571,
0.179643,0.020417,0.027081,0.040262,
0.184449,0.024741,0.065373,0.045340,
0.191012,0.029222,0.065238,0.043915,
0.196096,0.032540,0.038179,0.023838,
0.163289,0.027433,0.033872,0.018780,
0.165359,0.029889,0.009357,0.029371,
0.165984,0.033063,0.003577,0.033407,
0.166382,0.036353,0.004276,0.032064,
0.164460,0.039000,-0.038941,0.021645,
0.178396,0.037222,0.390101,0.001197,
0.223907,0.037381,0.505948,0.001916,
0.275487,0.037543,0.519401,0.001333,
0.322234,0.037506,0.419206,-0.001800,
0.342590,0.037410,0.019127,-0.000231,
0.327834,0.035704,0.012585,0.001167,
0.327779,0.035861,-0.011659,0.001863,
0.325551,0.036020,-0.031068,0.001307,
0.322462,0.035986,-0.030457,-0.001700,
0.315909,0.035893,-0.094625,-0.000214,
TIME: 1998 - SYSTEM: Plan 489
0.025942,0.000321,0.387191,0.031058,
0.074867,0.004380,0.571136,0.048297,
0.135465,0.009540,0.629888,0.053916,
0.190910,0.014671,0.485496,0.048608,
0.205496,0.018561,-0.142965,0.030328,
0.177262,0.017051,0.019707,0.025573,
0.179644,0.020418,0.027081,0.040261,
0.184450,0.024738,0.065374,0.045340,
0.191013,0.029223,0.065238,0.043915,
0.196096,0.032535,0.038179,0.023827,
0.163289,0.027421,0.033870,0.018782,
0.165358,0.029895,0.009352,0.029376,
0.165984,0.033061,0.003577,0.033414,
0.166381,0.036360,0.004277,0.032075,
0.164459,0.039012,-0.038941,0.021648,
0.178395,0.037234,0.390104,0.001197,
0.223907,0.037394,0.505953,0.001912,
0.275488,0.037552,0.519407,0.001331,
0.322236,0.037516,0.419208,-0.001802,
0.342590,0.037421,0.019120,-0.000230,
0.327834,0.035714,0.012586,0.001166,
0.327780,0.035870,-0.011657,0.001863,
0.325552,0.036024,-0.031066,0.001310,
0.322462,0.035989,-0.030455,-0.001697,
0.315909,0.035900,-0.094625,-0.000210,
TIME: 2002 - SYSTEM: Plan 490
0.025942,0.000321,0.387192,0.031058,
0.074867,0.004381,0.571137,0.048297,
0.135465,0.009540,0.629888,0.053915,
0.190910,0.014671,0.485496,0.048606,
0.205497,0.018562,-0.142965,0.030327,
0.177262,0.017048,0.019708,0.025574,
0.179644,0.020421,0.027082,0.040258,
0.184450,0.024745,0.065375,0.045338,
0.191013,0.029224,0.065239,0.043913,
0.196097,0.032546,0.038179,0.023805,
0.163289,0.027430,0.033866,0.018802,
0.165358,0.029892,0.009345,0.029409,
0.165983,0.033063,0.003574,0.033450,
0.166381,0.036362,0.004278,0.032115,
0.164458,0.039028,-0.038939,0.021675,
0.178395,0.037247,0.390121,0.001200,
0.223909,0.037405,0.505976,0.001916,
0.275491,0.037563,0.519426,0.001337,
0.322239,0.037528,0.419207,-0.001796,
0.342590,0.037435,0.019068,-0.000225,
0.327834,0.035726,0.012587,0.001164,
0.327779,0.035881,-0.011656,0.001863,
0.325551,0.036037,-0.031066,0.001309,
0.322462,0.036003,-0.030455,-0.001698,
0.315909,0.035913,-0.094625,-0.000208,
TIME: 2006 - SYSTEM: Plan 491
0.025942,0.000321,0.387193,0.031058,
0.074868,0.004381,0.571138,0.048297,
0.135465,0.009541,0.629889,0.053914,
0.190910,0.014670,0.485497,0.048606,
0.205497,0.018561,-0.142967,0.030327,
0.177262,0.017049,0.019710,0.025573,
0.179644,0.020416,0.027085,0.040260,
0.184451,0.024739,0.065377,0.045341,
0.191014,0.029221,0.065240,0.043915,
0.196098,0.032532,0.038180,0.023837,
0.163289,0.027422,0.033859,0.018778,
0.165357,0.029875,0.009332,0.029375,
0.165982,0.033046,0.003574,0.033415,
0.166379,0.036339,0.004266,0.032084,
0.164454,0.038994,-0.038972,0.021655,
0.178391,0.037216,0.390119,0.001198,
0.223905,0.037378,0.505973,0.001915,
0.275488,0.037537,0.519426,0.001333,
0.322236,0.037500,0.419219,-0.001801,
0.342590,0.037407,0.019111,-0.000231,
0.327834,0.035700,0.012586,0.001166,
0.327779,0.035858,-0.011657,0.001864,
0.325551,0.036017,-0.031067,0.001309,
0.322462,0.035981,-0.030456,-0.001700,
0.315909,0.035893,-0.094625,-0.000214,
TIME: 2009 - SYSTEM: Plan 492
0.025942,0.000321,0.387193,0.031058,
0.074868,0.004380,0.571138,0.048298,
0.135465,0.009539,0.629890,0.053917,
0.190910,0.014670,0.485497,0.048608,
0.205497,0.018561,-0.142966,0.030328,
0.177262,0.017048,0.019709,0.025572,
0.179644,0.020421,0.027084,0.040261,
0.184451,0.024745,0.065376,0.045339,
0.191014,0.029225,0.065239,0.043915,
0.196097,0.032538,0.038180,0.023824,
0.163289,0.027428,0.033861,0.018788,
0.165358,0.029888,0.009336,0.029385,
0.165982,0.033059,0.003573,0.033425,
0.166379,0.036352,0.004270,0.032088,
0.164455,0.039002,-0.038961,0.021662,
0.178392,0.037223,0.390111,0.001197,
0.223905,0.037388,0.505963,0.001914,
0.275488,0.037547,0.519415,0.001330,
0.322236,0.037510,0.419207,-0.001804,
0.342590,0.037419,0.019098,-0.000233,
0.327834,0.035709,0.012585,0.001166,
0.327780,0.035865,-0.011658,0.001866,
0.325552,0.036021,-0.031068,0.001313,
0.322462,0.035989,-0.030456,-0.001695,
0.315909,0.035898,-0.094625,-0.000209,
TIME: 2013 - SYSTEM: Plan 493
0.025942,0.000322,0.387191,0.031057,
0.074867,0.004381,0.571136,0.048296,
0.135465,0.009541,0.629888,0.053914,
0.190910,0.014671,0.485496,0.048606,
0.205496,0.018561,-0.142966,0.030327,
0.177262,0.017044,0.019707,0.025573,
0.179644,0.020421,0.027081,0.040259,
0.184449,0.024742,0.065374,0.045339,
0.191012,0.029224,0.065238,0.043915,
0.196096,0.032540,0.038179,0.023828,
0.163289,0.027427,0.033871,0.018782,
0.165358,0.029886,0.009355,0.029379,
0.165984,0.033048,0.003576,0.033424,
0.166382,0.036332,0.004277,0.032094,
0.164459,0.038985,-0.038938,0.021674,
0.178395,0.037208,0.390110,0.001199,
0.223908,0.037367,0.505962,0.001916,
0.275489,0.037525,0.519411,0.001335,
0.322237,0.037489,0.419196,-0.001797,
0.342588,0.037396,0.019077,-0.000227,
0.327832,0.035686,0.012589,0.001168,
0.327778,0.035840,-0.011653,0.001866,
0.325551,0.036000,-0.031062,0.001315,
0.322462,0.035963,-0.030451,-0.001694,
0.315909,0.035871,-0.094622,-0.000206,
TIME: 2017 - SYSTEM: Plan 494
0.025942,0.000321,0.387193,0.031057,
0.074868,0.004379,0.571138,0.048297,
0.135465,0.009539,0.629890,0.053917,
0.190910,0.014670,0.485497,0.048608,
0.205497,0.018560,-0.142966,0.030329,
0.177262,0.017044,0.019710,0.025572,
0.179644,0.020416,0.027085,0.040259,
0.184451,0.024739,0.065377,0.045340,
0.191014,0.029220,0.065240,0.043916,
0.196098,0.032538,0.038180,0.023851,
0.163289,0.027432,0.033858,0.018767,
0.165357,0.029891,0.009330,0.029357,
0.165982,0.033063,0.003573,0.033393,
0.166378,0.036350,0.004262,0.032057,
0.164453,0.039001,-0.038982,0.021636,
0.178390,0.037223,0.390112,0.001198,
0.223902,0.037382,0.505962,0.001912,
0.275484,0.037545,0.519418,0.001332,
0.322233,0.037506,0.419225,-0.001800,
0.342591,0.037412,0.019149,-0.000230,
0.327835,0.035705,0.012585,0.001166,
0.327780,0.035860,-0.011659,0.001864,
0.325552,0.036015,-0.031068,0.001313,
0.322462,0.035983,-0.030458,-0.001696,
0.315908,0.035890,-0.094627,-0.000209,
TIME: 2021 - SYSTEM: Plan 495
0.025942,0.000321,0.387192,0.031057,
0.074868,0.004380,0.571137,0.048297,
0.135465,0.009540,0.629888,0.053916,
0.190910,0.014670,0.485496,0.048607,
0.205496,0.018561,-0.142965,0.030328,
0.177262,0.017046,0.019708,0.025575,
0.179644,0.020418,0.027082,0.040262,
0.184450,0.024742,0.065374,0.045341,
0.191013,0.029217,0.065238,0.043916,
0.196096,0.032535,0.038179,0.023842,
0.163289,0.027428,0.033869,0.018781,
0.165358,0.029874,0.009350,0.029368,
0.165984,0.033057,0.003576,0.033402,
0.166381,0.036337,0.004273,0.032071,
0.164458,0.038998,-0.038952,0.021650,
0.178394,0.037219,0.390108,0.001197,
0.223906,0.037377,0.505958,0.001913,
0.275487,0.037537,0.519412,0.001334,
0.322235,0.037501,0.419211,-0.001798,
0.342589,0.037405,0.019120,-0.000226,
0.327834,0.035697,0.012587,0.001167,
0.327779,0.035852,-0.011656,0.001863,
0.325551,0.036011,-0.031065,0.001311,
0.322462,0.035978,-0.030454,-0.001699,
0.315909,0.035890,-0.094624,-0.000213,
TIME: 2025 - SYSTEM: Plan 496
0.025942,0.000321,0.387193,0.031057,
0.074868,0.004380,0.571139,0.048297,
0.135465,0.009539,0.629890,0.053916,
0.190910,0.014670,0.485498,0.048608,
0.205497,0.018559,-0.142966,0.030329,
0.177262,0.017045,0.019709,0.025573,
0.179644,0.020415,0.027084,0.040260,
0.184451,0.024737,0.065377,0.045339,
0.191014,0.029219,0.065240,0.043915,
0.196098,0.032535,0.038180,0.023846,
0.163289,0.027428,0.033859,0.018776,
0.165357,0.029887,0.009332,0.029366,
0.165982,0.033064,0.003574,0.033403,
0.166378,0.036342,0.004264,0.032066,
0.164453,0.039002,-0.038977,0.021645,
0.178391,0.037223,0.390115,0.001198,
0.223903,0.037382,0.505967,0.001914,
0.275486,0.037546,0.519422,0.001333,
0.322235,0.037508,0.419224,-0.001801,
0.342591,0.037410,0.019132,-0.000232,
0.327834,0.035704,0.012585,0.001165,
0.327780,0.035862,-0.011658,0.001862,
0.325551,0.036019,-0.031068,0.001308,
0.322462,0.035985,-0.030457,-0.001700,
0.315909,0.035892,-0.094626,-0.000213,
TIME: 2029 - SYSTEM: Plan 497
0.025942,0.000321,0.387192,0.031059,
0.074867,0.004381,0.571137,0.048299,
0.135465,0.009540,0.629888,0.053918,
0.190910,0.014671,0.485496,0.048608,
0.205497,0.018561,-0.142965,0.030328,
0.177262,0.017050,0.019708,0.025574,
0.179644,0.020416,0.027082,0.040262,
0.184450,0.024739,0.065375,0.045342,
0.191013,0.029220,0.065238,0.043916,
0.196097,0.032532,0.038179,0.023837,
0.163289,0.027419,0.033867,0.018785,
0.165358,0.029875,0.009346,0.029374,
0.165983,0.033041,0.003575,0.033414,
0.166380,0.036322,0.004272,0.032079,
0.164457,0.038978,-0.038954,0.021662,
0.178394,0.037199,0.390108,0.001197,
0.223906,0.037359,0.505960,0.001915,
0.275487,0.037519,0.519411,0.001334,
0.322235,0.037486,0.419204,-0.001798,
0.342589,0.037390,0.019100,-0.000230,
0.327833,0.035681,0.012587,0.001165,
0.327779,0.035838,-0.011655,0.001865,
0.325551,0.035996,-0.031065,0.001312,
0.322462,0.035959,-0.030454,-0.001697,
0.315909,0.035871,-0.094624,-0.000210,
TIME: 2033 - SYSTEM: Plan 498
0.025942,0.000321,0.387192,0.031057,
0.074867,0.004380,0.571137,0.048296,
0.135465,0.009540,0.629889,0.053915,
0.190910,0.014669,0.485496,0.048607,
0.205497,0.018560,-0.142966,0.030329,
0.177262,0.017045,0.019709,0.025575,
0.179644,0.020419,0.027083,0.040260,
0.184450,0.024746,0.065376,0.045338,
0.191013,0.029222,0.065239,0.043912,
0.196097,0.032539,0.038180,0.023784,
0.163289,0.027426,0.033863,0.018814,
0.165358,0.029901,0.009337,0.029426,
0.165982,0.033074,0.003572,0.033472,
0.166380,0.036361,0.004278,0.032133,
0.164457,0.039034,-0.038938,0.021689,
0.178395,0.037253,0.390124,0.001198,
0.223908,0.037414,0.505981,0.001914,
0.275492,0.037576,0.519428,0.001332,
0.322240,0.037541,0.419201,-0.001802,
0.342590,0.037444,0.019042,-0.000233,
0.327834,0.035734,0.012586,0.001166,
0.327779,0.035886,-0.011657,0.001863,
0.325551,0.036045,-0.031066,0.001312,
0.322462,0.036013,-0.030455,-0.001696,
0.315909,0.035923,-0.094625,-0.000207,
TIME: 2036 - SYSTEM: Plan 499
0.025942,0.000321,0.387192,0.031058,
0.074867,0.004380,0.571137,0.048297,
0.135465,0.009539,0.629888,0.053916,
0.190910,0.014669,0.485496,0.048607,
0.205497,0.018559,-0.142967,0.030328,
0.177262,0.017045,0.019708,0.025569,
0.179644,0.020419,0.027082,0.040262,
0.184450,0.024736,0.065375,0.045339,
0.191013,0.029223,0.065238,0.043916,
0.196096,0.032541,0.038179,0.023848,
0.163289,0.027434,0.033867,0.018777,
0.165358,0.029908,0.009347,0.029353,
0.165983,0.033074,0.003576,0.033385,
0.166380,0.036354,0.004270,0.032047,
0.164457,0.039012,-0.038959,0.021630,
0.178393,0.037233,0.390105,0.001199,
0.223905,0.037393,0.505954,0.001913,
0.275485,0.037558,0.519411,0.001332,
0.322233,0.037520,0.419222,-0.001802,
0.342590,0.037423,0.019157,-0.000233,
0.327834,0.035715,0.012584,0.001166,
0.327779,0.035871,-0.011659,0.001860,
0.325551,0.036026,-0.031069,0.001309,
0.322462,0.035992,-0.030458,-0.001698,
0.315908,0.035903,-0.094625,-0.000211,
TIME: 2040 - SYSTEM: Plan 500
0.025942,0.000321,0.387192,0.031057,
0.074867,0.004381,0.571137,0.048296,
0.135465,0.009541,0.629889,0.053915,
0.190910,0.014671,0.485497,0.048606,
0.205497,0.018562,-0.142965,0.030326,
0.177262,0.017048,0.019708,0.025575,
0.179644,0.020420,0.027083,0.040259,
0.184450,0.024744,0.065375,0.045339,
0.191013,0.029223,0.065238,0.043913,
0.196097,0.032540,0.038179,0.023809,
0.163289,0.027426,0.033864,0.018797,
0.165358,0.029894,0.009341,0.029399,
0.165983,0.033059,0.003574,0.033444,
0.166380,0.036341,0.004275,0.032110,
0.164457,0.039008,-0.038946,0.021677,
0.178394,0.037229,0.390118,0.001198,
0.223908,0.037393,0.505973,0.001915,
0.275491,0.037552,0.519422,0.001332,
0.322238,0.037514,0.419203,-0.001801,
0.342589,0.037422,0.019068,-0.000232,
0.327833,0.035713,0.012587,0.001166,
0.327779,0.035870,-0.011655,0.001866,
0.325551,0.036025,-0.031065,0.001311,
0.322462,0.035992,-0.030454,-0.001696,
0.315909,0.035901,-0.094624,-0.000208,
TIME: 2043 - SYSTEM: Plan 501
0.025942,0.000321,0.387192,0.031058,
0.074867,0.004379,0.571138,0.048297,
0.135465,0.009539,0.629889,0.053916,
0.190910,0.014670,0.485497,0.048607,
0.205497,0.018561,-0.142966,0.030328,
0.177262,0.017045,0.019709,0.025575,
0.179644,0.020421,0.027083,0.040261,
0.184450,0.024744,0.065376,0.045340,
0.191013,0.029221,0.065239,0.043914,
0.196097,0.032535,0.038180,0.023814,
0.163289,0.027419,0.033865,0.018787,
0.165358,0.029888,0.009342,0.029390,
0.165983,0.033062,0.003574,0.033434,
0.166380,0.036352,0.004274,0.032098,
0.164457,0.039017,-0.038948,0.021667,
0.178394,0.037237,0.390115,0.001197,
0.223907,0.037398,0.505967,0.001912,
0.275488,0.037557,0.519417,0.001330,
0.322236,0.037519,0.419205,-0.001801,
0.342590,0.037426,0.019087,-0.000230,
0.327834,0.035718,0.012586,0.001164,
0.327779,0.035876,-0.011657,0.001863,
0.325551,0.036028,-0.031067,0.001310,
0.322462,0.035997,-0.030456,-0.001698,
0.315909,0.035905,-0.094624,-0.000209,
TIME: 2047 - SYSTEM: Plan 502
0.025942,0.000321,0.387192,0.031058,
0.074868,0.004380,0.571138,0.048298,
0.135465,0.009540,0.629889,0.053916,
0.190910,0.014671,0.485497,0.048608,
0.205497,0.018562,-0.142966,0.030327,
0.177262,0.017046,0.019709,0.025573,
0.179644,0.020422,0.027083,0.040262,
0.184450,0.024746,0.065376,0.045340,
0.191013,0.029227,0.065239,0.043914,
0.196097,0.032541,0.038180,0.023819,
0.163289,0.027425,0.033864,0.018791,
0.165358,0.029905,0.009340,0.029394,
0.165983,0.033074,0.003574,0.033429,
0.166380,0.036365,0.004273,0.032089,
0.164456,0.039020,-0.038954,0.021653,
0.178393,0.037242,0.390117,0.001196,
0.223906,0.037400,0.505969,0.001913,
0.275488,0.037563,0.519423,0.001332,
0.322235,0.037523,0.419218,-0.001802,
0.342591,0.037428,0.019110,-0.000232,
0.327835,0.035719,0.012585,0.001168,
0.327780,0.035875,-0.011659,0.001864,
0.325552,0.036033,-0.031069,0.001310,
0.322462,0.035997,-0.030458,-0.001698,
0.315908,0.035908,-0.094627,-0.000211,
TIME: 2050 - SYSTEM: Plan 503
0.025942,0.000322,0.387193,0.031056,
0.074867,0.004381,0.571138,0.048297,
0.135465,0.009540,0.629889,0.053915,
0.190910,0.014671,0.485497,0.048607,
0.205497,0.018561,-0.142966,0.030328,
0.177262,0.017045,0.019709,0.025574,
0.179644,0.020418,0.027083,0.040262,
0.184450,0.024744,0.065376,0.045341,
0.191013,0.029223,0.065239,0.043913,
0.196097,0.032535,0.038180,0.023801,
0.163289,0.027424,0.033862,0.018807,
0.165358,0.029883,0.009336,0.029413,
0.165982,0.033058,0.003572,0.033457,
0.166379,0.036342,0.004274,0.032115,
0.164456,0.039009,-0.038949,0.021686,
0.178394,0.037231,0.390121,0.001197,
0.223908,0.037391,0.505978,0.001914,
0.275491,0.037556,0.519426,0.001332,
0.322238,0.037519,0.419203,-0.001803,
0.342590,0.037426,0.019053,-0.000234,
0.327834,0.035717,0.012587,0.001165,
0.327779,0.035871,-0.011656,0.001862,
0.325551,0.036030,-0.031066,0.001311,
0.322462,0.035997,-0.030455,-0.001697,
0.315909,0.035909,-0.094624,-0.000210,
TIME: 2054 - SYSTEM: Plan 504
0.025942,0.000321,0.387193,0.031057,
0.074868,0.004380,0.571139,0.048296,
0.135465,0.009540,0.629890,0.053915,
0.190910,0.014670,0.485497,0.048606,
0.205497,0.018560,-0.142967,0.030327,
0.177262,0.017047,0.019710,0.025571,
0.179644,0.020420,0.027085,0.040260,
0.184451,0.024747,0.065378,0.045338,
0.191014,0.029221,0.065241,0.043913,
0.196098,0.032538,0.038180,0.023793,
0.163290,0.027434,0.033859,0.018809,
0.165357,0.029908,0.009330,0.029415,
0.165982,0.033090,0.003572,0.033450,
0.166379,0.036383,0.004274,0.032108,
0.164456,0.039028,-0.038951,0.021668,
0.178392,0.037247,0.390122,0.001198,
0.223906,0.037409,0.505976,0.001915,
0.275490,0.037571,0.519428,0.001333,
0.322239,0.037533,0.419214,-0.001803,
0.342591,0.037439,0.019082,-0.000232,
0.327835,0.035729,0.012583,0.001165,
0.327780,0.035885,-0.011660,0.001862,
0.325551,0.036043,-0.031070,0.001311,
0.322462,0.036009,-0.030459,-0.001699,
0.315909,0.035919,-0.094627,-0.000210,
TIME: 2057 - SYSTEM: Plan 505
0.025942,0.000321,0.387193,0.031058,
0.074868,0.004381,0.571138,0.048297,
0.135465,0.009539,0.629890,0.053916,
0.190910,0.014669,0.485497,0.048608,
0.205497,0.018558,-0.142966,0.030328,
0.177262,0.017044,0.019709,0.025573,
0.179644,0.020418,0.027084,0.040259,
0.184450,0.024743,0.065376,0.045337,
0.191013,0.029222,0.065239,0.043915,
0.196097,0.032543,0.038180,0.023839,
0.163289,0.027432,0.033862,0.018779,
0.165358,0.029892,0.009338,0.029362,
0.165982,0.033072,0.003574,0.033405,
0.166379,0.036337,0.004268,0.032067,
0.164455,0.038981,-0.038966,0.021650,
0.178392,0.037205,0.390113,0.001198,
0.223904,0.037361,0.505966,0.001915,
0.275486,0.037525,0.519418,0.001332,
0.322234,0.037489,0.419216,-0.001799,
0.342590,0.037396,0.019123,-0.000231,
0.327834,0.035690,0.012587,0.001166,
0.327779,0.035843,-0.011656,0.001864,
0.325551,0.036003,-0.031065,0.001313,
0.322462,0.035966,-0.030454,-0.001696,
0.315909,0.035878,-0.094625,-0.000210,
TIME: 2061 - SYSTEM: Plan 506
0.025942,0.000321,0.387191,0.031057,
0.074867,0.004380,0.571135,0.048298,
0.135465,0.009540,0.629887,0.053916,
0.190910,0.014669,0.485495,0.048608,
0.205496,0.018560,-0.142966,0.030329,
0.177262,0.017045,0.019706,0.025574,
0.179643,0.020417,0.027080,0.040262,
0.184449,0.024741,0.065372,0.045340,
0.191012,0.029219,0.065237,0.043916,
0.196095,0.032542,0.038179,0.023860,
0.163289,0.027429,0.033874,0.018758,
0.165359,0.029894,0.009361,0.029342,
0.165985,0.033062,0.003579,0.033378,
0.166382,0.036344,0.004274,0.032051,
0.164459,0.038997,-0.038948,0.021633,
0.178395,0.037219,0.390099,0.001198,
0.223907,0.037381,0.505946,0.001916,
0.275486,0.037536,0.519402,0.001333,
0.322233,0.037502,0.419211,-0.001798,
0.342589,0.037407,0.019152,-0.000229,
0.327833,0.035700,0.012587,0.001166,
0.327779,0.035850,-0.011656,0.001865,
0.325551,0.036010,-0.031066,0.001312,
0.322462,0.035979,-0.030454,-0.001696,
0.315909,0.035886,-0.094624,-0.000210,
TIME: 2065 - SYSTEM: Plan 507
0.025942,0.000321,0.387192,0.031056,
0.074867,0.004379,0.571137,0.048297,
0.135465,0.009538,0.629888,0.053917,
0.190910,0.014669,0.485497,0.048609,
0.205497,0.018561,-0.142965,0.030329,
0.177262,0.017047,0.019708,0.025578,
0.179644,0.020418,0.027082,0.040259,
0.184450,0.024740,0.065375,0.045339,
0.191013,0.029217,0.065238,0.043912,
0.196097,0.032529,0.038179,0.023780,
0.163289,0.027420,0.033868,0.018817,
0.165358,0.029890,0.009345,0.029429,
0.165983,0.033063,0.003574,0.033475,
0.166381,0.036353,0.004283,0.032138,
0.164460,0.039010,-0.038925,0.021699,
0.178396,0.037233,0.390118,0.001199,
0.223909,0.037391,0.505974,0.001915,
0.275492,0.037549,0.519419,0.001334,
0.322240,0.037517,0.419188,-0.001799,
0.342589,0.037419,0.019025,-0.000228,
0.327833,0.035713,0.012587,0.001166,
0.327779,0.035871,-0.011655,0.001863,
0.325551,0.036027,-0.031065,0.001309,
0.322462,0.035996,-0.030454,-0.001704,
0.315909,0.035907,-0.094623,-0.000214,
TIME: 2069 - SYSTEM: Plan 508
0.025942,0.000321,0.387193,0.031058,
0.074868,0.004380,0.571138,0.048297,
0.135465,0.009540,0.629890,0.053916,
0.190910,0.014669,0.485497,0.048608,
0.205497,0.018559,-0.142967,0.030329,
0.177262,0.017045,0.019709,0.025573,
0.179644,0.020414,0.027083,0.040261,
0.184450,0.024740,0.065376,0.045342,
0.191013,0.029224,0.065239,0.043915,
0.196097,0.032538,0.038180,0.023841,
0.163289,0.027427,0.033862,0.018776,
0.165358,0.029892,0.009338,0.029354,
0.165982,0.033059,0.003575,0.033390,
0.166379,0.036346,0.004267,0.032062,
0.164455,0.039010,-0.038967,0.021642,
0.178392,0.037231,0.390111,0.001197,
0.223904,0.037389,0.505963,0.001913,
0.275485,0.037548,0.519418,0.001334,
0.322234,0.037512,0.419220,-0.001796,
0.342590,0.037420,0.019137,-0.000227,
0.327834,0.035712,0.012586,0.001167,
0.327779,0.035867,-0.011657,0.001865,
0.325551,0.036026,-0.031066,0.001311,
0.322462,0.035990,-0.030455,-0.001698,
0.315909,0.035900,-0.094625,-0.000210,
TIME: 2072 - SYSTEM: Plan 509
0.025942,0.000321,0.387192,0.031056,
0.074867,0.004381,0.571137,0.048297,
0.135465,0.009540,0.629888,0.053915,
0.190910,0.014669,0.485496,0.048608,
0.205496,0.018559,-0.142965,0.030328,
0.177262,0.017044,0.019708,0.025574,
0.179644,0.020414,0.027082,0.040263,
0.184450,0.024737,0.065374,0.045339,
0.191013,0.029225,0.065238,0.043917,
0.196096,0.032541,0.038179,0.023853,
0.163289,0.027434,0.033869,0.018765,
0.165358,0.029890,0.009352,0.029345,
0.165984,0.033060,0.003577,0.033385,
0.166381,0.036348,0.004271,0.032050,
0.164457,0.038999,-0.038956,0.021632,
0.178394,0.037220,0.390101,0.001196,
0.223905,0.037380,0.505948,0.001914,
0.275485,0.037540,0.519403,0.001332,
0.322233,0.037504,0.419215,-0.001800,
0.342590,0.037414,0.019154,-0.000231,
0.327834,0.035706,0.012585,0.001168,
0.327779,0.035866,-0.011658,0.001864,
0.325551,0.036021,-0.031068,0.001308,
0.322462,0.035985,-0.030457,-0.001700,
0.315909,0.035896,-0.094625,-0.000213,
TIME: 2076 - SYSTEM: Plan 510
0.025942,0.000320,0.387191,0.031059,
0.074867,0.004380,0.571136,0.048298,
0.135465,0.009540,0.629888,0.053916,
0.190910,0.014670,0.485496,0.048607,
0.205496,0.018561,-0.142965,0.030328,
0.177262,0.017044,0.019707,0.025573,
0.179644,0.020421,0.027081,0.040259,
0.184450,0.024742,0.065374,0.045339,
0.191012,0.029224,0.065238,0.043915,
0.196096,0.032540,0.038179,0.023829,
0.163289,0.027430,0.033870,0.018785,
0.165358,0.029883,0.009353,0.029377,
0.165984,0.033063,0.003576,0.033425,
0.166382,0.036362,0.004277,0.032090,
0.164459,0.039018,-0.038940,0.021657,
0.178396,0.037236,0.390106,0.001199,
0.223907,0.037399,0.505956,0.001915,
0.275489,0.037558,0.519407,0.001335,
0.322236,0.037523,0.419203,-0.001798,
0.342590,0.037426,0.019104,-0.000228,
0.327834,0.035719,0.012586,0.001165,
0.327779,0.035870,-0.011657,0.001864,
0.325551,0.036027,-0.031067,0.001312,
0.322462,0.035992,-0.030456,-0.001698,
0.315909,0.035901,-0.094625,-0.000208,
TIME: 2080 - SYSTEM: Plan 511
0.025942,0.000321,0.387192,0.031057,
0.074867,0.004380,0.571137,0.048298,
0.135465,0.009540,0.629888,0.053916,
0.190910,0.014670,0.485496,0.048608,
0.205496,0.018561,-0.142966,0.030328,
0.177262,0.017046,0.019708,0.025573,
0.179644,0.020417,0.027082,0.040260,
0.184450,0.024740,0.065374,0.045341,
0.191013,0.029222,0.065238,0.043915,
0.196096,0.032540,0.038179,0.023836,
0.163289,0.027429,0.033867,0.018779,
0.165358,0.029895,0.009347,0.029369,
0.165983,0.033060,0.003576,0.033411,
0.166381,0.036355,0.004273,0.032081,
0.164457,0.039007,-0.038952,0.021652,
0.178394,0.037228,0.390106,0.001198,
0.223906,0.037389,0.505956,0.001914,
0.275488,0.037551,0.519408,0.001329,
0.322235,0.037511,0.419207,-0.001802,
0.342590,0.037417,0.019115,-0.000230,
0.327834,0.035711,0.012586,0.001166,
0.327779,0.035864,-0.011657,0.001862,
0.325551,0.036014,-0.031066,0.001309,
0.322462,0.035983,-0.030455,-0.001696,
0.315909,0.035887,-0.094625,-0.000206,
TIME: 2084 - SYSTEM: Plan 512
0.025942,0.000321,0.387192,0.031057,
0.074867,0.004380,0.571137,0.048297,
0.135465,0.009540,0.629889,0.053916,
0.190910,0.014671,0.485496,0.048608,
0.205497,0.018561,-0.142966,0.030328,
0.177262,0.017049,0.019708,0.025573,
0.179644,0.020421,0.027082,0.040259,
0.184450,0.024742,0.065375,0.045338,
0.191013,0.029219,0.065238,0.043913,
0.196097,0.032538,0.038179,0.023806,
0.163289,0.027422,0.033867,0.018799,
0.165358,0.029893,0.009346,0.029401,
0.165983,0.033058,0.003574,0.033443,
0.166381,0.036356,0.004278,0.032102,
0.164458,0.039019,-0.038938,0.021671,
0.178395,0.037243,0.390114,0.001198,
0.223908,0.037403,0.505968,0.001913,
0.275489,0.037563,0.519418,0.001331,
0.322238,0.037528,0.419204,-0.001803,
0.342590,0.037434,0.019079,-0.000233,
0.327834,0.035723,0.012586,0.001164,
0.327779,0.035881,-0.011657,0.001863,
0.325551,0.036036,-0.031067,0.001312,
0.322462,0.036004,-0.030456,-0.001697,
0.315909,0.035913,-0.094625,-0.000209,
TIME: 2088 - SYSTEM: Plan 513
0.025942,0.000321,0.387192,0.031057,
0.074868,0.004380,0.571137,0.048296,
0.135465,0.009540,0.629889,0.053916,
0.190910,0.014670,0.485497,0.048607,
0.205497,0.018561,-0.142966,0.030328,
0.177262,0.017047,0.019709,0.025578,
0.179644,0.020418,0.027083,0.040259,
0.184450,0.024740,0.065376,0.045339,
0.191013,0.029217,0.065239,0.043912,
0.196097,0.032529,0.038180,0.023785,
0.163289,0.027419,0.033864,0.018807,
0.165358,0.029887,0.009339,0.029417,
0.165983,0.033063,0.003573,0.033468,
0.166380,0.036344,0.004279,0.032136,
0.164458,0.039006,-0.038935,0.021699,
0.178395,0.037227,0.390127,0.001197,
0.223909,0.037384,0.505987,0.001914,
0.275493,0.037543,0.519431,0.001334,
0.322240,0.037509,0.419198,-0.001798,
0.342589,0.037413,0.019027,-0.000228,
0.327833,0.035705,0.012590,0.001166,
0.327778,0.035857,-0.011652,0.001866,
0.325551,0.036017,-0.031061,0.001313,
0.322462,0.035980,-0.030451,-0.001698,
0.315909,0.035894,-0.094622,-0.000208,
TIME: 2091 - SYSTEM: Plan 514
0.025942,0.000321,0.387193,0.031058,
0.074868,0.004380,0.571138,0.048297,
0.135465,0.009540,0.629889,0.053915,
0.190910,0.014670,0.485496,0.048607,
0.205497,0.018561,-0.142967,0.030328,
0.177262,0.017049,0.019708,0.025573,
0.179644,0.020417,0.027083,0.040260,
0.184450,0.024741,0.065375,0.045341,
0.191013,0.029222,0.065238,0.043915,
0.196097,0.032536,0.038180,0.023839,
0.163289,0.027429,0.033866,0.018776,
0.165358,0.029891,0.009344,0.029370,
0.165983,0.033062,0.003575,0.033409,
0.166380,0.036344,0.004271,0.032067,
0.164456,0.039010,-0.038958,0.021647,
0.178394,0.037232,0.390114,0.001198,
0.223905,0.037394,0.505965,0.001914,
0.275487,0.037556,0.519419,0.001328,
0.322235,0.037517,0.419219,-0.001805,
0.342590,0.037424,0.019125,-0.000234,
0.327834,0.035715,0.012586,0.001164,
0.327779,0.035873,-0.011657,0.001862,
0.325551,0.036027,-0.031067,0.001309,
0.322462,0.035991,-0.030456,-0.001699,
0.315909,0.035904,-0.094625,-0.000210,
TIME: 2095 - SYSTEM: Plan 515
0.025942,0.000321,0.387192,0.031057,
0.074868,0.004379,0.571137,0.048297,
0.135465,0.009539,0.629888,0.053917,
0.190910,0.014669,0.485496,0.048609,
0.205497,0.018559,-0.142965,0.030329,
0.177262,0.017045,0.019708,0.025573,
0.179644,0.020415,0.027082,0.040260,
0.184450,0.024737,0.065375,0.045339,
0.191013,0.029219,0.065238,0.043915,
0.196097,0.032535,0.038179,0.023846,
0.163289,0.027424,0.033866,0.018777,
0.165358,0.029887,0.009347,0.029363,
0.165983,0.033070,0.003576,0.033405,
0.166380,0.036349,0.004270,0.032062,
0.164457,0.039019,-0.038958,0.021636,
0.178394,0.037241,0.390107,0.001196,
0.223906,0.037400,0.505955,0.001915,
0.275486,0.037565,0.519410,0.001333,
0.322234,0.037528,0.419219,-0.001802,
0.342591,0.037433,0.019144,-0.000233,
0.327835,0.035725,0.012585,0.001167,
0.327780,0.035884,-0.011659,0.001861,
0.325552,0.036042,-0.031069,0.001308,
0.322462,0.036006,-0.030458,-0.001701,
0.315908,0.035916,-0.094627,-0.000214,
TIME: 2098 - SYSTEM: Plan 516
0.025942,0.000321,0.387193,0.031059,
0.074868,0.004380,0.571138,0.048297,
0.135465,0.009540,0.629890,0.053917,
0.190910,0.014670,0.485498,0.048607,
0.205497,0.018561,-0.142966,0.030327,
0.177262,0.017046,0.019709,0.025575,
0.179644,0.020422,0.027084,0.040263,
0.184451,0.024745,0.065377,0.045338,
0.191014,0.029219,0.065240,0.043914,
0.196098,0.032537,0.038180,0.023810,
0.163290,0.027421,0.033860,0.018804,
0.165357,0.029895,0.009332,0.029395,
0.165982,0.033060,0.003572,0.033429,
0.166379,0.036358,0.004271,0.032092,
0.164455,0.039020,-0.038958,0.021661,
0.178392,0.037242,0.390119,0.001198,
0.223906,0.037402,0.505975,0.001911,
0.275488,0.037564,0.519428,0.001329,
0.322237,0.037524,0.419218,-0.001803,
0.342591,0.037431,0.019098,-0.000232,
0.327834,0.035723,0.012585,0.001164,
0.327780,0.035876,-0.011659,0.001865,
0.325551,0.036034,-0.031068,0.001313,
0.322462,0.036001,-0.030457,-0.001696,
0.315909,0.035910,-0.094626,-0.000208,
TIME: 2102 - SYSTEM: Plan 517
0.025942,0.000321,0.387192,0.031058,
0.074867,0.004380,0.571137,0.048295,
0.135465,0.009540,0.629888,0.053915,
0.190910,0.014671,0.485496,0.048607,
0.205496,0.018562,-0.142966,0.030327,
0.177262,0.017047,0.019707,0.025576,
0.179644,0.020421,0.027081,0.040260,
0.184450,0.024746,0.065374,0.045339,
0.191012,0.029223,0.065238,0.043915,
0.196096,0.032540,0.038179,0.023829,
0.163289,0.027433,0.033870,0.018783,
0.165358,0.029901,0.009353,0.029377,
0.165984,0.033075,0.003576,0.033416,
0.166381,0.036350,0.004277,0.032074,
0.164459,0.039014,-0.038941,0.021651,
0.178395,0.037233,0.390107,0.001198,
0.223907,0.037394,0.505957,0.001916,
0.275488,0.037554,0.519410,0.001333,
0.322236,0.037516,0.419210,-0.001797,
0.342590,0.037422,0.019116,-0.000228,
0.327834,0.035714,0.012587,0.001165,
0.327779,0.035868,-0.011656,0.001864,
0.325551,0.036026,-0.031066,0.001311,
0.322462,0.035993,-0.030455,-0.001696,
0.315909,0.035898,-0.094625,-0.000209,
TIME: 2106 - SYSTEM: Plan 518
0.025942,0.000321,0.387192,0.031057,
0.074867,0.004379,0.571137,0.048297,
0.135465,0.009539,0.629888,0.053916,
0.190910,0.014670,0.485496,0.048608,
0.205497,0.018559,-0.142966,0.030329,
0.177262,0.017044,0.019708,0.025574,
0.179644,0.020414,0.027082,0.040263,
0.184450,0.024737,0.065375,0.045339,
0.191013,0.029225,0.065239,0.043917,
0.196097,0.032541,0.038179,0.023853,
0.163289,0.027431,0.033866,0.018765,
0.165358,0.029887,0.009345,0.029353,
0.165983,0.033062,0.003576,0.033400,
0.166380,0.036343,0.004268,0.032057,
0.164456,0.039000,-0.038964,0.021639,
0.178392,0.037224,0.390108,0.001198,
0.223904,0.037382,0.505958,0.001912,
0.275486,0.037544,0.519411,0.001331,
0.322234,0.037509,0.419218,-0.001801,
0.342590,0.037413,0.019140,-0.000233,
0.327834,0.035707,0.012586,0.001167,
0.327780,0.035866,-0.011657,0.001861,
0.325552,0.036025,-0.031067,0.001308,
0.322462,0.035991,-0.030456,-0.001705,
0.315909,0.035900,-0.094625,-0.000218,
TIME: 2109 - SYSTEM: Plan 519
0.025942,0.000321,0.387192,0.031057,
0.074867,0.004380,0.571137,0.048298,
0.135465,0.009540,0.629888,0.053916,
0.190910,0.014671,0.485496,0.048607,
0.205496,0.018561,-0.142965,0.030328,
0.177262,0.017046,0.019708,0.025575,
0.179644,0.020418,0.027082,0.040261,
0.184450,0.024743,0.065375,0.045341,
0.191013,0.029217,0.065238,0.043916,
0.196096,0.032535,0.038179,0.023854,
0.163289,0.027426,0.033867,0.018773,
0.165358,0.029882,0.009348,0.029358,
0.165983,0.033058,0.003577,0.033390,
0.166380,0.036340,0.004270,0.032056,
0.164457,0.038996,-0.038961,0.021640,
0.178393,0.037219,0.390102,0.001197,
0.223904,0.037377,0.505949,0.001913,
0.275486,0.037538,0.519405,0.001333,
0.322233,0.037503,0.419212,-0.001798,
0.342590,0.037407,0.019141,-0.000229,
0.327834,0.035698,0.012586,0.001168,
0.327779,0.035854,-0.011657,0.001862,
0.325551,0.036014,-0.031066,0.001308,
0.322462,0.035980,-0.030456,-0.001699,
0.315909,0.035892,-0.094625,-0.000212,
TIME: 2112 - SYSTEM: Plan 520
0.025942,0.000322,0.387194,0.031057,
0.074867,0.004381,0.571139,0.048296,
0.135465,0.009540,0.629891,0.053915,
0.190910,0.014670,0.485498,0.048607,
0.205497,0.018561,-0.142966,0.030327,
0.177262,0.017049,0.019710,0.025573,
0.179645,0.020416,0.027085,0.040260,
0.184451,0.024741,0.065378,0.045341,
0.191014,0.029225,0.065240,0.043917,
0.196098,0.032540,0.038180,0.023863,
0.163290,0.027429,0.033855,0.018766,
0.165357,0.029904,0.009326,0.029346,
0.165981,0.033074,0.003573,0.033377,
0.166378,0.036364,0.004257,0.032031,
0.164451,0.039022,-0.038994,0.021610,
0.178388,0.037244,0.390107,0.001195,
0.223900,0.037401,0.505953,0.001913,
0.275482,0.037562,0.519414,0.001335,
0.322232,0.037530,0.419239,-0.001798,
0.342593,0.037434,0.019195,-0.000229,
0.327836,0.035725,0.012580,0.001166,
0.327781,0.035879,-0.011665,0.001865,
0.325552,0.036039,-0.031075,0.001313,
0.322462,0.036004,-0.030463,-0.001696,
0.315908,0.035913,-0.094630,-0.000211,
TIME: 2116 - SYSTEM: Plan 521
0.025942,0.000321,0.387192,0.031057,
0.074867,0.004380,0.571137,0.048296,
0.135465,0.009539,0.629888,0.053916,
0.190910,0.014671,0.485497,0.048609,
0.205497,0.018561,-0.142965,0.030328,
0.177262,0.017046,0.019708,0.025571,
0.179644,0.020420,0.027083,0.040259,
0.184450,0.024741,0.065375,0.045338,
0.191013,0.029222,0.065238,0.043915,
0.196097,0.032543,0.038179,0.023843,
0.163289,0.027427,0.033865,0.018768,
0.165358,0.029871,0.009343,0.029366,
0.165983,0.033053,0.003575,0.033419,
0.166380,0.036340,0.004269,0.032079,
0.164456,0.038986,-0.038961,0.021653,
0.178393,0.037209,0.390112,0.001198,
0.223906,0.037369,0.505964,0.001914,
0.275487,0.037533,0.519414,0.001333,
0.322235,0.037500,0.419212,-0.001801,
0.342590,0.037405,0.019114,-0.000234,
0.327834,0.035698,0.012586,0.001165,
0.327779,0.035855,-0.011657,0.001865,
0.325551,0.036014,-0.031066,0.001309,
0.322462,0.035980,-0.030456,-0.001700,
0.315909,0.035889,-0.094625,-0.000214,
TIME: 2120 - SYSTEM: Plan 522
0.025942,0.000321,0.387193,0.031057,
0.074867,0.004380,0.571138,0.048297,
0.135465,0.009541,0.629890,0.053916,
0.190910,0.014670,0.485497,0.048607,
0.205497,0.018561,-0.142966,0.030327,
0.177262,0.017044,0.019709,0.025574,
0.179644,0.020421,0.027083,0.040259,
0.184450,0.024742,0.065376,0.045339,
0.191013,0.029223,0.065239,0.043911,
0.196097,0.032538,0.038180,0.023767,
0.163289,0.027424,0.033864,0.018825,
0.165358,0.029886,0.009338,0.029443,
0.165982,0.033055,0.003572,0.033494,
0.166380,0.036351,0.004283,0.032167,
0.164459,0.039010,-0.038927,0.021722,
0.178396,0.037231,0.390127,0.001199,
0.223911,0.037393,0.505988,0.001918,
0.275495,0.037554,0.519429,0.001333,
0.322241,0.037515,0.419182,-0.001802,
0.342588,0.037425,0.018985,-0.000231,
0.327833,0.035716,0.012589,0.001165,
0.327779,0.035870,-0.011652,0.001862,
0.325551,0.036026,-0.031061,0.001312,
0.322462,0.035993,-0.030450,-0.001695,
0.315909,0.035903,-0.094622,-0.000205,
TIME: 2124 - SYSTEM: Plan 523
0.025942,0.000321,0.387192,0.031057,
0.074867,0.004380,0.571137,0.048295,
0.135465,0.009538,0.629889,0.053916,
0.190910,0.014669,0.485496,0.048609,
0.205497,0.018560,-0.142967,0.030329,
0.177262,0.017044,0.019708,0.025574,
0.179644,0.020415,0.027082,0.040262,
0.184450,0.024739,0.065375,0.045341,
0.191013,0.029217,0.065238,0.043917,
0.196096,0.032537,0.038179,0.023876,
0.163289,0.027420,0.033866,0.018757,
0.165358,0.029877,0.009347,0.029335,
0.165983,0.033046,0.003577,0.033371,
0.166380,0.036327,0.004264,0.032039,
0.164455,0.038993,-0.038974,0.021630,
0.178392,0.037215,0.390106,0.001198,
0.223903,0.037375,0.505955,0.001914,
0.275485,0.037537,0.519411,0.001332,
0.322233,0.037500,0.419223,-0.001801,
0.342590,0.037405,0.019162,-0.000232,
0.327834,0.035699,0.012587,0.001167,
0.327779,0.035857,-0.011655,0.001863,
0.325551,0.036015,-0.031065,0.001310,
0.322462,0.035981,-0.030454,-0.001698,
0.315909,0.035890,-0.094624,-0.000215,
TIME: 2127 - SYSTEM: Plan 524
0.025942,0.000321,0.387192,0.031059,
0.074867,0.004379,0.571137,0.048297,
0.135465,0.009538,0.629889,0.053915,
0.190910,0.014669,0.485497,0.048609,
0.205497,0.018558,-0.142965,0.030329,
0.177262,0.017045,0.019708,0.025574,
0.179644,0.020413,0.027082,0.040259,
0.184450,0.024735,0.065375,0.045340,
0.191013,0.029215,0.065238,0.043914,
0.196097,0.032528,0.038180,0.023803,
0.163289,0.027415,0.033865,0.018806,
0.165358,0.029880,0.009341,0.029409,
0.165983,0.033045,0.003573,0.033455,
0.166380,0.036335,0.004276,0.032119,
0.164458,0.038989,-0.038942,0.021687,
0.178395,0.037210,0.390118,0.001198,
0.223908,0.037370,0.505974,0.001914,
0.275491,0.037526,0.519421,0.001333,
0.322238,0.037495,0.419198,-0.001797,
0.342589,0.037399,0.019051,-0.000228,
0.327833,0.035692,0.012587,0.001164,
0.327779,0.035847,-0.011655,0.001864,
0.325551,0.036005,-0.031065,0.001309,
0.322462,0.035974,-0.030454,-0.001700,
0.315909,0.035886,-0.094624,-0.000213,
TIME: 2131 - SYSTEM: Plan 525
0.025942,0.000322,0.387192,0.031057,
0.074867,0.004380,0.571137,0.048297,
0.135465,0.009540,0.629889,0.053915,
0.190910,0.014671,0.485496,0.048607,
0.205497,0.018562,-0.142967,0.030327,
0.177262,0.017049,0.019708,0.025573,
0.179644,0.020416,0.027082,0.040262,
0.184450,0.024739,0.065375,0.045342,
0.191013,0.029222,0.065238,0.043917,
0.196097,0.032544,0.038179,0.023871,
0.163289,0.027434,0.033865,0.018752,
0.165358,0.029891,0.009345,0.029323,
0.165983,0.033060,0.003576,0.033368,
0.166380,0.036341,0.004264,0.032024,
0.164455,0.038983,-0.038973,0.021619,
0.178392,0.037204,0.390100,0.001196,
0.223902,0.037364,0.505946,0.001914,
0.275483,0.037525,0.519403,0.001334,
0.322232,0.037485,0.419224,-0.001796,
0.342590,0.037391,0.019182,-0.000226,
0.327834,0.035683,0.012585,0.001169,
0.327780,0.035841,-0.011659,0.001864,
0.325551,0.036000,-0.031069,0.001309,
0.322462,0.035961,-0.030458,-0.001700,
0.315909,0.035873,-0.094626,-0.000212,
TIME: 2135 - SYSTEM: Plan 526
0.025942,0.000320,0.387193,0.031057,
0.074868,0.004380,0.571138,0.048298,
0.135465,0.009539,0.629890,0.053917,
0.190910,0.014670,0.485498,0.048609,
0.205497,0.018561,-0.142965,0.030328,
0.177262,0.017046,0.019709,0.025571,
0.179644,0.020420,0.027084,0.040259,
0.184451,0.024741,0.065377,0.045338,
0.191014,0.029222,0.065240,0.043915,
0.196098,0.032543,0.038180,0.023843,
0.163289,0.027427,0.033859,0.018768,
0.165357,0.029883,0.009331,0.029368,
0.165982,0.033055,0.003573,0.033410,
0.166378,0.036342,0.004264,0.032070,
0.164453,0.039008,-0.038977,0.021648,
0.178391,0.037228,0.390116,0.001198,
0.223903,0.037388,0.505967,0.001915,
0.275486,0.037548,0.519421,0.001333,
0.322235,0.037510,0.419221,-0.001799,
0.342591,0.037416,0.019126,-0.000227,
0.327834,0.035710,0.012585,0.001165,
0.327780,0.035866,-0.011658,0.001863,
0.325551,0.036028,-0.031068,0.001308,
0.322462,0.035994,-0.030457,-0.001702,
0.315909,0.035905,-0.094626,-0.000216,
TIME: 2138 - SYSTEM: Plan 527
0.025942,0.000321,0.387193,0.031057,
0.074867,0.004380,0.571138,0.048297,
0.135465,0.009540,0.629890,0.053916,
0.190910,0.014671,0.485497,0.048607,
0.205497,0.018561,-0.142966,0.030327,
0.177262,0.017047,0.019709,0.025573,
0.179644,0.020423,0.027083,0.040260,
0.184450,0.024745,0.065376,0.045340,
0.191013,0.029226,0.065239,0.043915,
0.196097,0.032541,0.038179,0.023825,
0.163289,0.027428,0.033862,0.018784,
0.165358,0.029887,0.009337,0.029380,
0.165982,0.033056,0.003574,0.033428,
0.166379,0.036354,0.004270,0.032094,
0.164455,0.039018,-0.038960,0.021663,
0.178393,0.037240,0.390117,0.001198,
0.223906,0.037402,0.505971,0.001914,
0.275489,0.037563,0.519421,0.001330,
0.322237,0.037529,0.419211,-0.001804,
0.342590,0.037433,0.019097,-0.000234,
0.327834,0.035725,0.012585,0.001166,
0.327779,0.035878,-0.011659,0.001862,
0.325551,0.036034,-0.031068,0.001310,
0.322462,0.035998,-0.030457,-0.001696,
0.315909,0.035909,-0.094625,-0.000207,
TIME: 2142 - SYSTEM: Plan 528
0.025942,0.000321,0.387193,0.031057,
0.074868,0.004380,0.571139,0.048296,
0.135465,0.009540,0.629890,0.053915,
0.190910,0.014670,0.485498,0.048607,
0.205497,0.018562,-0.142967,0.030327,
0.177262,0.017047,0.019710,0.025573,
0.179644,0.020421,0.027085,0.040263,
0.184451,0.024746,0.065378,0.045339,
0.191014,0.029223,0.065240,0.043914,
0.196098,0.032541,0.038180,0.023816,
0.163290,0.027431,0.033859,0.018796,
0.165357,0.029893,0.009330,0.029385,
0.165982,0.033067,0.003572,0.033430,
0.166378,0.036349,0.004269,0.032094,
0.164454,0.039011,-0.038964,0.021670,
0.178391,0.037233,0.390122,0.001198,
0.223905,0.037389,0.505979,0.001914,
0.275488,0.037552,0.519429,0.001334,
0.322236,0.037517,0.419213,-0.001799,
0.342590,0.037421,0.019085,-0.000230,
0.327834,0.035714,0.012587,0.001165,
0.327779,0.035867,-0.011656,0.001864,
0.325551,0.036023,-0.031066,0.001310,
0.322462,0.035989,-0.030455,-0.001698,
0.315909,0.035898,-0.094624,-0.000209,
TIME: 2146 - SYSTEM: Plan 529
0.025942,0.000322,0.387193,0.031057,
0.074868,0.004380,0.571138,0.048298,
0.135465,0.009539,0.629890,0.053915,
0.190910,0.014669,0.485497,0.048608,
0.205497,0.018559,-0.142967,0.030329,
0.177262,0.017045,0.019710,0.025569,
0.179644,0.020419,0.027085,0.040260,
0.184451,0.024739,0.065377,0.045340,
0.191014,0.029219,0.065240,0.043915,
0.196098,0.032538,0.038180,0.023834,
0.163289,0.027425,0.033859,0.018784,
0.165357,0.029897,0.009332,0.029372,
0.165982,0.033066,0.003573,0.033409,
0.166379,0.036350,0.004267,0.032077,
0.164454,0.039011,-0.038970,0.021650,
0.178391,0.037230,0.390116,0.001198,
0.223905,0.037391,0.505969,0.001913,
0.275487,0.037551,0.519423,0.001333,
0.322235,0.037517,0.419220,-0.001800,
0.342590,0.037422,0.019121,-0.000231,
0.327834,0.035716,0.012585,0.001165,
0.327779,0.035872,-0.011658,0.001862,
0.325552,0.036027,-0.031068,0.001308,
0.322462,0.035994,-0.030457,-0.001699,
0.315909,0.035902,-0.094625,-0.000211,
TIME: 2150 - SYSTEM: Plan 530
0.025942,0.000321,0.387192,0.031056,
0.074867,0.004380,0.571138,0.048298,
0.135465,0.009540,0.629889,0.053916,
0.190910,0.014671,0.485497,0.048608,
0.205497,0.018561,-0.142966,0.030328,
0.177262,0.017050,0.019708,0.025572,
0.179644,0.020416,0.027083,0.040260,
0.184450,0.024741,0.065375,0.045341,
0.191013,0.029225,0.065238,0.043917,
0.196097,0.032540,0.038179,0.023869,
0.163289,0.027423,0.033865,0.018759,
0.165358,0.029889,0.009345,0.029342,
0.165983,0.033063,0.003576,0.033372,
0.166380,0.036344,0.004264,0.032034,
0.164455,0.038997,-0.038973,0.021619,
0.178391,0.037219,0.390103,0.001197,
0.223903,0.037381,0.505949,0.001914,
0.275484,0.037540,0.519408,0.001334,
0.322232,0.037505,0.419227,-0.001798,
0.342591,0.037411,0.019179,-0.000229,
0.327835,0.035705,0.012584,0.001168,
0.327780,0.035857,-0.011660,0.001863,
0.325551,0.036016,-0.031070,0.001314,
0.322462,0.035981,-0.030458,-0.001694,
0.315908,0.035893,-0.094626,-0.000210,
TIME: 2153 - SYSTEM: Plan 531
0.025942,0.000322,0.387192,0.031057,
0.074867,0.004381,0.571137,0.048297,
0.135465,0.009541,0.629889,0.053915,
0.190910,0.014671,0.485497,0.048607,
0.205497,0.018561,-0.142965,0.030327,
0.177262,0.017046,0.019708,0.025575,
0.179644,0.020418,0.027082,0.040261,
0.184450,0.024743,0.065375,0.045341,
0.191013,0.029217,0.065238,0.043916,
0.196097,0.032536,0.038179,0.023854,
0.163289,0.027426,0.033866,0.018773,
0.165358,0.029882,0.009346,0.029358,
0.165983,0.033058,0.003577,0.033390,
0.166380,0.036340,0.004269,0.032056,
0.164456,0.038996,-0.038963,0.021640,
0.178393,0.037218,0.390105,0.001197,
0.223905,0.037379,0.505955,0.001914,
0.275486,0.037540,0.519410,0.001330,
0.322234,0.037500,0.419217,-0.001800,
0.342590,0.037408,0.019141,-0.000231,
0.327834,0.035699,0.012587,0.001168,
0.327779,0.035855,-0.011656,0.001864,
0.325551,0.036013,-0.031066,0.001311,
0.322462,0.035979,-0.030455,-0.001696,
0.315909,0.035889,-0.094625,-0.000211,
TIME: 2157 - SYSTEM: Plan 532
0.025942,0.000321,0.387192,0.031058,
0.074867,0.004380,0.571136,0.048297,
0.135465,0.009540,0.629888,0.053917,
0.190910,0.014670,0.485496,0.048607,
0.205497,0.018561,-0.142965,0.030328,
0.177262,0.017046,0.019708,0.025573,
0.179644,0.020418,0.027083,0.040259,
0.184450,0.024743,0.065375,0.045342,
0.191013,0.029222,0.065239,0.043913,
0.196097,0.032535,0.038179,0.023814,
0.163289,0.027419,0.033866,0.018794,
0.165358,0.029884,0.009345,0.029400,
0.165983,0.033058,0.003575,0.033443,
0.166380,0.036351,0.004276,0.032108,
0.164458,0.039016,-0.038944,0.021670,
0.178395,0.037237,0.390116,0.001199,
0.223908,0.037399,0.505970,0.001912,
0.275490,0.037559,0.519419,0.001329,
0.322237,0.037525,0.419205,-0.001803,
0.342590,0.037428,0.019079,-0.000234,
0.327834,0.035719,0.012586,0.001164,
0.327779,0.035878,-0.011657,0.001864,
0.325551,0.036033,-0.031066,0.001310,
0.322462,0.035998,-0.030455,-0.001698,
0.315909,0.035906,-0.094625,-0.000210,
TIME: 2161 - SYSTEM: Plan 533
0.025942,0.000321,0.387192,0.031057,
0.074867,0.004380,0.571137,0.048297,
0.135465,0.009540,0.629888,0.053916,
0.190910,0.014671,0.485496,0.048607,
0.205496,0.018561,-0.142966,0.030328,
0.177262,0.017046,0.019707,0.025573,
0.179644,0.020418,0.027081,0.040262,
0.184449,0.024744,0.065374,0.045341,
0.191012,0.029224,0.065238,0.043913,
0.196096,0.032535,0.038179,0.023800,
0.163289,0.027421,0.033872,0.018807,
0.165358,0.029889,0.009355,0.029410,
0.165984,0.033048,0.003576,0.033448,
0.166382,0.036326,0.004284,0.032119,
0.164461,0.039001,-0.038924,0.021695,
0.178397,0.037223,0.390113,0.001198,
0.223910,0.037385,0.505968,0.001913,
0.275492,0.037546,0.519415,0.001331,
0.322239,0.037507,0.419187,-0.001801,
0.342588,0.037417,0.019038,-0.000232,
0.327832,0.035707,0.012590,0.001165,
0.327778,0.035859,-0.011651,0.001865,
0.325551,0.036018,-0.031061,0.001311,
0.322462,0.035986,-0.030450,-0.001696,
0.315909,0.035896,-0.094621,-0.000207,
TIME: 2164 - SYSTEM: Plan 534
0.025942,0.000321,0.387194,0.031057,
0.074868,0.004380,0.571139,0.048295,
0.135466,0.009540,0.629891,0.053916,
0.190911,0.014670,0.485498,0.048608,
0.205497,0.018561,-0.142967,0.030328,
0.177262,0.017047,0.019710,0.025573,
0.179644,0.020421,0.027085,0.040261,
0.184451,0.024743,0.065378,0.045340,
0.191014,0.029220,0.065240,0.043914,
0.196098,0.032533,0.038180,0.023815,
0.163290,0.027420,0.033858,0.018791,
0.165357,0.029901,0.009329,0.029394,
0.165982,0.033063,0.003572,0.033433,
0.166378,0.036365,0.004268,0.032093,
0.164454,0.039028,-0.038964,0.021657,
0.178391,0.037247,0.390120,0.001199,
0.223905,0.037411,0.505974,0.001913,
0.275489,0.037573,0.519427,0.001329,
0.322237,0.037537,0.419220,-0.001805,
0.342591,0.037443,0.019104,-0.000236,
0.327835,0.035734,0.012583,0.001167,
0.327780,0.035884,-0.011661,0.001864,
0.325552,0.036039,-0.031071,0.001313,
0.322462,0.036006,-0.030459,-0.001692,
0.315908,0.035916,-0.094627,-0.000204,
TIME: 2168 - SYSTEM: Plan 535
0.025942,0.000321,0.387192,0.031057,
0.074868,0.004380,0.571138,0.048297,
0.135465,0.009540,0.629889,0.053915,
0.190910,0.014670,0.485497,0.048607,
0.205497,0.018561,-0.142966,0.030328,
0.177262,0.017047,0.019709,0.025578,
0.179644,0.020418,0.027083,0.040259,
0.184450,0.024740,0.065376,0.045339,
0.191013,0.029217,0.065239,0.043912,
0.196097,0.032529,0.038180,0.023785,
0.163289,0.027419,0.033863,0.018811,
0.165358,0.029888,0.009337,0.029421,
0.165982,0.033058,0.003572,0.033477,
0.166380,0.036347,0.004278,0.032135,
0.164457,0.039010,-0.038938,0.021697,
0.178395,0.037234,0.390127,0.001198,
0.223909,0.037392,0.505986,0.001914,
0.275492,0.037552,0.519430,0.001332,
0.322241,0.037514,0.419199,-0.001800,
0.342589,0.037422,0.019030,-0.000230,
0.327833,0.035716,0.012587,0.001166,
0.327779,0.035871,-0.011656,0.001864,
0.325551,0.036031,-0.031065,0.001308,
0.322462,0.035996,-0.030454,-0.001701,
0.315909,0.035904,-0.094623,-0.000212,
TIME: 2172 - SYSTEM: Plan 536
0.025942,0.000321,0.387193,0.031057,
0.074868,0.004381,0.571138,0.048297,
0.135465,0.009541,0.629890,0.053915,
0.190910,0.014671,0.485496,0.048606,
0.205497,0.018561,-0.142967,0.030327,
0.177262,0.017045,0.019709,0.025576,
0.179644,0.020422,0.027084,0.040259,
0.184450,0.024745,0.065376,0.045340,
0.191013,0.029222,0.065239,0.043914,
0.196097,0.032538,0.038180,0.023813,
0.163289,0.027421,0.033862,0.018795,
0.165358,0.029899,0.009337,0.029388,
0.165982,0.033070,0.003574,0.033436,
0.166379,0.036354,0.004273,0.032087,
0.164456,0.039016,-0.038953,0.021661,
0.178393,0.037237,0.390115,0.001197,
0.223907,0.037394,0.505969,0.001913,
0.275489,0.037557,0.519420,0.001329,
0.322237,0.037518,0.419213,-0.001803,
0.342590,0.037423,0.019099,-0.000230,
0.327834,0.035713,0.012585,0.001165,
0.327780,0.035870,-0.011658,0.001861,
0.325551,0.036026,-0.031068,0.001312,
0.322462,0.035992,-0.030457,-0.001695,
0.315908,0.035900,-0.094626,-0.000208,
TIME: 2175 - SYSTEM: Plan 537
0.025942,0.000321,0.387191,0.031056,
0.074867,0.004379,0.571136,0.048298,
0.135465,0.009540,0.629887,0.053917,
0.190910,0.014671,0.485495,0.048607,
0.205496,0.018561,-0.142966,0.030328,
0.177261,0.017046,0.019706,0.025575,
0.179643,0.020418,0.027079,0.040262,
0.184449,0.024742,0.065372,0.045341,
0.191012,0.029217,0.065236,0.043916,
0.196095,0.032535,0.038179,0.023842,
0.163288,0.027425,0.033876,0.018778,
0.165359,0.029885,0.009365,0.029368,
0.165985,0.033055,0.003578,0.033403,
0.166383,0.036334,0.004279,0.032069,
0.164461,0.038992,-0.038933,0.021650,
0.178396,0.037217,0.390102,0.001198,
0.223907,0.037372,0.505951,0.001912,
0.275488,0.037534,0.519405,0.001332,
0.322235,0.037498,0.419204,-0.001798,
0.342589,0.037404,0.019119,-0.000228,
0.327833,0.035698,0.012588,0.001165,
0.327779,0.035853,-0.011655,0.001862,
0.325551,0.036011,-0.031065,0.001309,
0.322462,0.035977,-0.030454,-0.001700,
0.315909,0.035887,-0.094623,-0.000213,
TIME: 2179 - SYSTEM: Plan 538
0.025942,0.000321,0.387193,0.031057,
0.074868,0.004380,0.571139,0.048298,
0.135465,0.009540,0.629890,0.053917,
0.190910,0.014670,0.485498,0.048607,
0.205497,0.018561,-0.142966,0.030328,
0.177262,0.017043,0.019710,0.025572,
0.179644,0.020421,0.027085,0.040260,
0.184451,0.024742,0.065378,0.045338,
0.191014,0.029223,0.065240,0.043915,
0.196098,0.032541,0.038180,0.023834,
0.163290,0.027430,0.033856,0.018779,
0.165357,0.029895,0.009326,0.029368,
0.165981,0.033069,0.003572,0.033406,
0.166378,0.036347,0.004264,0.032070,
0.164453,0.039002,-0.038978,0.021651,
0.178390,0.037223,0.390116,0.001198,
0.223902,0.037382,0.505970,0.001915,
0.275485,0.037545,0.519424,0.001334,
0.322235,0.037507,0.419221,-0.001800,
0.342590,0.037412,0.019123,-0.000230,
0.327834,0.035704,0.012585,0.001165,
0.327779,0.035862,-0.011658,0.001864,
0.325551,0.036020,-0.031068,0.001309,
0.322462,0.035985,-0.030457,-0.001700,
0.315909,0.035894,-0.094625,-0.000212,
TIME: 2183 - SYSTEM: Plan 539
0.025942,0.000321,0.387192,0.031058,
0.074867,0.004380,0.571137,0.048298,
0.135465,0.009540,0.629889,0.053915,
0.190910,0.014670,0.485497,0.048607,
0.205497,0.018561,-0.142966,0.030328,
0.177262,0.017049,0.019709,0.025573,
0.179644,0.020417,0.027083,0.040259,
0.184450,0.024740,0.065376,0.045341,
0.191013,0.029225,0.065239,0.043916,
0.196097,0.032539,0.038180,0.023862,
0.163289,0.027429,0.033862,0.018766,
0.165358,0.029894,0.009339,0.029339,
0.165982,0.033063,0.003575,0.033371,
0.166379,0.036337,0.004263,0.032033,
0.164454,0.038991,-0.038978,0.021621,
0.178391,0.037213,0.390107,0.001197,
0.223902,0.037372,0.505956,0.001914,
0.275483,0.037533,0.519415,0.001334,
0.322232,0.037494,0.419230,-0.001799,
0.342591,0.037400,0.019176,-0.000228,
0.327835,0.035694,0.012584,0.001168,
0.327779,0.035845,-0.011660,0.001864,
0.325551,0.036004,-0.031070,0.001312,
0.322462,0.035971,-0.030459,-0.001696,
0.315908,0.035882,-0.094626,-0.000212,
TIME: 2186 - SYSTEM: Plan 540
0.025942,0.000321,0.387194,0.031058,
0.074868,0.004381,0.571139,0.048297,
0.135465,0.009540,0.629891,0.053916,
0.190910,0.014670,0.485498,0.048607,
0.205497,0.018561,-0.142965,0.030328,
0.177262,0.017046,0.019710,0.025575,
0.179644,0.020417,0.027085,0.040261,
0.184451,0.024743,0.065378,0.045341,
0.191014,0.029217,0.065240,0.043916,
0.196098,0.032536,0.038180,0.023854,
0.163290,0.027429,0.033856,0.018776,
0.165357,0.029894,0.009327,0.029360,
0.165981,0.033065,0.003573,0.033389,
0.166378,0.036342,0.004260,0.032052,
0.164452,0.038992,-0.038989,0.021637,
0.178389,0.037214,0.390118,0.001198,
0.223902,0.037372,0.505971,0.001912,
0.275485,0.037532,0.519429,0.001334,
0.322234,0.037498,0.419233,-0.001797,
0.342591,0.037406,0.019148,-0.000228,
0.327835,0.035698,0.012585,0.001166,
0.327780,0.035852,-0.011658,0.001861,
0.325552,0.036009,-0.031068,0.001309,
0.322462,0.035976,-0.030457,-0.001697,
0.315908,0.035888,-0.094626,-0.000211,
TIME: 2190 - SYSTEM: Plan 541
0.025942,0.000321,0.387191,0.031058,
0.074867,0.004379,0.571135,0.048297,
0.135465,0.009539,0.629887,0.053917,
0.190910,0.014669,0.485495,0.048609,
0.205496,0.018560,-0.142965,0.030329,
0.177262,0.017045,0.019707,0.025571,
0.179643,0.020420,0.027081,0.040265,
0.184449,0.024745,0.065373,0.045339,
0.191012,0.029230,0.065237,0.043913,
0.196096,0.032544,0.038179,0.023794,
0.163289,0.027433,0.033874,0.018800,
0.165359,0.029902,0.009358,0.029408,
0.165984,0.033095,0.003576,0.033454,
0.166383,0.036389,0.004286,0.032100,
0.164462,0.039037,-0.038916,0.021660,
0.178399,0.037256,0.390109,0.001198,
0.223911,0.037417,0.505959,0.001915,
0.275492,0.037576,0.519409,0.001332,
0.322239,0.037539,0.419205,-0.001801,
0.342591,0.037443,0.019092,-0.000230,
0.327835,0.035734,0.012585,0.001166,
0.327780,0.035887,-0.011659,0.001865,
0.325551,0.036047,-0.031069,0.001312,
0.322462,0.036015,-0.030458,-0.001697,
0.315908,0.035924,-0.094626,-0.000209,
TIME: 2193 - SYSTEM: Plan 542
0.025942,0.000321,0.387191,0.031058,
0.074867,0.004381,0.571136,0.048296,
0.135465,0.009541,0.629888,0.053915,
0.190910,0.014672,0.485496,0.048606,
0.205496,0.018561,-0.142965,0.030327,
0.177262,0.017044,0.019707,0.025573,
0.179644,0.020421,0.027081,0.040259,
0.184449,0.024742,0.065373,0.045339,
0.191012,0.029224,0.065237,0.043915,
0.196096,0.032540,0.038179,0.023828,
0.163289,0.027430,0.033871,0.018786,
0.165358,0.029883,0.009354,0.029367,
0.165984,0.033066,0.003576,0.033417,
0.166382,0.036365,0.004277,0.032078,
0.164459,0.039027,-0.038939,0.021650,
0.178396,0.037249,0.390106,0.001196,
0.223908,0.037410,0.505956,0.001914,
0.275489,0.037570,0.519408,0.001330,
0.322235,0.037531,0.419209,-0.001804,
0.342590,0.037436,0.019118,-0.000232,
0.327834,0.035724,0.012586,0.001167,
0.327779,0.035885,-0.011657,0.001866,
0.325551,0.036045,-0.031067,0.001312,
0.322462,0.036008,-0.030456,-0.001697,
0.315909,0.035918,-0.094624,-0.000211,
TIME: 2197 - SYSTEM: Plan 543
0.025942,0.000320,0.387192,0.031058,
0.074867,0.004379,0.571137,0.048298,
0.135465,0.009541,0.629888,0.053917,
0.190910,0.014672,0.485496,0.048607,
0.205497,0.018562,-0.142966,0.030327,
0.177262,0.017048,0.019708,0.025575,
0.179644,0.020420,0.027083,0.040258,
0.184450,0.024744,0.065376,0.045339,
0.191013,0.029223,0.065239,0.043913,
0.196097,0.032540,0.038180,0.023809,
0.163289,0.027423,0.033865,0.018802,
0.165358,0.029891,0.009341,0.029398,
0.165983,0.033077,0.003574,0.033447,
0.166380,0.036362,0.004275,0.032101,
0.164457,0.039027,-0.038945,0.021665,
0.178394,0.037249,0.390117,0.001199,
0.223907,0.037408,0.505971,0.001913,
0.275489,0.037571,0.519420,0.001330,
0.322237,0.037532,0.419210,-0.001802,
0.342591,0.037438,0.019088,-0.000233,
0.327834,0.035729,0.012583,0.001165,
0.327780,0.035887,-0.011661,0.001860,
0.325551,0.036041,-0.031071,0.001308,
0.322462,0.036007,-0.030459,-0.001699,
0.315908,0.035919,-0.094625,-0.000209,
TIME: 2201 - SYSTEM: Plan 544
0.025942,0.000321,0.387192,0.031057,
0.074868,0.004380,0.571138,0.048296,
0.135465,0.009541,0.629889,0.053915,
0.190910,0.014671,0.485497,0.048606,
0.205497,0.018562,-0.142966,0.030327,
0.177262,0.017048,0.019709,0.025572,
0.179644,0.020420,0.027083,0.040261,
0.184450,0.024745,0.065375,0.045338,
0.191013,0.029224,0.065239,0.043915,
0.196097,0.032542,0.038180,0.023837,
0.163289,0.027435,0.033862,0.018776,
0.165357,0.029894,0.009337,0.029367,
0.165982,0.033068,0.003574,0.033404,
0.166379,0.036352,0.004267,0.032068,
0.164455,0.039019,-0.038967,0.021644,
0.178393,0.037240,0.390114,0.001198,
0.223904,0.037401,0.505965,0.001916,
0.275487,0.037562,0.519420,0.001333,
0.322234,0.037524,0.419222,-0.001802,
0.342590,0.037431,0.019132,-0.000231,
0.327834,0.035722,0.012586,0.001166,
0.327780,0.035877,-0.011658,0.001863,
0.325551,0.036032,-0.031067,0.001311,
0.322462,0.035998,-0.030456,-0.001697,
0.315909,0.035907,-0.094626,-0.000208,
TIME: 2204 - SYSTEM: Plan 545
0.025942,0.000321,0.387192,0.031058,
0.074867,0.004381,0.571137,0.048298,
0.135465,0.009540,0.629889,0.053916,
0.190910,0.014670,0.485497,0.048608,
0.205497,0.018561,-0.142965,0.030328,
0.177262,0.017047,0.019708,0.025572,
0.179644,0.020423,0.027083,0.040262,
0.184450,0.024746,0.065375,0.045339,
0.191013,0.029220,0.065238,0.043912,
0.196097,0.032537,0.038179,0.023788,
0.163289,0.027430,0.033867,0.018808,
0.165358,0.029898,0.009345,0.029413,
0.165983,0.033086,0.003574,0.033457,
0.166381,0.036367,0.004282,0.032116,
0.164459,0.039028,-0.038931,0.021676,
0.178395,0.037247,0.390114,0.001198,
0.223908,0.037408,0.505968,0.001913,
0.275491,0.037568,0.519417,0.001331,
0.322239,0.037528,0.419200,-0.001802,
0.342590,0.037433,0.019066,-0.000229,
0.327834,0.035724,0.012585,0.001166,
0.327779,0.035876,-0.011658,0.001864,
0.325551,0.036032,-0.031068,0.001312,
0.322462,0.035996,-0.030457,-0.001694,
0.315909,0.035908,-0.094625,-0.000204,
TIME: 2208 - SYSTEM: Plan 546
0.025942,0.000321,0.387192,0.031058,
0.074867,0.004380,0.571136,0.048296,
0.135465,0.009540,0.629888,0.053914,
0.190910,0.014670,0.485496,0.048606,
0.205496,0.018561,-0.142966,0.030327,
0.177262,0.017045,0.019706,0.025575,
0.179643,0.020420,0.027080,0.040261,
0.184449,0.024744,0.065372,0.045338,
0.191012,0.029223,0.065237,0.043916,
0.196096,0.032540,0.038179,0.023842,
0.163289,0.027427,0.033874,0.018779,
0.165359,0.029898,0.009360,0.029371,
0.165985,0.033069,0.003578,0.033406,
0.166382,0.036362,0.004278,0.032064,
0.164460,0.039027,-0.038939,0.021631,
0.178396,0.037250,0.390101,0.001197,
0.223907,0.037409,0.505947,0.001914,
0.275487,0.037568,0.519403,0.001331,
0.322235,0.037531,0.419215,-0.001799,
0.342591,0.037436,0.019147,-0.000229,
0.327835,0.035728,0.012582,0.001166,
0.327780,0.035884,-0.011663,0.001863,
0.325551,0.036038,-0.031073,0.001310,
0.322462,0.036005,-0.030461,-0.001697,
0.315908,0.035916,-0.094627,-0.000210,
TIME: 2212 - SYSTEM: Plan 547
0.025942,0.000321,0.387192,0.031059,
0.074867,0.004380,0.571137,0.048298,
0.135465,0.009540,0.629889,0.053916,
0.190910,0.014670,0.485497,0.048607,
0.205497,0.018561,-0.142965,0.030328,
0.177262,0.017049,0.019708,0.025573,
0.179644,0.020421,0.027082,0.040259,
0.184450,0.024742,0.065375,0.045338,
0.191013,0.029219,0.065238,0.043913,
0.196097,0.032538,0.038179,0.023806,
0.163289,0.027425,0.033867,0.018797,
0.165358,0.029899,0.009345,0.029395,
0.165983,0.033058,0.003575,0.033438,
0.166381,0.036350,0.004278,0.032103,
0.164458,0.039022,-0.038939,0.021678,
0.178395,0.037244,0.390117,0.001196,
0.223908,0.037403,0.505972,0.001914,
0.275491,0.037564,0.519421,0.001333,
0.322237,0.037527,0.419203,-0.001800,
0.342589,0.037432,0.019068,-0.000231,
0.327833,0.035723,0.012587,0.001165,
0.327779,0.035878,-0.011655,0.001864,
0.325551,0.036034,-0.031065,0.001312,
0.322462,0.036003,-0.030453,-0.001697,
0.315909,0.035911,-0.094623,-0.000209,
TIME: 2216 - SYSTEM: Plan 548
0.025942,0.000321,0.387193,0.031057,
0.074868,0.004380,0.571138,0.048296,
0.135465,0.009539,0.629890,0.053915,
0.190910,0.014669,0.485497,0.048607,
0.205497,0.018561,-0.142967,0.030328,
0.177262,0.017047,0.019710,0.025572,
0.179644,0.020423,0.027085,0.040262,
0.184451,0.024746,0.065378,0.045339,
0.191014,0.029220,0.065241,0.043912,
0.196098,0.032537,0.038180,0.023788,
0.163290,0.027427,0.033860,0.018807,
0.165357,0.029886,0.009331,0.029413,
0.165982,0.033067,0.003572,0.033456,
0.166379,0.036351,0.004275,0.032125,
0.164456,0.039010,-0.038949,0.021689,
0.178393,0.037231,0.390128,0.001198,
0.223907,0.037393,0.505987,0.001913,
0.275491,0.037556,0.519434,0.001332,
0.322239,0.037519,0.419206,-0.001802,
0.342589,0.037429,0.019048,-0.000234,
0.327833,0.035719,0.012587,0.001165,
0.327779,0.035871,-0.011656,0.001864,
0.325551,0.036032,-0.031065,0.001312,
0.322462,0.035999,-0.030454,-0.001697,
0.315909,0.035909,-0.094624,-0.000209,
TIME: 2220 - SYSTEM: Plan 549
0.025942,0.000321,0.387191,0.031057,
0.074867,0.004380,0.571136,0.048296,
0.135465,0.009540,0.629887,0.053915,
0.190910,0.014670,0.485495,0.048607,
0.205496,0.018561,-0.142967,0.030327,
0.177262,0.017045,0.019707,0.025576,
0.179643,0.020421,0.027081,0.040260,
0.184449,0.024746,0.065374,0.045340,
0.191012,0.029222,0.065238,0.043914,
0.196096,0.032537,0.038179,0.023809,
0.163289,0.027427,0.033872,0.018800,
0.165359,0.029898,0.009355,0.029389,
0.165984,0.033068,0.003576,0.033429,
0.166382,0.036347,0.004282,0.032095,
0.164460,0.039024,-0.038928,0.021669,
0.178397,0.037245,0.390107,0.001199,
0.223908,0.037405,0.505959,0.001913,
0.275490,0.037565,0.519409,0.001331,
0.322236,0.037527,0.419198,-0.001803,
0.342589,0.037435,0.019083,-0.000231,
0.327833,0.035725,0.012588,0.001164,
0.327779,0.035880,-0.011655,0.001863,
0.325551,0.036034,-0.031064,0.001312,
0.322462,0.036003,-0.030453,-0.001694,
0.315909,0.035910,-0.094623,-0.000206,
TIME: 2223 - SYSTEM: Plan 550
0.025942,0.000321,0.387191,0.031057,
0.074867,0.004381,0.571135,0.048297,
0.135465,0.009541,0.629887,0.053915,
0.190910,0.014671,0.485495,0.048605,
0.205496,0.018562,-0.142966,0.030326,
0.177262,0.017048,0.019707,0.025575,
0.179644,0.020420,0.027081,0.040258,
0.184450,0.024744,0.065374,0.045339,
0.191012,0.029223,0.065237,0.043913,
0.196096,0.032540,0.038179,0.023808,
0.163289,0.027426,0.033872,0.018789,
0.165358,0.029891,0.009355,0.029389,
0.165984,0.033068,0.003576,0.033439,
0.166382,0.036352,0.004282,0.032101,
0.164460,0.039014,-0.038928,0.021666,
0.178397,0.037237,0.390109,0.001198,
0.223909,0.037398,0.505961,0.001912,
0.275492,0.037559,0.519411,0.001332,
0.322238,0.037519,0.419201,-0.001801,
0.342590,0.037426,0.019085,-0.000232,
0.327834,0.035718,0.012587,0.001165,
0.327779,0.035873,-0.011656,0.001865,
0.325551,0.036032,-0.031065,0.001313,
0.322462,0.036000,-0.030454,-0.001698,
0.315909,0.035911,-0.094624,-0.000211,
TIME: 2227 - SYSTEM: Plan 551
0.025942,0.000321,0.387192,0.031057,
0.074867,0.004380,0.571137,0.048297,
0.135465,0.009540,0.629889,0.053915,
0.190910,0.014670,0.485496,0.048606,
0.205497,0.018562,-0.142966,0.030327,
0.177262,0.017048,0.019708,0.025569,
0.179644,0.020419,0.027083,0.040258,
0.184450,0.024747,0.065375,0.045337,
0.191013,0.029228,0.065238,0.043914,
0.196097,0.032544,0.038179,0.023818,
0.163289,0.027430,0.033865,0.018793,
0.165358,0.029902,0.009343,0.029384,
0.165983,0.033073,0.003574,0.033418,
0.166380,0.036350,0.004274,0.032077,
0.164457,0.039011,-0.038948,0.021660,
0.178394,0.037232,0.390110,0.001199,
0.223906,0.037390,0.505962,0.001915,
0.275488,0.037557,0.519415,0.001333,
0.322236,0.037517,0.419209,-0.001802,
0.342590,0.037422,0.019103,-0.000232,
0.327834,0.035714,0.012587,0.001166,
0.327779,0.035871,-0.011656,0.001865,
0.325551,0.036028,-0.031066,0.001308,
0.322462,0.035996,-0.030455,-0.001699,
0.315909,0.035904,-0.094625,-0.000212,
TIME: 2230 - SYSTEM: Plan 552
0.025942,0.000321,0.387192,0.031057,
0.074867,0.004380,0.571137,0.048296,
0.135465,0.009541,0.629889,0.053916,
0.190910,0.014671,0.485496,0.048607,
0.205497,0.018561,-0.142966,0.030327,
0.177262,0.017046,0.019708,0.025577,
0.179644,0.020421,0.027082,0.040255,
0.184450,0.024745,0.065375,0.045336,
0.191013,0.029224,0.065238,0.043913,
0.196096,0.032540,0.038179,0.023796,
0.163289,0.027430,0.033868,0.018803,
0.165358,0.029895,0.009347,0.029407,
0.165983,0.033077,0.003574,0.033453,
0.166381,0.036358,0.004281,0.032107,
0.164459,0.039010,-0.038931,0.021673,
0.178396,0.037232,0.390112,0.001199,
0.223908,0.037396,0.505964,0.001915,
0.275491,0.037553,0.519413,0.001331,
0.322239,0.037516,0.419200,-0.001801,
0.342590,0.037423,0.019072,-0.000232,
0.327834,0.035714,0.012586,0.001166,
0.327779,0.035867,-0.011657,0.001865,
0.325551,0.036025,-0.031067,0.001313,
0.322462,0.035993,-0.030456,-0.001693,
0.315909,0.035905,-0.094625,-0.000207,
TIME: 2234 - SYSTEM: Plan 553
0.025942,0.000321,0.387191,0.031057,
0.074867,0.004379,0.571136,0.048298,
0.135465,0.009539,0.629888,0.053917,
0.190910,0.014670,0.485496,0.048608,
0.205496,0.018561,-0.142966,0.030328,
0.177262,0.017047,0.019707,0.025573,
0.179644,0.020421,0.027081,0.040261,
0.184450,0.024743,0.065373,0.045340,
0.191012,0.029220,0.065237,0.043914,
0.196096,0.032533,0.038179,0.023815,
0.163289,0.027427,0.033870,0.018794,
0.165358,0.029897,0.009353,0.029391,
0.165984,0.033068,0.003576,0.033434,
0.166382,0.036358,0.004279,0.032091,
0.164460,0.039017,-0.038934,0.021661,
0.178396,0.037240,0.390111,0.001198,
0.223908,0.037401,0.505963,0.001914,
0.275489,0.037558,0.519413,0.001332,
0.322236,0.037521,0.419206,-0.001802,
0.342590,0.037427,0.019095,-0.000231,
0.327834,0.035717,0.012586,0.001165,
0.327779,0.035873,-0.011657,0.001865,
0.325551,0.036032,-0.031066,0.001312,
0.322462,0.035997,-0.030455,-0.001698,
0.315909,0.035907,-0.094625,-0.000210,
TIME: 2238 - SYSTEM: Plan 554
0.025942,0.000322,0.387191,0.031057,
0.074867,0.004381,0.571136,0.048296,
0.135465,0.009541,0.629887,0.053915,
0.190910,0.014671,0.485495,0.048607,
0.205496,0.018561,-0.142966,0.030328,
0.177261,0.017049,0.019706,0.025573,
0.179643,0.020421,0.027080,0.040259,
0.184449,0.024742,0.065372,0.045338,
0.191012,0.029219,0.065236,0.043913,
0.196095,0.032538,0.038179,0.023806,
0.163289,0.027431,0.033876,0.018799,
0.165359,0.029898,0.009363,0.029399,
0.165985,0.033059,0.003577,0.033435,
0.166383,0.036352,0.004286,0.032100,
0.164462,0.039020,-0.038915,0.021671,
0.178399,0.037242,0.390108,0.001198,
0.223910,0.037401,0.505959,0.001914,
0.275491,0.037560,0.519409,0.001331,
0.322238,0.037520,0.419196,-0.001800,
0.342589,0.037422,0.019077,-0.000228,
0.327833,0.035713,0.012589,0.001164,
0.327779,0.035868,-0.011654,0.001864,
0.325551,0.036025,-0.031063,0.001312,
0.322462,0.035993,-0.030452,-0.001695,
0.315909,0.035900,-0.094623,-0.000206,
TIME: 2242 - SYSTEM: Plan 555
0.025942,0.000321,0.387191,0.031057,
0.074867,0.004380,0.571135,0.048296,
0.135465,0.009540,0.629887,0.053916,
0.190910,0.014670,0.485495,0.048606,
0.205496,0.018560,-0.142966,0.030327,
0.177261,0.017045,0.019706,0.025574,
0.179643,0.020415,0.027080,0.040261,
0.184449,0.024741,0.065372,0.045337,
0.191012,0.029220,0.065236,0.043916,
0.196095,0.032535,0.038179,0.023836,
0.163289,0.027421,0.033876,0.018775,
0.165359,0.029887,0.009363,0.029375,
0.165985,0.033040,0.003578,0.033414,
0.166383,0.036325,0.004280,0.032088,
0.164461,0.038981,-0.038931,0.021666,
0.178398,0.037203,0.390105,0.001198,
0.223909,0.037367,0.505956,0.001914,
0.275490,0.037528,0.519406,0.001332,
0.322237,0.037485,0.419196,-0.001801,
0.342588,0.037396,0.019089,-0.000231,
0.327833,0.035691,0.012590,0.001167,
0.327778,0.035842,-0.011652,0.001863,
0.325551,0.036000,-0.031061,0.001312,
0.322462,0.035969,-0.030451,-0.001695,
0.315909,0.035878,-0.094622,-0.000210,
TIME: 2245 - SYSTEM: Plan 556
0.025942,0.000321,0.387192,0.031057,
0.074867,0.004381,0.571136,0.048296,
0.135465,0.009541,0.629888,0.053915,
0.190910,0.014671,0.485496,0.048606,
0.205496,0.018561,-0.142966,0.030326,
0.177262,0.017046,0.019708,0.025575,
0.179644,0.020418,0.027082,0.040262,
0.184450,0.024742,0.065374,0.045341,
0.191013,0.029217,0.065238,0.043916,
0.196096,0.032535,0.038179,0.023842,
0.163289,0.027428,0.033869,0.018781,
0.165358,0.029887,0.009352,0.029376,
0.165984,0.033066,0.003576,0.033412,
0.166381,0.036345,0.004273,0.032071,
0.164458,0.039017,-0.038950,0.021644,
0.178394,0.037239,0.390108,0.001197,
0.223906,0.037399,0.505958,0.001913,
0.275488,0.037557,0.519412,0.001330,
0.322235,0.037519,0.419215,-0.001801,
0.342590,0.037422,0.019128,-0.000229,
0.327834,0.035716,0.012585,0.001166,
0.327779,0.035871,-0.011659,0.001863,
0.325551,0.036029,-0.031069,0.001312,
0.322462,0.035993,-0.030458,-0.001698,
0.315908,0.035901,-0.094626,-0.000210,
TIME: 2249 - SYSTEM: Plan 557
0.025942,0.000321,0.387192,0.031057,
0.074867,0.004380,0.571137,0.048296,
0.135465,0.009539,0.629888,0.053915,
0.190910,0.014669,0.485496,0.048608,
0.205497,0.018559,-0.142965,0.030329,
0.177262,0.017045,0.019708,0.025574,
0.179644,0.020415,0.027082,0.040258,
0.184450,0.024743,0.065375,0.045341,
0.191013,0.029221,0.065238,0.043914,
0.196096,0.032539,0.038179,0.023814,
0.163289,0.027426,0.033867,0.018787,
0.165358,0.029897,0.009346,0.029382,
0.165983,0.033061,0.003575,0.033428,
0.166381,0.036345,0.004277,0.032097,
0.164458,0.039009,-0.038941,0.021669,
0.178395,0.037229,0.390112,0.001198,
0.223907,0.037387,0.505966,0.001912,
0.275489,0.037547,0.519415,0.001334,
0.322237,0.037512,0.419202,-0.001799,
0.342589,0.037418,0.019085,-0.000229,
0.327833,0.035711,0.012588,0.001166,
0.327779,0.035863,-0.011654,0.001864,
0.325551,0.036023,-0.031064,0.001310,
0.322462,0.035989,-0.030453,-0.001698,
0.315909,0.035896,-0.094623,-0.000210,
TIME: 2252 - SYSTEM: Plan 558
0.025942,0.000321,0.387192,0.031057,
0.074867,0.004380,0.571136,0.048297,
0.135465,0.009539,0.629888,0.053916,
0.190910,0.014670,0.485496,0.048608,
0.205496,0.018561,-0.142966,0.030328,
0.177262,0.017044,0.019707,0.025574,
0.179644,0.020421,0.027081,0.040259,
0.184450,0.024742,0.065374,0.045339,
0.191012,0.029223,0.065238,0.043911,
0.196096,0.032538,0.038179,0.023767,
0.163289,0.027425,0.033873,0.018824,
0.165359,0.029893,0.009355,0.029428,
0.165984,0.033061,0.003574,0.033472,
0.166382,0.036359,0.004290,0.032145,
0.164462,0.039019,-0.038905,0.021701,
0.178399,0.037239,0.390115,0.001196,
0.223911,0.037403,0.505971,0.001913,
0.275494,0.037563,0.519416,0.001332,
0.322241,0.037525,0.419183,-0.001802,
0.342589,0.037429,0.019020,-0.000232,
0.327833,0.035722,0.012590,0.001166,
0.327779,0.035875,-0.011652,0.001863,
0.325551,0.036033,-0.031061,0.001311,
0.322462,0.036001,-0.030451,-0.001699,
0.315909,0.035912,-0.094622,-0.000210,
TIME: 2256 - SYSTEM: Plan 559
0.025942,0.000321,0.387193,0.031058,
0.074868,0.004380,0.571139,0.048297,
0.135465,0.009539,0.629890,0.053916,
0.190910,0.014670,0.485497,0.048607,
0.205497,0.018560,-0.142967,0.030328,
0.177262,0.017046,0.019710,0.025571,
0.179644,0.020417,0.027085,0.040259,
0.184451,0.024746,0.065377,0.045337,
0.191014,0.029224,0.065240,0.043915,
0.196098,0.032542,0.038180,0.023839,
0.163289,0.027429,0.033859,0.018778,
0.165357,0.029888,0.009332,0.029366,
0.165982,0.033056,0.003573,0.033406,
0.166379,0.036349,0.004265,0.032070,
0.164454,0.039010,-0.038973,0.021648,
0.178391,0.037232,0.390115,0.001199,
0.223903,0.037391,0.505967,0.001914,
0.275486,0.037554,0.519421,0.001332,
0.322235,0.037515,0.419220,-0.001800,
0.342590,0.037419,0.019126,-0.000229,
0.327834,0.035711,0.012585,0.001165,
0.327780,0.035862,-0.011658,0.001864,
0.325551,0.036018,-0.031067,0.001312,
0.322462,0.035988,-0.030457,-0.001695,
0.315909,0.035898,-0.094626,-0.000208,
TIME: 2260 - SYSTEM: Plan 560
0.025942,0.000321,0.387191,0.031058,
0.074867,0.004381,0.571136,0.048297,
0.135465,0.009541,0.629888,0.053915,
0.190910,0.014670,0.485496,0.048607,
0.205497,0.018561,-0.142966,0.030328,
0.177262,0.017047,0.019708,0.025574,
0.179644,0.020421,0.027082,0.040263,
0.184450,0.024743,0.065375,0.045338,
0.191013,0.029219,0.065238,0.043914,
0.196097,0.032537,0.038179,0.023816,
0.163289,0.027427,0.033867,0.018789,
0.165358,0.029904,0.009345,0.029386,
0.165983,0.033072,0.003575,0.033428,
0.166381,0.036368,0.004276,0.032093,
0.164458,0.039021,-0.038944,0.021657,
0.178395,0.037243,0.390108,0.001199,
0.223906,0.037402,0.505959,0.001914,
0.275488,0.037562,0.519410,0.001333,
0.322236,0.037528,0.419205,-0.001800,
0.342590,0.037435,0.019103,-0.000232,
0.327834,0.035724,0.012585,0.001166,
0.327780,0.035878,-0.011658,0.001864,
0.325551,0.036038,-0.031068,0.001315,
0.322462,0.036003,-0.030457,-0.001694,
0.315909,0.035913,-0.094626,-0.000207,
TIME: 2263 - SYSTEM: Plan 561
0.025942,0.000321,0.387192,0.031057,
0.074867,0.004380,0.571138,0.048296,
0.135465,0.009539,0.629889,0.053914,
0.190910,0.014670,0.485497,0.048608,
0.205497,0.018560,-0.142966,0.030328,
0.177262,0.017047,0.019708,0.025572,
0.179644,0.020415,0.027083,0.040261,
0.184450,0.024740,0.065376,0.045341,
0.191013,0.029220,0.065239,0.043915,
0.196097,0.032536,0.038179,0.023823,
0.163289,0.027422,0.033864,0.018793,
0.165358,0.029878,0.009341,0.029390,
0.165983,0.033059,0.003575,0.033440,
0.166380,0.036358,0.004273,0.032094,
0.164457,0.039021,-0.038953,0.021663,
0.178393,0.037241,0.390117,0.001197,
0.223906,0.037399,0.505971,0.001912,
0.275488,0.037561,0.519421,0.001332,
0.322236,0.037526,0.419212,-0.001800,
0.342590,0.037432,0.019093,-0.000231,
0.327834,0.035723,0.012585,0.001166,
0.327779,0.035878,-0.011659,0.001864,
0.325551,0.036037,-0.031068,0.001311,
0.322462,0.036005,-0.030457,-0.001698,
0.315909,0.035913,-0.094625,-0.000212,
TIME: 2267 - SYSTEM: Plan 562
0.025942,0.000321,0.387192,0.031057,
0.074868,0.004380,0.571137,0.048296,
0.135465,0.009541,0.629889,0.053916,
0.190910,0.014672,0.485496,0.048606,
0.205497,0.018562,-0.142966,0.030327,
0.177262,0.017049,0.019709,0.025573,
0.179644,0.020421,0.027083,0.040259,
0.184450,0.024745,0.065376,0.045336,
0.191013,0.029225,0.065239,0.043911,
0.196097,0.032540,0.038180,0.023776,
0.163289,0.027426,0.033864,0.018817,
0.165358,0.029891,0.009339,0.029433,
0.165983,0.033085,0.003572,0.033481,
0.166380,0.036391,0.004281,0.032140,
0.164458,0.039048,-0.038930,0.021688,
0.178396,0.037270,0.390124,0.001198,
0.223910,0.037426,0.505981,0.001915,
0.275494,0.037585,0.519428,0.001334,
0.322242,0.037549,0.419202,-0.001798,
0.342590,0.037454,0.019042,-0.000227,
0.327834,0.035745,0.012585,0.001166,
0.327779,0.035896,-0.011658,0.001867,
0.325551,0.036056,-0.031068,0.001312,
0.322462,0.036025,-0.030457,-0.001697,
0.315909,0.035933,-0.094626,-0.000208,
TIME: 2271 - SYSTEM: Plan 563
0.025942,0.000321,0.387193,0.031057,
0.074867,0.004380,0.571138,0.048297,
0.135465,0.009539,0.629889,0.053915,
0.190910,0.014670,0.485496,0.048609,
0.205497,0.018560,-0.142967,0.030329,
0.177262,0.017047,0.019709,0.025572,
0.179644,0.020421,0.027083,0.040260,
0.184450,0.024747,0.065376,0.045339,
0.191013,0.029221,0.065239,0.043913,
0.196097,0.032536,0.038180,0.023807,
0.163289,0.027426,0.033862,0.018794,
0.165358,0.029891,0.009335,0.029395,
0.165982,0.033056,0.003573,0.033447,
0.166379,0.036336,0.004273,0.032111,
0.164456,0.038996,-0.038952,0.021687,
0.178394,0.037218,0.390119,0.001198,
0.223907,0.037378,0.505976,0.001915,
0.275490,0.037541,0.519422,0.001332,
0.322238,0.037503,0.419199,-0.001801,
0.342589,0.037415,0.019054,-0.000232,
0.327833,0.035708,0.012588,0.001166,
0.327778,0.035861,-0.011654,0.001863,
0.325551,0.036019,-0.031064,0.001312,
0.322462,0.035985,-0.030453,-0.001696,
0.315909,0.035894,-0.094623,-0.000207,
TIME: 2274 - SYSTEM: Plan 564
0.025942,0.000321,0.387192,0.031057,
0.074867,0.004380,0.571137,0.048297,
0.135465,0.009540,0.629888,0.053917,
0.190910,0.014670,0.485496,0.048608,
0.205496,0.018561,-0.142966,0.030328,
0.177262,0.017048,0.019707,0.025575,
0.179644,0.020418,0.027081,0.040261,
0.184450,0.024740,0.065374,0.045339,
0.191013,0.029221,0.065238,0.043913,
0.196096,0.032541,0.038179,0.023822,
0.163289,0.027434,0.033870,0.018783,
0.165358,0.029902,0.009353,0.029386,
0.165984,0.033073,0.003576,0.033426,
0.166381,0.036378,0.004278,0.032083,
0.164459,0.039034,-0.038937,0.021644,
0.178395,0.037255,0.390106,0.001196,
0.223907,0.037415,0.505954,0.001914,
0.275488,0.037574,0.519407,0.001331,
0.322236,0.037539,0.419211,-0.001801,
0.342591,0.037443,0.019124,-0.000231,
0.327835,0.035735,0.012583,0.001167,
0.327780,0.035892,-0.011661,0.001862,
0.325551,0.036052,-0.031071,0.001308,
0.322462,0.036019,-0.030460,-0.001702,
0.315908,0.035929,-0.094627,-0.000217,
TIME: 2278 - SYSTEM: Plan 565
0.025942,0.000322,0.387192,0.031056,
0.074867,0.004381,0.571136,0.048297,
0.135465,0.009541,0.629888,0.053916,
0.190910,0.014671,0.485496,0.048607,
0.205497,0.018562,-0.142965,0.030327,
0.177262,0.017049,0.019708,0.025574,
0.179644,0.020417,0.027082,0.040262,
0.184450,0.024739,0.065375,0.045339,
0.191013,0.029219,0.065238,0.043918,
0.196096,0.032540,0.038179,0.023871,
0.163289,0.027427,0.033866,0.018757,
0.165358,0.029893,0.009347,0.029334,
0.165983,0.033060,0.003577,0.033374,
0.166380,0.036332,0.004265,0.032032,
0.164456,0.038987,-0.038971,0.021625,
0.178392,0.037212,0.390103,0.001196,
0.223903,0.037368,0.505950,0.001911,
0.275484,0.037531,0.519407,0.001330,
0.322232,0.037493,0.419224,-0.001800,
0.342590,0.037398,0.019170,-0.000231,
0.327834,0.035690,0.012585,0.001167,
0.327779,0.035850,-0.011659,0.001865,
0.325551,0.036001,-0.031069,0.001312,
0.322462,0.035969,-0.030457,-0.001696,
0.315909,0.035878,-0.094625,-0.000211,
TIME: 2281 - SYSTEM: Plan 566
0.025942,0.000321,0.387191,0.031058,
0.074867,0.004379,0.571136,0.048297,
0.135465,0.009538,0.629888,0.053917,
0.190910,0.014668,0.485496,0.048609,
0.205496,0.018558,-0.142965,0.030330,
0.177262,0.017045,0.019708,0.025573,
0.179644,0.020419,0.027082,0.040262,
0.184450,0.024747,0.065375,0.045336,
0.191013,0.029220,0.065238,0.043910,
0.196096,0.032536,0.038179,0.023757,
0.163289,0.027432,0.033870,0.018831,
0.165358,0.029891,0.009349,0.029446,
0.165984,0.033083,0.003573,0.033501,
0.166382,0.036376,0.004289,0.032155,
0.164461,0.039041,-0.038908,0.021704,
0.178398,0.037260,0.390122,0.001197,
0.223912,0.037421,0.505979,0.001914,
0.275496,0.037581,0.519423,0.001333,
0.322242,0.037541,0.419188,-0.001800,
0.342590,0.037447,0.019011,-0.000229,
0.327834,0.035736,0.012586,0.001167,
0.327779,0.035888,-0.011656,0.001866,
0.325551,0.036050,-0.031066,0.001312,
0.322462,0.036015,-0.030455,-0.001699,
0.315909,0.035927,-0.094624,-0.000207,
TIME: 2285 - SYSTEM: Plan 567
0.025942,0.000321,0.387192,0.031057,
0.074867,0.004380,0.571136,0.048297,
0.135465,0.009540,0.629888,0.053916,
0.190910,0.014671,0.485495,0.048607,
0.205496,0.018561,-0.142967,0.030327,
0.177261,0.017046,0.019707,0.025573,
0.179643,0.020417,0.027080,0.040261,
0.184449,0.024740,0.065373,0.045340,
0.191012,0.029223,0.065237,0.043913,
0.196096,0.032538,0.038179,0.023817,
0.163289,0.027428,0.033874,0.018790,
0.165359,0.029899,0.009359,0.029386,
0.165985,0.033068,0.003577,0.033426,
0.166382,0.036357,0.004282,0.032087,
0.164461,0.039009,-0.038927,0.021662,
0.178397,0.037228,0.390104,0.001196,
0.223908,0.037388,0.505953,0.001914,
0.275490,0.037548,0.519405,0.001334,
0.322236,0.037512,0.419199,-0.001798,
0.342589,0.037416,0.019095,-0.000228,
0.327834,0.035708,0.012587,0.001168,
0.327779,0.035863,-0.011656,0.001865,
0.325551,0.036021,-0.031065,0.001311,
0.322462,0.035985,-0.030454,-0.001698,
0.315909,0.035893,-0.094624,-0.000210,
TIME: 2288 - SYSTEM: Plan 568
0.025942,0.000321,0.387193,0.031057,
0.074868,0.004382,0.571139,0.048297,
0.135465,0.009541,0.629890,0.053914,
0.190910,0.014671,0.485498,0.048606,
0.205497,0.018562,-0.142966,0.030327,
0.177262,0.017047,0.019709,0.025575,
0.179644,0.020421,0.027084,0.040260,
0.184451,0.024745,0.065377,0.045340,
0.191014,0.029222,0.065240,0.043915,
0.196098,0.032538,0.038180,0.023838,
0.163289,0.027425,0.033859,0.018773,
0.165357,0.029894,0.009331,0.029371,
0.165982,0.033061,0.003573,0.033410,
0.166378,0.036331,0.004265,0.032075,
0.164454,0.038999,-0.038974,0.021655,
0.178391,0.037220,0.390118,0.001198,
0.223904,0.037380,0.505971,0.001914,
0.275486,0.037542,0.519424,0.001330,
0.322235,0.037503,0.419219,-0.001802,
0.342590,0.037408,0.019114,-0.000230,
0.327834,0.035699,0.012586,0.001167,
0.327779,0.035853,-0.011658,0.001867,
0.325551,0.036011,-0.031067,0.001314,
0.322462,0.035978,-0.030456,-0.001692,
0.315909,0.035883,-0.094625,-0.000207,
TIME: 2292 - SYSTEM: Plan 569
0.025942,0.000321,0.387191,0.031057,
0.074867,0.004380,0.571136,0.048297,
0.135465,0.009539,0.629888,0.053915,
0.190910,0.014669,0.485496,0.048607,
0.205496,0.018560,-0.142966,0.030328,
0.177262,0.017045,0.019707,0.025571,
0.179644,0.020420,0.027081,0.040266,
0.184450,0.024746,0.065374,0.045340,
0.191013,0.029230,0.065238,0.043911,
0.196096,0.032542,0.038179,0.023768,
0.163289,0.027438,0.033871,0.018818,
0.165358,0.029899,0.009351,0.029425,
0.165984,0.033076,0.003574,0.033477,
0.166382,0.036357,0.004289,0.032146,
0.164462,0.039020,-0.038911,0.021707,
0.178398,0.037239,0.390117,0.001198,
0.223912,0.037402,0.505975,0.001912,
0.275494,0.037560,0.519418,0.001331,
0.322240,0.037523,0.419181,-0.001802,
0.342588,0.037430,0.019012,-0.000231,
0.327832,0.035721,0.012590,0.001166,
0.327778,0.035878,-0.011652,0.001867,
0.325551,0.036034,-0.031061,0.001313,
0.322462,0.036000,-0.030451,-0.001698,
0.315909,0.035910,-0.094622,-0.000210,
TIME: 2297 - SYSTEM: Plan 570
0.025942,0.000321,0.387192,0.031057,
0.074867,0.004380,0.571137,0.048296,
0.135465,0.009540,0.629888,0.053916,
0.190910,0.014670,0.485496,0.048607,
0.205496,0.018561,-0.142967,0.030327,
0.177262,0.017050,0.019708,0.025572,
0.179644,0.020418,0.027082,0.040259,
0.184450,0.024739,0.065374,0.045340,
0.191013,0.029221,0.065238,0.043914,
0.196096,0.032534,0.038179,0.023815,
0.163289,0.027424,0.033868,0.018788,
0.165358,0.029883,0.009347,0.029399,
0.165983,0.033048,0.003575,0.033440,
0.166381,0.036353,0.004277,0.032104,
0.164458,0.039007,-0.038941,0.021673,
0.178396,0.037228,0.390114,0.001197,
0.223907,0.037392,0.505966,0.001915,
0.275490,0.037549,0.519417,0.001331,
0.322238,0.037511,0.419202,-0.001803,
0.342590,0.037416,0.019076,-0.000231,
0.327834,0.035707,0.012587,0.001166,
0.327779,0.035865,-0.011656,0.001867,
0.325551,0.036019,-0.031066,0.001311,
0.322462,0.035988,-0.030455,-0.001696,
0.315909,0.035895,-0.094624,-0.000209,
TIME: 2301 - SYSTEM: Plan 571
0.025942,0.000321,0.387191,0.031057,
0.074867,0.004380,0.571136,0.048298,
0.135465,0.009539,0.629887,0.053917,
0.190910,0.014669,0.485495,0.048608,
0.205496,0.018558,-0.142966,0.030328,
0.177262,0.017044,0.019707,0.025572,
0.179644,0.020419,0.027081,0.040262,
0.184450,0.024742,0.065374,0.045340,
0.191012,0.029218,0.065238,0.043913,
0.196096,0.032538,0.038179,0.023807,
0.163289,0.027424,0.033872,0.018793,
0.165358,0.029895,0.009354,0.029403,
0.165984,0.033051,0.003576,0.033446,
0.166382,0.036344,0.004282,0.032113,
0.164460,0.039005,-0.038928,0.021682,
0.178396,0.037228,0.390110,0.001198,
0.223909,0.037386,0.505963,0.001914,
0.275491,0.037546,0.519410,0.001331,
0.322238,0.037509,0.419191,-0.001801,
0.342589,0.037414,0.019058,-0.000230,
0.327833,0.035705,0.012588,0.001164,
0.327779,0.035859,-0.011654,0.001865,
0.325551,0.036020,-0.031064,0.001313,
0.322462,0.035985,-0.030453,-0.001697,
0.315909,0.035894,-0.094623,-0.000209,
TIME: 2305 - SYSTEM: Plan 572
0.025942,0.000321,0.387192,0.031058,
0.074867,0.004380,0.571136,0.048296,
0.135465,0.009540,0.629888,0.053915,
0.190910,0.014670,0.485496,0.048607,
0.205496,0.018561,-0.142966,0.030327,
0.177262,0.017046,0.019708,0.025573,
0.179644,0.020418,0.027082,0.040260,
0.184450,0.024743,0.065374,0.045342,
0.191013,0.029222,0.065238,0.043914,
0.196096,0.032535,0.038179,0.023814,
0.163289,0.027425,0.033870,0.018797,
0.165358,0.029885,0.009352,0.029393,
0.165984,0.033067,0.003576,0.033441,
0.166381,0.036358,0.004279,0.032095,
0.164459,0.039009,-0.038935,0.021661,
0.178396,0.037230,0.390110,0.001198,
0.223908,0.037390,0.505962,0.001913,
0.275490,0.037552,0.519412,0.001332,
0.322236,0.037515,0.419206,-0.001802,
0.342590,0.037420,0.019094,-0.000232,
0.327834,0.035713,0.012585,0.001166,
0.327779,0.035868,-0.011658,0.001862,
0.325551,0.036027,-0.031067,0.001309,
0.322462,0.035991,-0.030456,-0.001698,
0.315909,0.035900,-0.094625,-0.000211,
TIME: 2308 - SYSTEM: Plan 573
0.025942,0.000322,0.387191,0.031057,
0.074867,0.004380,0.571136,0.048297,
0.135465,0.009540,0.629887,0.053915,
0.190910,0.014670,0.485496,0.048607,
0.205496,0.018560,-0.142966,0.030328,
0.177262,0.017046,0.019707,0.025569,
0.179644,0.020418,0.027080,0.040261,
0.184449,0.024742,0.065373,0.045340,
0.191012,0.029220,0.065237,0.043916,
0.196096,0.032535,0.038179,0.023836,
0.163289,0.027425,0.033871,0.018778,
0.165358,0.029892,0.009354,0.029368,
0.165984,0.033063,0.003576,0.033415,
0.166382,0.036362,0.004275,0.032072,
0.164459,0.039008,-0.038944,0.021638,
0.178395,0.037230,0.390107,0.001198,
0.223906,0.037391,0.505956,0.001913,
0.275488,0.037555,0.519409,0.001333,
0.322235,0.037517,0.419216,-0.001803,
0.342591,0.037419,0.019136,-0.000233,
0.327835,0.035713,0.012584,0.001165,
0.327780,0.035868,-0.011660,0.001862,
0.325551,0.036022,-0.031070,0.001308,
0.322462,0.035990,-0.030459,-0.001699,
0.315908,0.035897,-0.094626,-0.000211,
TIME: 2312 - SYSTEM: Plan 574
0.025942,0.000321,0.387191,0.031057,
0.074867,0.004379,0.571136,0.048297,
0.135465,0.009539,0.629888,0.053916,
0.190910,0.014670,0.485496,0.048608,
0.205496,0.018561,-0.142965,0.030328,
0.177262,0.017044,0.019708,0.025573,
0.179644,0.020421,0.027082,0.040259,
0.184450,0.024742,0.065374,0.045339,
0.191013,0.029224,0.065238,0.043915,
0.196096,0.032540,0.038179,0.023829,
0.163289,0.027433,0.033870,0.018780,
0.165358,0.029886,0.009352,0.029371,
0.165984,0.033064,0.003576,0.033416,
0.166381,0.036339,0.004276,0.032082,
0.164459,0.039021,-0.038942,0.021659,
0.178396,0.037243,0.390112,0.001198,
0.223907,0.037403,0.505965,0.001913,
0.275488,0.037563,0.519415,0.001332,
0.322236,0.037525,0.419208,-0.001801,
0.342589,0.037427,0.019104,-0.000230,
0.327833,0.035720,0.012588,0.001164,
0.327779,0.035877,-0.011654,0.001861,
0.325551,0.036033,-0.031063,0.001309,
0.322462,0.036000,-0.030452,-0.001701,
0.315909,0.035910,-0.094623,-0.000213,
TIME: 2316 - SYSTEM: Plan 575
0.025942,0.000321,0.387192,0.031057,
0.074867,0.004379,0.571137,0.048297,
0.135465,0.009540,0.629888,0.053916,
0.190910,0.014669,0.485496,0.048608,
0.205496,0.018560,-0.142966,0.030328,
0.177262,0.017046,0.019707,0.025572,
0.179644,0.020416,0.027081,0.040261,
0.184449,0.024741,0.065374,0.045341,
0.191012,0.029220,0.065238,0.043914,
0.196096,0.032535,0.038179,0.023817,
0.163289,0.027425,0.033871,0.018794,
0.165359,0.029884,0.009355,0.029400,
0.165984,0.033064,0.003576,0.033434,
0.166382,0.036348,0.004280,0.032100,
0.164460,0.039019,-0.038932,0.021670,
0.178397,0.037240,0.390109,0.001198,
0.223909,0.037399,0.505960,0.001915,
0.275491,0.037563,0.519411,0.001332,
0.322238,0.037528,0.419199,-0.001801,
0.342589,0.037434,0.019079,-0.000233,
0.327834,0.035725,0.012587,0.001165,
0.327779,0.035879,-0.011656,0.001864,
0.325551,0.036039,-0.031065,0.001313,
0.322462,0.036006,-0.030454,-0.001696,
0.315909,0.035916,-0.094624,-0.000210,
TIME: 2320 - SYSTEM: Plan 576
0.025942,0.000321,0.387191,0.031057,
0.074867,0.004380,0.571136,0.048297,
0.135465,0.009539,0.629888,0.053916,
0.190910,0.014670,0.485496,0.048607,
0.205496,0.018561,-0.142966,0.030328,
0.177262,0.017047,0.019707,0.025578,
0.179644,0.020418,0.027081,0.040259,
0.184449,0.024740,0.065373,0.045339,
0.191012,0.029217,0.065238,0.043912,
0.196096,0.032529,0.038179,0.023785,
0.163289,0.027420,0.033874,0.018811,
0.165359,0.029887,0.009358,0.029420,
0.165984,0.033051,0.003575,0.033470,
0.166383,0.036347,0.004288,0.032138,
0.164462,0.039009,-0.038911,0.021698,
0.178399,0.037231,0.390117,0.001198,
0.223912,0.037392,0.505973,0.001913,
0.275494,0.037553,0.519417,0.001330,
0.322240,0.037511,0.419187,-0.001803,
0.342588,0.037419,0.019026,-0.000230,
0.327833,0.035712,0.012590,0.001167,
0.327778,0.035867,-0.011652,0.001863,
0.325551,0.036021,-0.031061,0.001310,
0.322462,0.035988,-0.030450,-0.001698,
0.315909,0.035898,-0.094622,-0.000210,
TIME: 2324 - SYSTEM: Plan 577
0.025942,0.000321,0.387192,0.031057,
0.074867,0.004380,0.571137,0.048296,
0.135465,0.009541,0.629888,0.053915,
0.190910,0.014671,0.485496,0.048607,
0.205497,0.018561,-0.142967,0.030327,
0.177262,0.017046,0.019708,0.025575,
0.179644,0.020418,0.027082,0.040261,
0.184450,0.024743,0.065375,0.045341,
0.191013,0.029217,0.065238,0.043916,
0.196097,0.032536,0.038179,0.023854,
0.163289,0.027426,0.033866,0.018773,
0.165358,0.029882,0.009346,0.029358,
0.165983,0.033058,0.003577,0.033390,
0.166380,0.036340,0.004269,0.032056,
0.164456,0.038996,-0.038964,0.021640,
0.178393,0.037218,0.390106,0.001197,
0.223904,0.037379,0.505955,0.001914,
0.275486,0.037540,0.519411,0.001330,
0.322234,0.037500,0.419217,-0.001800,
0.342590,0.037408,0.019141,-0.000231,
0.327834,0.035701,0.012586,0.001167,
0.327779,0.035854,-0.011657,0.001865,
0.325551,0.036011,-0.031066,0.001312,
0.322462,0.035977,-0.030456,-0.001696,
0.315909,0.035887,-0.094625,-0.000210,
TIME: 2327 - SYSTEM: Plan 578
0.025942,0.000321,0.387191,0.031057,
0.074867,0.004381,0.571136,0.048297,
0.135465,0.009541,0.629888,0.053915,
0.190910,0.014671,0.485496,0.048607,
0.205497,0.018562,-0.142965,0.030327,
0.177262,0.017048,0.019708,0.025573,
0.179644,0.020420,0.027083,0.040261,
0.184450,0.024743,0.065375,0.045338,
0.191013,0.029223,0.065238,0.043913,
0.196097,0.032537,0.038180,0.023803,
0.163289,0.027433,0.033865,0.018799,
0.165358,0.029898,0.009341,0.029404,
0.165983,0.033072,0.003573,0.033445,
0.166380,0.036365,0.004276,0.032101,
0.164458,0.039025,-0.038942,0.021668,
0.178394,0.037246,0.390118,0.001197,
0.223907,0.037406,0.505972,0.001914,
0.275490,0.037568,0.519422,0.001332,
0.322238,0.037528,0.419210,-0.001802,
0.342590,0.037435,0.019083,-0.000232,
0.327834,0.035726,0.012585,0.001165,
0.327779,0.035882,-0.011658,0.001862,
0.325552,0.036038,-0.031068,0.001310,
0.322462,0.036003,-0.030457,-0.001698,
0.315909,0.035915,-0.094625,-0.000209,
TIME: 2331 - SYSTEM: Plan 579
0.025942,0.000320,0.387194,0.031058,
0.074868,0.004379,0.571139,0.048297,
0.135465,0.009539,0.629891,0.053916,
0.190910,0.014671,0.485498,0.048608,
0.205497,0.018562,-0.142966,0.030328,
0.177262,0.017047,0.019709,0.025573,
0.179644,0.020421,0.027084,0.040263,
0.184450,0.024746,0.065376,0.045339,
0.191014,0.029223,0.065239,0.043914,
0.196097,0.032541,0.038179,0.023816,
0.163289,0.027428,0.033863,0.018786,
0.165358,0.029890,0.009339,0.029382,
0.165982,0.033069,0.003573,0.033432,
0.166380,0.036365,0.004273,0.032097,
0.164456,0.039028,-0.038952,0.021666,
0.178393,0.037247,0.390116,0.001197,
0.223906,0.037406,0.505969,0.001912,
0.275489,0.037570,0.519419,0.001331,
0.322236,0.037534,0.419208,-0.001802,
0.342590,0.037439,0.019090,-0.000232,
0.327834,0.035731,0.012586,0.001166,
0.327779,0.035890,-0.011657,0.001865,
0.325551,0.036046,-0.031067,0.001310,
0.322462,0.036012,-0.030455,-0.001700,
0.315909,0.035927,-0.094624,-0.000213,
TIME: 2335 - SYSTEM: Plan 580
0.025942,0.000322,0.387192,0.031057,
0.074867,0.004380,0.571138,0.048298,
0.135465,0.009540,0.629889,0.053917,
0.190910,0.014671,0.485496,0.048608,
0.205497,0.018562,-0.142966,0.030327,
0.177262,0.017047,0.019709,0.025572,
0.179644,0.020420,0.027083,0.040260,
0.184450,0.024745,0.065376,0.045337,
0.191013,0.029227,0.065239,0.043912,
0.196097,0.032548,0.038180,0.023800,
0.163289,0.027428,0.033864,0.018798,
0.165358,0.029891,0.009339,0.029394,
0.165983,0.033068,0.003573,0.033446,
0.166380,0.036361,0.004277,0.032114,
0.164457,0.039026,-0.038943,0.021682,
0.178394,0.037244,0.390118,0.001197,
0.223908,0.037403,0.505975,0.001914,
0.275491,0.037568,0.519422,0.001332,
0.322238,0.037529,0.419201,-0.001800,
0.342589,0.037430,0.019061,-0.000227,
0.327833,0.035721,0.012588,0.001165,
0.327779,0.035874,-0.011655,0.001863,
0.325551,0.036034,-0.031064,0.001311,
0.322462,0.036003,-0.030453,-0.001696,
0.315909,0.035913,-0.094623,-0.000209,
TIME: 2339 - SYSTEM: Plan 581
0.025942,0.000321,0.387191,0.031057,
0.074867,0.004380,0.571136,0.048296,
0.135465,0.009539,0.629887,0.053915,
0.190910,0.014668,0.485495,0.048608,
0.205496,0.018559,-0.142966,0.030329,
0.177262,0.017043,0.019708,0.025574,
0.179644,0.020420,0.027082,0.040260,
0.184450,0.024738,0.065375,0.045338,
0.191013,0.029220,0.065238,0.043915,
0.196096,0.032539,0.038179,0.023835,
0.163289,0.027435,0.033867,0.018785,
0.165358,0.029891,0.009348,0.029377,
0.165983,0.033074,0.003575,0.033421,
0.166381,0.036360,0.004273,0.032073,
0.164457,0.039022,-0.038951,0.021643,
0.178394,0.037243,0.390112,0.001199,
0.223906,0.037401,0.505962,0.001914,
0.275487,0.037563,0.519415,0.001333,
0.322235,0.037525,0.419220,-0.001798,
0.342591,0.037430,0.019129,-0.000228,
0.327835,0.035720,0.012585,0.001166,
0.327780,0.035874,-0.011658,0.001864,
0.325552,0.036034,-0.031068,0.001312,
0.322462,0.035999,-0.030457,-0.001698,
0.315908,0.035910,-0.094627,-0.000209,
TIME: 2342 - SYSTEM: Plan 582
0.025942,0.000321,0.387192,0.031057,
0.074867,0.004380,0.571137,0.048296,
0.135465,0.009541,0.629888,0.053915,
0.190910,0.014671,0.485496,0.048607,
0.205496,0.018561,-0.142965,0.030327,
0.177262,0.017050,0.019708,0.025574,
0.179644,0.020417,0.027082,0.040262,
0.184450,0.024739,0.065375,0.045342,
0.191013,0.029220,0.065238,0.043915,
0.196096,0.032532,0.038179,0.023831,
0.163289,0.027418,0.033868,0.018794,
0.165358,0.029877,0.009349,0.029390,
0.165983,0.033048,0.003576,0.033429,
0.166381,0.036354,0.004274,0.032091,
0.164458,0.039001,-0.038948,0.021659,
0.178395,0.037224,0.390110,0.001198,
0.223907,0.037385,0.505961,0.001913,
0.275489,0.037546,0.519412,0.001330,
0.322236,0.037508,0.419207,-0.001802,
0.342590,0.037415,0.019099,-0.000232,
0.327834,0.035708,0.012584,0.001165,
0.327780,0.035862,-0.011659,0.001862,
0.325551,0.036020,-0.031069,0.001312,
0.322462,0.035984,-0.030457,-0.001697,
0.315909,0.035897,-0.094625,-0.000210,
TIME: 2346 - SYSTEM: Plan 583
0.025942,0.000321,0.387191,0.031057,
0.074867,0.004379,0.571136,0.048296,
0.135465,0.009539,0.629887,0.053916,
0.190910,0.014669,0.485495,0.048608,
0.205496,0.018560,-0.142966,0.030328,
0.177262,0.017045,0.019707,0.025576,
0.179644,0.020416,0.027081,0.040263,
0.184450,0.024744,0.065374,0.045340,
0.191012,0.029221,0.065238,0.043916,
0.196096,0.032538,0.038179,0.023857,
0.163289,0.027425,0.033871,0.018764,
0.165358,0.029900,0.009355,0.029343,
0.165984,0.033070,0.003577,0.033377,
0.166382,0.036346,0.004272,0.032040,
0.164458,0.039003,-0.038953,0.021626,
0.178394,0.037225,0.390100,0.001197,
0.223905,0.037386,0.505946,0.001913,
0.275485,0.037547,0.519403,0.001328,
0.322233,0.037511,0.419217,-0.001803,
0.342590,0.037419,0.019164,-0.000234,
0.327834,0.035710,0.012586,0.001169,
0.327779,0.035867,-0.011658,0.001862,
0.325551,0.036022,-0.031067,0.001309,
0.322462,0.035987,-0.030456,-0.001698,
0.315909,0.035898,-0.094625,-0.000211,
TIME: 2349 - SYSTEM: Plan 584
0.025942,0.000321,0.387192,0.031057,
0.074867,0.004381,0.571137,0.048296,
0.135465,0.009541,0.629889,0.053916,
0.190910,0.014671,0.485497,0.048608,
0.205497,0.018562,-0.142965,0.030328,
0.177262,0.017047,0.019709,0.025573,
0.179644,0.020421,0.027084,0.040263,
0.184451,0.024746,0.065377,0.045339,
0.191014,0.029223,0.065239,0.043914,
0.196097,0.032541,0.038180,0.023816,
0.163289,0.027430,0.033860,0.018784,
0.165357,0.029895,0.009333,0.029378,
0.165982,0.033078,0.003573,0.033424,
0.166379,0.036373,0.004270,0.032081,
0.164455,0.039027,-0.038960,0.021651,
0.178393,0.037249,0.390116,0.001197,
0.223905,0.037408,0.505968,0.001910,
0.275487,0.037568,0.519420,0.001331,
0.322236,0.037532,0.419218,-0.001801,
0.342591,0.037435,0.019117,-0.000231,
0.327835,0.035728,0.012583,0.001167,
0.327780,0.035886,-0.011661,0.001865,
0.325551,0.036039,-0.031071,0.001312,
0.322462,0.036004,-0.030459,-0.001697,
0.315908,0.035914,-0.094626,-0.000209,
TIME: 2353 - SYSTEM: Plan 585
0.025942,0.000321,0.387192,0.031058,
0.074867,0.004380,0.571137,0.048297,
0.135465,0.009540,0.629888,0.053916,
0.190910,0.014670,0.485496,0.048607,
0.205496,0.018560,-0.142966,0.030328,
0.177262,0.017046,0.019708,0.025574,
0.179644,0.020416,0.027082,0.040262,
0.184450,0.024741,0.065374,0.045341,
0.191013,0.029220,0.065238,0.043913,
0.196096,0.032535,0.038179,0.023818,
0.163289,0.027422,0.033868,0.018787,
0.165358,0.029890,0.009349,0.029386,
0.165983,0.033054,0.003575,0.033432,
0.166381,0.036335,0.004277,0.032095,
0.164458,0.039002,-0.038941,0.021670,
0.178396,0.037224,0.390113,0.001197,
0.223907,0.037384,0.505966,0.001914,
0.275490,0.037545,0.519415,0.001331,
0.322236,0.037507,0.419202,-0.001803,
0.342589,0.037415,0.019083,-0.000232,
0.327833,0.035709,0.012588,0.001166,
0.327779,0.035863,-0.011655,0.001863,
0.325551,0.036018,-0.031064,0.001311,
0.322462,0.035985,-0.030454,-0.001697,
0.315909,0.035894,-0.094623,-0.000209,
TIME: 2357 - SYSTEM: Plan 586
0.025942,0.000321,0.387192,0.031058,
0.074867,0.004380,0.571137,0.048297,
0.135465,0.009540,0.629889,0.053916,
0.190910,0.014670,0.485496,0.048607,
0.205497,0.018560,-0.142966,0.030328,
0.177262,0.017046,0.019708,0.025574,
0.179644,0.020417,0.027082,0.040263,
0.184450,0.024744,0.065375,0.045341,
0.191013,0.029219,0.065239,0.043916,
0.196097,0.032537,0.038179,0.023855,
0.163289,0.027430,0.033864,0.018768,
0.165358,0.029892,0.009341,0.029361,
0.165983,0.033069,0.003575,0.033395,
0.166380,0.036358,0.004266,0.032042,
0.164455,0.038997,-0.038970,0.021622,
0.178392,0.037217,0.390107,0.001199,
0.223904,0.037378,0.505954,0.001915,
0.275484,0.037536,0.519412,0.001333,
0.322233,0.037499,0.419229,-0.001798,
0.342592,0.037406,0.019169,-0.000226,
0.327835,0.035700,0.012582,0.001166,
0.327780,0.035853,-0.011663,0.001865,
0.325552,0.036010,-0.031073,0.001312,
0.322462,0.035975,-0.030462,-0.001695,
0.315908,0.035882,-0.094628,-0.000208,
TIME: 2361 - SYSTEM: Plan 587
0.025942,0.000321,0.387192,0.031057,
0.074867,0.004380,0.571137,0.048297,
0.135465,0.009539,0.629889,0.053916,
0.190910,0.014670,0.485497,0.048608,
0.205497,0.018560,-0.142965,0.030329,
0.177262,0.017048,0.019709,0.025570,
0.179644,0.020416,0.027083,0.040260,
0.184450,0.024749,0.065376,0.045339,
0.191013,0.029223,0.065239,0.043913,
0.196097,0.032541,0.038180,0.023813,
0.163289,0.027428,0.033864,0.018789,
0.165358,0.029896,0.009341,0.029393,
0.165983,0.033058,0.003574,0.033438,
0.166380,0.036348,0.004275,0.032107,
0.164457,0.039019,-0.038948,0.021677,
0.178394,0.037240,0.390118,0.001198,
0.223907,0.037403,0.505973,0.001913,
0.275490,0.037563,0.519421,0.001330,
0.322237,0.037530,0.419202,-0.001804,
0.342589,0.037433,0.019070,-0.000236,
0.327833,0.035724,0.012588,0.001165,
0.327779,0.035880,-0.011655,0.001863,
0.325551,0.036036,-0.031064,0.001310,
0.322462,0.036004,-0.030453,-0.001699,
0.315909,0.035912,-0.094623,-0.000210,
TIME: 2365 - SYSTEM: Plan 588
0.025942,0.000321,0.387192,0.031057,
0.074867,0.004380,0.571137,0.048296,
0.135465,0.009540,0.629888,0.053915,
0.190910,0.014670,0.485496,0.048607,
0.205496,0.018560,-0.142966,0.030328,
0.177262,0.017047,0.019708,0.025571,
0.179644,0.020420,0.027082,0.040260,
0.184450,0.024747,0.065374,0.045338,
0.191013,0.029221,0.065238,0.043913,
0.196096,0.032538,0.038179,0.023793,
0.163289,0.027428,0.033868,0.018803,
0.165358,0.029908,0.009347,0.029409,
0.165983,0.033073,0.003574,0.033450,
0.166381,0.036372,0.004281,0.032108,
0.164459,0.039039,-0.038929,0.021670,
0.178396,0.037257,0.390115,0.001198,
0.223909,0.037419,0.505968,0.001916,
0.275492,0.037579,0.519418,0.001331,
0.322238,0.037541,0.419205,-0.001802,
0.342590,0.037443,0.019078,-0.000229,
0.327834,0.035733,0.012585,0.001165,
0.327779,0.035887,-0.011658,0.001863,
0.325551,0.036046,-0.031068,0.001310,
0.322462,0.036012,-0.030457,-0.001694,
0.315909,0.035920,-0.094625,-0.000206,
TIME: 2369 - SYSTEM: Plan 589
0.025942,0.000321,0.387192,0.031058,
0.074867,0.004380,0.571137,0.048296,
0.135465,0.009541,0.629889,0.053916,
0.190910,0.014670,0.485496,0.048606,
0.205497,0.018560,-0.142966,0.030328,
0.177262,0.017045,0.019708,0.025573,
0.179644,0.020416,0.027083,0.040261,
0.184450,0.024743,0.065375,0.045339,
0.191013,0.029222,0.065238,0.043915,
0.196097,0.032539,0.038179,0.023839,
0.163289,0.027425,0.033864,0.018781,
0.165358,0.029881,0.009341,0.029374,
0.165983,0.033044,0.003575,0.033407,
0.166380,0.036337,0.004269,0.032073,
0.164456,0.038983,-0.038962,0.021657,
0.178392,0.037205,0.390112,0.001199,
0.223905,0.037362,0.505964,0.001915,
0.275487,0.037519,0.519418,0.001333,
0.322235,0.037482,0.419212,-0.001796,
0.342590,0.037386,0.019111,-0.000223,
0.327834,0.035679,0.012587,0.001165,
0.327779,0.035835,-0.011656,0.001866,
0.325551,0.035992,-0.031065,0.001312,
0.322462,0.035956,-0.030455,-0.001696,
0.315909,0.035868,-0.094624,-0.000210,
TIME: 2372 - SYSTEM: Plan 590
0.025942,0.000321,0.387191,0.031057,
0.074867,0.004381,0.571136,0.048297,
0.135465,0.009540,0.629887,0.053916,
0.190910,0.014671,0.485495,0.048608,
0.205496,0.018562,-0.142966,0.030327,
0.177262,0.017048,0.019707,0.025572,
0.179644,0.020421,0.027081,0.040260,
0.184450,0.024744,0.065374,0.045338,
0.191012,0.029226,0.065238,0.043912,
0.196096,0.032549,0.038179,0.023801,
0.163289,0.027432,0.033871,0.018800,
0.165358,0.029900,0.009353,0.029404,
0.165984,0.033065,0.003576,0.033440,
0.166382,0.036355,0.004283,0.032105,
0.164460,0.039023,-0.038926,0.021675,
0.178397,0.037244,0.390112,0.001199,
0.223909,0.037404,0.505965,0.001915,
0.275491,0.037566,0.519415,0.001331,
0.322238,0.037528,0.419198,-0.001803,
0.342589,0.037430,0.019071,-0.000231,
0.327833,0.035722,0.012587,0.001165,
0.327779,0.035883,-0.011655,0.001861,
0.325551,0.036040,-0.031065,0.001309,
0.322462,0.036007,-0.030454,-0.001701,
0.315909,0.035919,-0.094623,-0.000215,
TIME: 2376 - SYSTEM: Plan 591
0.025942,0.000321,0.387193,0.031057,
0.074868,0.004379,0.571139,0.048297,
0.135465,0.009539,0.629890,0.053916,
0.190910,0.014671,0.485497,0.048608,
0.205497,0.018561,-0.142966,0.030328,
0.177262,0.017046,0.019710,0.025575,
0.179644,0.020418,0.027085,0.040261,
0.184451,0.024743,0.065377,0.045341,
0.191014,0.029217,0.065240,0.043916,
0.196098,0.032536,0.038180,0.023854,
0.163289,0.027426,0.033858,0.018773,
0.165357,0.029882,0.009331,0.029358,
0.165982,0.033058,0.003574,0.033390,
0.166378,0.036340,0.004262,0.032056,
0.164453,0.038996,-0.038982,0.021640,
0.178390,0.037219,0.390112,0.001198,
0.223902,0.037377,0.505964,0.001916,
0.275485,0.037539,0.519420,0.001336,
0.322234,0.037500,0.419225,-0.001798,
0.342590,0.037407,0.019143,-0.000229,
0.327834,0.035699,0.012586,0.001166,
0.327779,0.035857,-0.011657,0.001865,
0.325551,0.036017,-0.031067,0.001309,
0.322462,0.035982,-0.030456,-0.001701,
0.315909,0.035890,-0.094626,-0.000215,
TIME: 2379 - SYSTEM: Plan 592
0.025942,0.000321,0.387192,0.031057,
0.074867,0.004379,0.571136,0.048299,
0.135465,0.009540,0.629888,0.053916,
0.190910,0.014671,0.485496,0.048609,
0.205497,0.018561,-0.142966,0.030328,
0.177262,0.017046,0.019708,0.025573,
0.179644,0.020418,0.027083,0.040259,
0.184450,0.024743,0.065375,0.045342,
0.191013,0.029222,0.065238,0.043913,
0.196097,0.032535,0.038179,0.023814,
0.163289,0.027422,0.033867,0.018788,
0.165358,0.029894,0.009346,0.029395,
0.165983,0.033064,0.003575,0.033441,
0.166381,0.036361,0.004276,0.032100,
0.164458,0.039019,-0.038942,0.021664,
0.178395,0.037241,0.390115,0.001197,
0.223908,0.037402,0.505967,0.001912,
0.275489,0.037568,0.519417,0.001330,
0.322237,0.037529,0.419208,-0.001803,
0.342590,0.037434,0.019090,-0.000235,
0.327834,0.035725,0.012585,0.001166,
0.327779,0.035880,-0.011659,0.001860,
0.325551,0.036037,-0.031068,0.001310,
0.322462,0.036005,-0.030457,-0.001700,
0.315909,0.035912,-0.094625,-0.000212,
TIME: 2384 - SYSTEM: Plan 593
0.025942,0.000321,0.387191,0.031059,
0.074867,0.004381,0.571136,0.048298,
0.135465,0.009540,0.629888,0.053915,
0.190910,0.014670,0.485496,0.048606,
0.205496,0.018561,-0.142966,0.030328,
0.177262,0.017045,0.019708,0.025576,
0.179644,0.020422,0.027082,0.040259,
0.184450,0.024745,0.065374,0.045340,
0.191013,0.029222,0.065238,0.043914,
0.196096,0.032538,0.038179,0.023813,
0.163289,0.027428,0.033868,0.018795,
0.165358,0.029908,0.009349,0.029395,
0.165983,0.033070,0.003575,0.033433,
0.166381,0.036354,0.004278,0.032090,
0.164459,0.039028,-0.038938,0.021662,
0.178396,0.037248,0.390111,0.001197,
0.223908,0.037405,0.505962,0.001913,
0.275490,0.037563,0.519414,0.001334,
0.322237,0.037528,0.419207,-0.001798,
0.342590,0.037429,0.019095,-0.000226,
0.327834,0.035720,0.012585,0.001165,
0.327779,0.035873,-0.011658,0.001862,
0.325551,0.036032,-0.031067,0.001308,
0.322462,0.035998,-0.030456,-0.001701,
0.315909,0.035907,-0.094625,-0.000211,
TIME: 2388 - SYSTEM: Plan 594
0.025942,0.000321,0.387192,0.031057,
0.074867,0.004380,0.571137,0.048297,
0.135465,0.009539,0.629889,0.053915,
0.190910,0.014669,0.485497,0.048607,
0.205497,0.018560,-0.142966,0.030329,
0.177262,0.017044,0.019709,0.025573,
0.179644,0.020415,0.027083,0.040260,
0.184450,0.024740,0.065376,0.045339,
0.191013,0.029219,0.065239,0.043917,
0.196097,0.032537,0.038180,0.023855,
0.163289,0.027420,0.033861,0.018773,
0.165358,0.029886,0.009337,0.029354,
0.165982,0.033055,0.003575,0.033394,
0.166379,0.036339,0.004264,0.032058,
0.164454,0.038991,-0.038975,0.021640,
0.178391,0.037214,0.390110,0.001198,
0.223903,0.037376,0.505961,0.001913,
0.275486,0.037536,0.519416,0.001332,
0.322234,0.037501,0.419221,-0.001801,
0.342590,0.037406,0.019141,-0.000233,
0.327834,0.035700,0.012586,0.001166,
0.327780,0.035853,-0.011657,0.001860,
0.325552,0.036010,-0.031067,0.001312,
0.322462,0.035978,-0.030456,-0.001695,
0.315909,0.035887,-0.094625,-0.000210,
TIME: 2392 - SYSTEM: Plan 595
0.025942,0.000321,0.387193,0.031059,
0.074867,0.004380,0.571138,0.048298,
0.135465,0.009540,0.629890,0.053916,
0.190910,0.014671,0.485497,0.048607,
0.205497,0.018562,-0.142966,0.030328,
0.177262,0.017048,0.019709,0.025572,
0.179644,0.020421,0.027084,0.040260,
0.184451,0.024744,0.065377,0.045338,
0.191014,0.029227,0.065240,0.043912,
0.196098,0.032549,0.038180,0.023801,
0.163290,0.027435,0.033860,0.018798,
0.165357,0.029898,0.009332,0.029402,
0.165982,0.033069,0.003572,0.033448,
0.166379,0.036362,0.004273,0.032110,
0.164456,0.039015,-0.038954,0.021676,
0.178393,0.037236,0.390121,0.001198,
0.223906,0.037398,0.505976,0.001917,
0.275490,0.037556,0.519425,0.001333,
0.322238,0.037518,0.419208,-0.001799,
0.342590,0.037424,0.019071,-0.000229,
0.327834,0.035715,0.012587,0.001165,
0.327779,0.035869,-0.011656,0.001865,
0.325551,0.036026,-0.031066,0.001311,
0.322462,0.035993,-0.030455,-0.001695,
0.315909,0.035898,-0.094625,-0.000205,
TIME: 2395 - SYSTEM: Plan 596
0.025942,0.000321,0.387192,0.031057,
0.074867,0.004380,0.571137,0.048296,
0.135465,0.009540,0.629888,0.053915,
0.190910,0.014669,0.485496,0.048608,
0.205496,0.018559,-0.142966,0.030329,
0.177262,0.017045,0.019708,0.025574,
0.179644,0.020415,0.027082,0.040258,
0.184450,0.024743,0.065375,0.045340,
0.191013,0.029221,0.065238,0.043914,
0.196096,0.032540,0.038179,0.023819,
0.163289,0.027427,0.033868,0.018788,
0.165358,0.029895,0.009348,0.029385,
0.165983,0.033064,0.003576,0.033422,
0.166381,0.036342,0.004277,0.032092,
0.164458,0.038996,-0.038942,0.021667,
0.178395,0.037218,0.390111,0.001199,
0.223908,0.037378,0.505964,0.001916,
0.275489,0.037536,0.519415,0.001333,
0.322236,0.037499,0.419203,-0.001800,
0.342589,0.037403,0.019088,-0.000230,
0.327833,0.035695,0.012588,0.001164,
0.327779,0.035850,-0.011654,0.001864,
0.325551,0.036004,-0.031063,0.001311,
0.322462,0.035970,-0.030453,-0.001696,
0.315909,0.035883,-0.094623,-0.000208,
TIME: 2399 - SYSTEM: Plan 597
0.025942,0.000321,0.387191,0.031057,
0.074867,0.004380,0.571136,0.048297,
0.135465,0.009539,0.629888,0.053916,
0.190910,0.014669,0.485496,0.048608,
0.205496,0.018560,-0.142966,0.030329,
0.177262,0.017044,0.019707,0.025571,
0.179643,0.020417,0.027081,0.040262,
0.184449,0.024741,0.065373,0.045340,
0.191012,0.029222,0.065238,0.043915,
0.196096,0.032540,0.038179,0.023838,
0.163289,0.027433,0.033872,0.018780,
0.165359,0.029889,0.009357,0.029371,
0.165984,0.033063,0.003577,0.033407,
0.166382,0.036353,0.004276,0.032064,
0.164460,0.039000,-0.038941,0.021645,
0.178396,0.037222,0.390101,0.001197,
0.223907,0.037381,0.505948,0.001916,
0.275487,0.037543,0.519401,0.001333,
0.322234,0.037506,0.419206,-0.001800,
0.342590,0.037410,0.019127,-0.000231,
0.327834,0.035704,0.012585,0.001167,
0.327779,0.035861,-0.011659,0.001863,
0.325551,0.036020,-0.031068,0.001307,
0.322462,0.035986,-0.030457,-0.001700,
0.315909,0.035893,-0.094625,-0.000214,
TIME: 2404 - SYSTEM: Plan 598
0.025942,0.000321,0.387191,0.031058,
0.074867,0.004380,0.571136,0.048297,
0.135465,0.009540,0.629888,0.053916,
0.190910,0.014671,0.485496,0.048608,
0.205496,0.018561,-0.142965,0.030328,
0.177262,0.017051,0.019707,0.025573,
0.179644,0.020418,0.027081,0.040261,
0.184450,0.024738,0.065374,0.045340,
0.191013,0.029223,0.065238,0.043915,
0.196096,0.032535,0.038179,0.023827,
0.163289,0.027421,0.033870,0.018782,
0.165358,0.029895,0.009352,0.029376,
0.165984,0.033061,0.003577,0.033414,
0.166381,0.036360,0.004277,0.032075,
0.164459,0.039012,-0.038941,0.021648,
0.178395,0.037234,0.390104,0.001197,
0.223907,0.037394,0.505953,0.001912,
0.275488,0.037552,0.519407,0.001331,
0.322236,0.037516,0.419208,-0.001802,
0.342590,0.037421,0.019120,-0.000230,
0.327834,0.035714,0.012586,0.001166,
0.327780,0.035870,-0.011657,0.001863,
0.325552,0.036024,-0.031066,0.001310,
0.322462,0.035989,-0.030455,-0.001697,
0.315909,0.035900,-0.094625,-0.000210,
TIME: 2407 - SYSTEM: Plan 599
0.025942,0.000321,0.387192,0.031058,
0.074867,0.004381,0.571137,0.048297,
0.135465,0.009540,0.629888,0.053915,
0.190910,0.014671,0.485496,0.048606,
0.205497,0.018562,-0.142965,0.030327,
0.177262,0.017048,0.019708,0.025574,
0.179644,0.020421,0.027082,0.040258,
0.184450,0.024745,0.065375,0.045338,
0.191013,0.029224,0.065239,0.043913,
0.196097,0.032546,0.038179,0.023805,
0.163289,0.027430,0.033866,0.018802,
0.165358,0.029892,0.009345,0.029409,
0.165983,0.033063,0.003574,0.033450,
0.166381,0.036362,0.004278,0.032115,
0.164458,0.039028,-0.038939,0.021675,
0.178395,0.037247,0.390121,0.001200,
0.223909,0.037405,0.505976,0.001916,
0.275491,0.037563,0.519426,0.001337,
0.322239,0.037528,0.419207,-0.001796,
0.342590,0.037435,0.019068,-0.000225,
0.327834,0.035726,0.012587,0.001164,
0.327779,0.035881,-0.011656,0.001863,
0.325551,0.036037,-0.031066,0.001309,
0.322462,0.036003,-0.030455,-0.001698,
0.315909,0.035913,-0.094625,-0.000208,
TIME: 2412 - SYSTEM: Plan 600
0.025942,0.000321,0.387193,0.031058,
0.074868,0.004381,0.571138,0.048297,
0.135465,0.009541,0.629889,0.053914,
0.190910,0.014670,0.485497,0.048606,
0.205497,0.018561,-0.142967,0.030327,
0.177262,0.017049,0.019710,0.025573,
0.179644,0.020416,0.027085,0.040260,
0.184451,0.024739,0.065377,0.045341,
0.191014,0.029221,0.065240,0.043915,
0.196098,0.032532,0.038180,0.023837,
0.163289,0.027422,0.033859,0.018778,
0.165357,0.029875,0.009332,0.029375,
0.165982,0.033046,0.003574,0.033415,
0.166379,0.036339,0.004266,0.032084,
0.164454,0.038994,-0.038972,0.021655,
0.178391,0.037216,0.390119,0.001198,
0.223905,0.037378,0.505973,0.001915,
0.275488,0.037537,0.519426,0.001333,
0.322236,0.037500,0.419219,-0.001801,
0.342590,0.037407,0.019111,-0.000231,
0.327834,0.035700,0.012586,0.001166,
0.327779,0.035858,-0.011657,0.001864,
0.325551,0.036017,-0.031067,0.001309,
0.322462,0.035981,-0.030456,-0.001700,
0.315909,0.035893,-0.094625,-0.000214,
TIME: 2416 - SYSTEM: Plan 601
0.025942,0.000321,0.387193,0.031058,
0.074868,0.004380,0.571138,0.048298,
0.135465,0.009539,0.629890,0.053917,
0.190910,0.014670,0.485497,0.048608,
0.205497,0.018561,-0.142966,0.030328,
0.177262,0.017048,0.019709,0.025572,
0.179644,0.020421,0.027084,0.040261,
0.184451,0.024745,0.065376,0.045339,
0.191014,0.029225,0.065239,0.043915,
0.196097,0.032538,0.038180,0.023824,
0.163289,0.027428,0.033861,0.018788,
0.165358,0.029888,0.009336,0.029385,
0.165982,0.033059,0.003573,0.033425,
0.166379,0.036352,0.004270,0.032088,
0.164455,0.039002,-0.038961,0.021662,
0.178392,0.037223,0.390111,0.001197,
0.223905,0.037388,0.505963,0.001914,
0.275488,0.037547,0.519415,0.001330,
0.322236,0.037510,0.419207,-0.001804,
0.342590,0.037419,0.019098,-0.000233,
0.327834,0.035709,0.012585,0.001166,
0.327780,0.035865,-0.011658,0.001866,
0.325552,0.036021,-0.031068,0.001313,
0.322462,0.035989,-0.030456,-0.001695,
0.315909,0.035898,-0.094625,-0.000209,
TIME: 2419 - SYSTEM: Plan 602
0.025942,0.000322,0.387191,0.031057,
0.074867,0.004381,0.571136,0.048296,
0.135465,0.009541,0.629888,0.053914,
0.190910,0.014671,0.485496,0.048606,
0.205496,0.018561,-0.142966,0.030327,
0.177262,0.017044,0.019707,0.025573,
0.179644,0.020421,0.027081,0.040259,
0.184449,0.024742,0.065374,0.045339,
0.191012,0.029224,0.065238,0.043915,
0.196096,0.032540,0.038179,0.023828,
0.163289,0.027427,0.033871,0.018782,
0.165358,0.029886,0.009355,0.029379,
0.165984,0.033048,0.003576,0.033424,
0.166382,0.036332,0.004277,0.032094,
0.164459,0.038985,-0.038938,0.021674,
0.178395,0.037208,0.390110,0.001199,
0.223908,0.037367,0.505962,0.001916,
0.275489,0.037525,0.519411,0.001335,
0.322237,0.037489,0.419196,-0.001797,
0.342588,0.037396,0.019077,-0.000227,
0.327832,0.035686,0.012589,0.001168,
0.327778,0.035840,-0.011653,0.001866,
0.325551,0.036000,-0.031062,0.001315,
0.322462,0.035963,-0.030451,-0.001694,
0.315909,0.035871,-0.094622,-0.000206,
TIME: 2423 - SYSTEM: Plan 603
0.025942,0.000321,0.387193,0.031057,
0.074868,0.004379,0.571138,0.048297,
0.135465,0.009539,0.629890,0.053917,
0.190910,0.014670,0.485497,0.048608,
0.205497,0.018560,-0.142966,0.030329,
0.177262,0.017044,0.019710,0.025572,
0.179644,0.020416,0.027085,0.040259,
0.184451,0.024739,0.065377,0.045340,
0.191014,0.029220,0.065240,0.043916,
0.196098,0.032538,0.038180,0.023851,
0.163289,0.027432,0.033858,0.018767,
0.165357,0.029891,0.009330,0.029357,
0.165982,0.033063,0.003573,0.033393,
0.166378,0.036350,0.004262,0.032057,
0.164453,0.039001,-0.038982,0.021636,
0.178390,0.037223,0.390112,0.001198,
0.223902,0.037382,0.505962,0.001912,
0.275484,0.037545,0.519418,0.001332,
0.322233,0.037506,0.419225,-0.001800,
0.342591,0.037412,0.019149,-0.000230,
0.327835,0.035705,0.012585,0.001166,
0.327780,0.035860,-0.011659,0.001864,
0.325552,0.036015,-0.031068,0.001313,
0.322462,0.035983,-0.030458,-0.001696,
0.315908,0.035890,-0.094627,-0.000209,
TIME: 2427 - SYSTEM: Plan 604
0.025942,0.000321,0.387192,0.031057,
0.074868,0.004380,0.571137,0.048297,
0.135465,0.009540,0.629888,0.053916,
0.190910,0.014670,0.485496,0.048607,
0.205496,0.018561,-0.142965,0.030328,
0.177262,0.017046,0.019708,0.025575,
0.179644,0.020418,0.027082,0.040262,
0.184450,0.024742,0.065374,0.045341,
0.191013,0.029217,0.065238,0.043916,
0.196096,0.032535,0.038179,0.023842,
0.163289,0.027428,0.033869,0.018781,
0.165358,0.029874,0.009350,0.029368,
0.165984,0.033057,0.003576,0.033402,
0.166381,0.036337,0.004273,0.032071,
0.164458,0.038998,-0.038952,0.021650,
0.178394,0.037219,0.390108,0.001197,
0.223906,0.037377,0.505958,0.001913,
0.275487,0.037537,0.519412,0.001334,
0.322235,0.037501,0.419211,-0.001798,
0.342589,0.037405,0.019120,-0.000226,
0.327834,0.035697,0.012587,0.001167,
0.327779,0.035852,-0.011656,0.001863,
0.325551,0.036011,-0.031065,0.001311,
0.322462,0.035978,-0.030454,-0.001699,
0.315909,0.035890,-0.094624,-0.000213,
TIME: 2431 - SYSTEM: Plan 605
0.025942,0.000321,0.387193,0.031057,
0.074868,0.004380,0.571139,0.048297,
0.135465,0.009539,0.629890,0.053916,
0.190910,0.014670,0.485498,0.048608,
0.205497,0.018559,-0.142966,0.030329,
0.177262,0.017045,0.019709,0.025573,
0.179644,0.020415,0.027084,0.040260,
0.184451,0.024737,0.065377,0.045339,
0.191014,0.029219,0.065240,0.043915,
0.196098,0.032535,0.038180,0.023846,
0.163289,0.027428,0.033859,0.018776,
0.165357,0.029887,0.009332,0.029366,
0.165982,0.033064,0.003574,0.033403,
0.166378,0.036342,0.004264,0.032066,
0.164453,0.039002,-0.038977,0.021645,
0.178391,0.037223,0.390115,0.001198,
0.223903,0.037382,0.505967,0.001914,
0.275486,0.037546,0.519422,0.001333,
0.322235,0.037508,0.419224,-0.001801,
0.342591,0.037410,0.019132,-0.000232,
0.327834,0.035704,0.012585,0.001165,
0.327780,0.035862,-0.011658,0.001862,
0.325551,0.036019,-0.031068,0.001308,
0.322462,0.035985,-0.030457,-0.001700,
0.315909,0.035892,-0.094626,-0.000213,
TIME: 2434 - SYSTEM: Plan 606
0.025942,0.000321,0.387192,0.031059,
0.074867,0.004381,0.571137,0.048299,
0.135465,0.009540,0.629888,0.053918,
0.190910,0.014671,0.485496,0.048608,
0.205497,0.018561,-0.142965,0.030328,
0.177262,0.017050,0.019708,0.025574,
0.179644,0.020416,0.027082,0.040262,
0.184450,0.024739,0.065375,0.045342,
0.191013,0.029220,0.065238,0.043916,
0.196097,0.032532,0.038179,0.023837,
0.163289,0.027419,0.033867,0.018785,
0.165358,0.029875,0.009346,0.029374,
0.165983,0.033041,0.003575,0.033414,
0.166380,0.036322,0.004272,0.032079,
0.164457,0.038978,-0.038954,0.021662,
0.178394,0.037199,0.390108,0.001197,
0.223906,0.037359,0.505960,0.001915,
0.275487,0.037519,0.519411,0.001334,
0.322235,0.037486,0.419204,-0.001798,
0.342589,0.037390,0.019100,-0.000230,
0.327833,0.035681,0.012587,0.001165,
0.327779,0.035838,-0.011655,0.001865,
0.325551,0.035996,-0.031065,0.001312,
0.322462,0.035959,-0.030454,-0.001697,
0.315909,0.035871,-0.094624,-0.000210,
TIME: 2438 - SYSTEM: Plan 607
0.025942,0.000321,0.387192,0.031057,
0.074867,0.004380,0.571137,0.048296,
0.135465,0.009540,0.629889,0.053915,
0.190910,0.014669,0.485496,0.048607,
0.205497,0.018560,-0.142966,0.030329,
0.177262,0.017045,0.019709,0.025575,
0.179644,0.020419,0.027083,0.040260,
0.184450,0.024746,0.065376,0.045338,
0.191013,0.029222,0.065239,0.043912,
0.196097,0.032539,0.038180,0.023784,
0.163289,0.027426,0.033863,0.018814,
0.165358,0.029901,0.009337,0.029426,
0.165982,0.033074,0.003572,0.033472,
0.166380,0.036361,0.004278,0.032133,
0.164457,0.039034,-0.038938,0.021689,
0.178395,0.037253,0.390124,0.001198,
0.223908,0.037414,0.505981,0.001914,
0.275492,0.037576,0.519428,0.001332,
0.322240,0.037541,0.419201,-0.001802,
0.342590,0.037444,0.019042,-0.000233,
0.327834,0.035734,0.012586,0.001166,
0.327779,0.035886,-0.011657,0.001863,
0.325551,0.036045,-0.031066,0.001312,
0.322462,0.036013,-0.030455,-0.001696,
0.315909,0.035923,-0.094625,-0.000207,
TIME: 2441 - SYSTEM: Plan 608
0.025942,0.000321,0.387192,0.031058,
0.074867,0.004380,0.571137,0.048297,
0.135465,0.009539,0.629888,0.053916,
0.190910,0.014669,0.485496,0.048607,
0.205497,0.018559,-0.142967,0.030328,
0.177262,0.017045,0.019708,0.025569,
0.179644,0.020419,0.027082,0.040262,
0.184450,0.024736,0.065375,0.045339,
0.191013,0.029223,0.065238,0.043916,
0.196096,0.032541,0.038179,0.023848,
0.163289,0.027434,0.033867,0.018777,
0.165358,0.029908,0.009347,0.029353,
0.165983,0.033074,0.003576,0.033385,
0.166380,0.036354,0.004270,0.032047,
0.164457,0.039012,-0.038959,0.021630,
0.178393,0.037233,0.390105,0.001199,
0.223905,0.037393,0.505954,0.001913,
0.275485,0.037558,0.519411,0.001332,
0.322233,0.037520,0.419222,-0.001802,
0.342590,0.037423,0.019157,-0.000233,
0.327834,0.035715,0.012584,0.001166,
0.327779,0.035871,-0.011659,0.001860,
0.325551,0.036026,-0.031069,0.001309,
0.322462,0.035992,-0.030458,-0.001698,
0.315908,0.035903,-0.094625,-0.000211,
TIME: 2445 - SYSTEM: Plan 609
0.025942,0.000321,0.387192,0.031057,
0.074867,0.004381,0.571137,0.048296,
0.135465,0.009541,0.629889,0.053915,
0.190910,0.014671,0.485497,0.048606,
0.205497,0.018562,-0.142965,0.030326,
0.177262,0.017048,0.019708,0.025575,
0.179644,0.020420,0.027083,0.040259,
0.184450,0.024744,0.065375,0.045339,
0.191013,0.029223,0.065238,0.043913,
0.196097,0.032540,0.038179,0.023809,
0.163289,0.027426,0.033864,0.018797,
0.165358,0.029894,0.009341,0.029399,
0.165983,0.033059,0.003574,0.033444,
0.166380,0.036341,0.004275,0.032110,
0.164457,0.039008,-0.038946,0.021677,
0.178394,0.037229,0.390118,0.001198,
0.223908,0.037393,0.505973,0.001915,
0.275491,0.037552,0.519422,0.001332,
0.322238,0.037514,0.419203,-0.001801,
0.342589,0.037422,0.019068,-0.000232,
0.327833,0.035713,0.012587,0.001166,
0.327779,0.035870,-0.011655,0.001866,
0.325551,0.036025,-0.031065,0.001311,
0.322462,0.035992,-0.030454,-0.001696,
0.315909,0.035901,-0.094624,-0.000208,
TIME: 2449 - SYSTEM: Plan 610
0.025942,0.000321,0.387192,0.031058,
0.074867,0.004379,0.571138,0.048297,
0.135465,0.009539,0.629889,0.053916,
0.190910,0.014670,0.485497,0.048607,
0.205497,0.018561,-0.142966,0.030328,
0.177262,0.017045,0.019709,0.025575,
0.179644,0.020421,0.027083,0.040261,
0.184450,0.024744,0.065376,0.045340,
0.191013,0.029221,0.065239,0.043914,
0.196097,0.032535,0.038180,0.023814,
0.163289,0.027419,0.033865,0.018787,
0.165358,0.029888,0.009342,0.029390,
0.165983,0.033062,0.003574,0.033434,
0.166380,0.036352,0.004274,0.032098,
0.164457,0.039017,-0.038948,0.021667,
0.178394,0.037237,0.390115,0.001197,
0.223907,0.037398,0.505967,0.001912,
0.275488,0.037557,0.519417,0.001330,
0.322236,0.037519,0.419205,-0.001801,
0.342590,0.037426,0.019087,-0.000230,
0.327834,0.035718,0.012586,0.001164,
0.327779,0.035876,-0.011657,0.001863,
0.325551,0.036028,-0.031067,0.001310,
0.322462,0.035997,-0.030456,-0.001698,
0.315909,0.035905,-0.094624,-0.000209,
TIME: 2453 - SYSTEM: Plan 611
0.025942,0.000321,0.387192,0.031058,
0.074868,0.004380,0.571138,0.048298,
0.135465,0.009540,0.629889,0.053916,
0.190910,0.014671,0.485497,0.048608,
0.205497,0.018562,-0.142966,0.030327,
0.177262,0.017046,0.019709,0.025573,
0.179644,0.020422,0.027083,0.040262,
0.184450,0.024746,0.065376,0.045340,
0.191013,0.029227,0.065239,0.043914,
0.196097,0.032541,0.038180,0.023819,
0.163289,0.027425,0.033864,0.018791,
0.165358,0.029905,0.009340,0.029394,
0.165983,0.033074,0.003574,0.033429,
0.166380,0.036365,0.004273,0.032089,
0.164456,0.039020,-0.038954,0.021653,
0.178393,0.037242,0.390117,0.001196,
0.223906,0.037400,0.505969,0.001913,
0.275488,0.037563,0.519423,0.001332,
0.322235,0.037523,0.419218,-0.001802,
0.342591,0.037428,0.019110,-0.000232,
0.327835,0.035719,0.012585,0.001168,
0.327780,0.035875,-0.011659,0.001864,
0.325552,0.036033,-0.031069,0.001310,
0.322462,0.035997,-0.030458,-0.001698,
0.315908,0.035908,-0.094627,-0.000211,
TIME: 2458 - SYSTEM: Plan 612
0.025942,0.000322,0.387193,0.031056,
0.074867,0.004381,0.571138,0.048297,
0.135465,0.009540,0.629889,0.053915,
0.190910,0.014671,0.485497,0.048607,
0.205497,0.018561,-0.142966,0.030328,
0.177262,0.017045,0.019709,0.025574,
0.179644,0.020418,0.027083,0.040262,
0.184450,0.024744,0.065376,0.045341,
0.191013,0.029223,0.065239,0.043913,
0.196097,0.032535,0.038180,0.023801,
0.163289,0.027424,0.033862,0.018807,
0.165358,0.029883,0.009336,0.029413,
0.165982,0.033058,0.003572,0.033457,
0.166379,0.036342,0.004274,0.032115,
0.164456,0.039009,-0.038949,0.021686,
0.178394,0.037231,0.390121,0.001197,
0.223908,0.037391,0.505978,0.001914,
0.275491,0.037556,0.519426,0.001332,
0.322238,0.037519,0.419203,-0.001803,
0.342590,0.037426,0.019053,-0.000234,
0.327834,0.035717,0.012587,0.001165,
0.327779,0.035871,-0.011656,0.001862,
0.325551,0.036030,-0.031066,0.001311,
0.322462,0.035997,-0.030455,-0.001697,
0.315909,0.035909,-0.094624,-0.000210,
TIME: 2462 - SYSTEM: Plan 613
0.025942,0.000321,0.387193,0.031057,
0.074868,0.004380,0.571139,0.048296,
0.135465,0.009540,0.629890,0.053915,
0.190910,0.014670,0.485497,0.048606,
0.205497,0.018560,-0.142967,0.030327,
0.177262,0.017047,0.019710,0.025571,
0.179644,0.020420,0.027085,0.040260,
0.184451,0.024747,0.065378,0.045338,
0.191014,0.029221,0.065241,0.043913,
0.196098,0.032538,0.038180,0.023793,
0.163290,0.027434,0.033859,0.018809,
0.165357,0.029908,0.009330,0.029415,
0.165982,0.033090,0.003572,0.033450,
0.166379,0.036383,0.004274,0.032108,
0.164456,0.039028,-0.038951,0.021668,
0.178392,0.037247,0.390122,0.001198,
0.223906,0.037409,0.505976,0.001915,
0.275490,0.037571,0.519428,0.001333,
0.322239,0.037533,0.419214,-0.001803,
0.342591,0.037439,0.019082,-0.000232,
0.327835,0.035729,0.012583,0.001165,
0.327780,0.035885,-0.011660,0.001862,
0.325551,0.036043,-0.031070,0.001311,
0.322462,0.036009,-0.030459,-0.001699,
0.315909,0.035919,-0.094627,-0.000210,
TIME: 2465 - SYSTEM: Plan 614
0.025942,0.000321,0.387193,0.031058,
0.074868,0.004381,0.571138,0.048297,
0.135465,0.009539,0.629890,0.053916,
0.190910,0.014669,0.485497,0.048608,
0.205497,0.018558,-0.142966,0.030328,
0.177262,0.017044,0.019709,0.025573,
0.179644,0.020418,0.027084,0.040259,
0.184450,0.024743,0.065376,0.045337,
0.191013,0.029222,0.065239,0.043915,
0.196097,0.032543,0.038180,0.023839,
0.163289,0.027432,0.033862,0.018779,
0.165358,0.029892,0.009338,0.029362,
0.165982,0.033072,0.003574,0.033405,
0.166379,0.036337,0.004268,0.032067,
0.164455,0.038981,-0.038966,0.021650,
0.178392,0.037205,0.390113,0.001198,
0.223904,0.037361,0.505966,0.001915,
0.275486,0.037525,0.519418,0.001332,
0.322234,0.037489,0.419216,-0.001799,
0.342590,0.037396,0.019123,-0.000231,
0.327834,0.035690,0.012587,0.001166,
0.327779,0.035843,-0.011656,0.001864,
0.325551,0.036003,-0.031065,0.001313,
0.322462,0.035966,-0.030454,-0.001696,
0.315909,0.035878,-0.094625,-0.000210,
TIME: 2470 - SYSTEM: Plan 615
0.025942,0.000321,0.387191,0.031057,
0.074867,0.004380,0.571135,0.048298,
0.135465,0.009540,0.629887,0.053916,
0.190910,0.014669,0.485495,0.048608,
0.205496,0.018560,-0.142966,0.030329,
0.177262,0.017045,0.019706,0.025574,
0.179643,0.020417,0.027080,0.040262,
0.184449,0.024741,0.065372,0.045340,
0.191012,0.029219,0.065237,0.043916,
0.196095,0.032542,0.038179,0.023860,
0.163289,0.027429,0.033874,0.018758,
0.165359,0.029894,0.009361,0.029342,
0.165985,0.033062,0.003579,0.033378,
0.166382,0.036344,0.004274,0.032051,
0.164459,0.038997,-0.038948,0.021633,
0.178395,0.037219,0.390099,0.001198,
0.223907,0.037381,0.505946,0.001916,
0.275486,0.037536,0.519402,0.001333,
0.322233,0.037502,0.419211,-0.001798,
0.342589,0.037407,0.019152,-0.000229,
0.327833,0.035700,0.012587,0.001166,
0.327779,0.035850,-0.011656,0.001865,
0.325551,0.036010,-0.031066,0.001312,
0.322462,0.035979,-0.030454,-0.001696,
0.315909,0.035886,-0.094624,-0.000210,
TIME: 2474 - SYSTEM: Plan 616
0.025942,0.000321,0.387192,0.031056,
0.074867,0.004379,0.571137,0.048297,
0.135465,0.009538,0.629888,0.053917,
0.190910,0.014669,0.485497,0.048609,
0.205497,0.018561,-0.142965,0.030329,
0.177262,0.017047,0.019708,0.025578,
0.179644,0.020418,0.027082,0.040259,
0.184450,0.024740,0.065375,0.045339,
0.191013,0.029217,0.065238,0.043912,
0.196097,0.032529,0.038179,0.023780,
0.163289,0.027420,0.033868,0.018817,
0.165358,0.029890,0.009345,0.029429,
0.165983,0.033063,0.003574,0.033475,
0.166381,0.036353,0.004283,0.032138,
0.164460,0.039010,-0.038925,0.021699,
0.178396,0.037233,0.390118,0.001199,
0.223909,0.037391,0.505974,0.001915,
0.275492,0.037549,0.519419,0.001334,
0.322240,0.037517,0.419188,-0.001799,
0.342589,0.037419,0.019025,-0.000228,
0.327833,0.035713,0.012587,0.001166,
0.327779,0.035871,-0.011655,0.001863,
0.325551,0.036027,-0.031065,0.001309,
0.322462,0.035996,-0.030454,-0.001704,
0.315909,0.035907,-0.094623,-0.000214,
TIME: 2477 - SYSTEM: Plan 617
0.025942,0.000321,0.387193,0.031058,
0.074868,0.004380,0.571138,0.048297,
0.135465,0.009540,0.629890,0.053916,
0.190910,0.014669,0.485497,0.048608,
0.205497,0.018559,-0.142967,0.030329,
0.177262,0.017045,0.019709,0.025573,
0.179644,0.020414,0.027083,0.040261,
0.184450,0.024740,0.065376,0.045342,
0.191013,0.029224,0.065239,0.043915,
0.196097,0.032538,0.038180,0.023841,
0.163289,0.027427,0.033862,0.018776,
0.165358,0.029892,0.009338,0.029354,
0.165982,0.033059,0.003575,0.033390,
0.166379,0.036346,0.004267,0.032062,
0.164455,0.039010,-0.038967,0.021642,
0.178392,0.037231,0.390111,0.001197,
0.223904,0.037389,0.505963,0.001913,
0.275485,0.037548,0.519418,0.001334,
0.322234,0.037512,0.419220,-0.001796,
0.342590,0.037420,0.019137,-0.000227,
0.327834,0.035712,0.012586,0.001167,
0.327779,0.035867,-0.011657,0.001865,
0.325551,0.036026,-0.031066,0.001311,
0.322462,0.035990,-0.030455,-0.001698,
0.315909,0.035900,-0.094625,-0.000210,
TIME: 2481 - SYSTEM: Plan 618
0.025942,0.000321,0.387192,0.031056,
0.074867,0.004381,0.571137,0.048297,
0.135465,0.009540,0.629888,0.053915,
0.190910,0.014669,0.485496,0.048608,
0.205496,0.018559,-0.142965,0.030328,
0.177262,0.017044,0.019708,0.025574,
0.179644,0.020414,0.027082,0.040263,
0.184450,0.024737,0.065374,0.045339,
0.191013,0.029225,0.065238,0.043917,
0.196096,0.032541,0.038179,0.023853,
0.163289,0.027434,0.033869,0.018765,
0.165358,0.029890,0.009352,0.029345,
0.165984,0.033060,0.003577,0.033385,
0.166381,0.036348,0.004271,0.032050,
0.164457,0.038999,-0.038956,0.021632,
0.178394,0.037220,0.390101,0.001196,
0.223905,0.037380,0.505948,0.001914,
0.275485,0.037540,0.519403,0.001332,
0.322233,0.037504,0.419215,-0.001800,
0.342590,0.037414,0.019154,-0.000231,
0.327834,0.035706,0.012585,0.001168,
0.327779,0.035866,-0.011658,0.001864,
0.325551,0.036021,-0.031068,0.001308,
0.322462,0.035985,-0.030457,-0.001700,
0.315909,0.035896,-0.094625,-0.000213,
TIME: 2485 - SYSTEM: Plan 619
0.025942,0.000320,0.387191,0.031059,
0.074867,0.004380,0.571136,0.048298,
0.135465,0.009540,0.629888,0.053916,
0.190910,0.014670,0.485496,0.048607,
0.205496,0.018561,-0.142965,0.030328,
0.177262,0.017044,0.019707,0.025573,
0.179644,0.020421,0.027081,0.040259,
0.184450,0.024742,0.065374,0.045339,
0.191012,0.029224,0.065238,0.043915,
0.196096,0.032540,0.038179,0.023829,
0.163289,0.027430,0.033870,0.018785,
0.165358,0.029883,0.009353,0.029377,
0.165984,0.033063,0.003576,0.033425,
0.166382,0.036362,0.004277,0.032090,
0.164459,0.039018,-0.038940,0.021657,
0.178396,0.037236,0.390106,0.001199,
0.223907,0.037399,0.505956,0.001915,
0.275489,0.037558,0.519407,0.001335,
0.322236,0.037523,0.419203,-0.001798,
0.342590,0.037426,0.019104,-0.000228,
0.327834,0.035719,0.012586,0.001165,
0.327779,0.035870,-0.011657,0.001864,
0.325551,0.036027,-0.031067,0.001312,
0.322462,0.035992,-0.030456,-0.001698,
0.315909,0.035901,-0.094625,-0.000208,
TIME: 2488 - SYSTEM: Plan 620
0.025942,0.000321,0.387192,0.031057,
0.074867,0.004380,0.571137,0.048298,
0.135465,0.009540,0.629888,0.053916,
0.190910,0.014670,0.485496,0.048608,
0.205496,0.018561,-0.142966,0.030328,
0.177262,0.017046,0.019708,0.025573,
0.179644,0.020417,0.027082,0.040260,
0.184450,0.024740,0.065374,0.045341,
0.191013,0.029222,0.065238,0.043915,
0.196096,0.032540,0.038179,0.023836,
0.163289,0.027429,0.033867,0.018779,
0.165358,0.029895,0.009347,0.029369,
0.165983,0.033060,0.003576,0.033411,
0.166381,0.036355,0.004273,0.032081,
0.164457,0.039007,-0.038952,0.021652,
0.178394,0.037228,0.390106,0.001198,
0.223906,0.037389,0.505956,0.001914,
0.275488,0.037551,0.519408,0.001329,
0.322235,0.037511,0.419207,-0.001802,
0.342590,0.037417,0.019115,-0.000230,
0.327834,0.035711,0.012586,0.001166,
0.327779,0.035864,-0.011657,0.001862,
0.325551,0.036014,-0.031066,0.001309,
0.322462,0.035983,-0.030455,-0.001696,
0.315909,0.035887,-0.094625,-0.000206,
TIME: 2492 - SYSTEM: Plan 621
0.025942,0.000321,0.387192,0.031057,
0.074867,0.004380,0.571137,0.048297,
0.135465,0.009540,0.629889,0.053916,
0.190910,0.014671,0.485496,0.048608,
0.205497,0.018561,-0.142966,0.030328,
0.177262,0.017049,0.019708,0.025573,
0.179644,0.020421,0.027082,0.040259,
0.184450,0.024742,0.065375,0.045338,
0.191013,0.029219,0.065238,0.043913,
0.196097,0.032538,0.038179,0.023806,
0.163289,0.027422,0.033867,0.018799,
0.165358,0.029893,0.009346,0.029401,
0.165983,0.033058,0.003574,0.033443,
0.166381,0.036356,0.004278,0.032102,
0.164458,0.039019,-0.038938,0.021671,
0.178395,0.037243,0.390114,0.001198,
0.223908,0.037403,0.505968,0.001913,
0.275489,0.037563,0.519418,0.001331,
0.322238,0.037528,0.419204,-0.001803,
0.342590,0.037434,0.019079,-0.000233,
0.327834,0.035723,0.012586,0.001164,
0.327779,0.035881,-0.011657,0.001863,
0.325551,0.036036,-0.031067,0.001312,
0.322462,0.036004,-0.030456,-0.001697,
0.315909,0.035913,-0.094625,-0.000209,
TIME: 2496 - SYSTEM: Plan 622
0.025942,0.000321,0.387192,0.031057,
0.074868,0.004380,0.571137,0.048296,
0.135465,0.009540,0.629889,0.053916,
0.190910,0.014670,0.485497,0.048607,
0.205497,0.018561,-0.142966,0.030328,
0.177262,0.017047,0.019709,0.025578,
0.179644,0.020418,0.027083,0.040259,
0.184450,0.024740,0.065376,0.045339,
0.191013,0.029217,0.065239,0.043912,
0.196097,0.032529,0.038180,0.023785,
0.163289,0.027419,0.033864,0.018807,
0.165358,0.029887,0.009339,0.029417,
0.165983,0.033063,0.003573,0.033468,
0.166380,0.036344,0.004279,0.032136,
0.164458,0.039006,-0.038935,0.021699,
0.178395,0.037227,0.390127,0.001197,
0.223909,0.037384,0.505987,0.001914,
0.275493,0.037543,0.519431,0.001334,
0.322240,0.037509,0.419198,-0.001798,
0.342589,0.037413,0.019027,-0.000228,
0.327833,0.035705,0.012590,0.001166,
0.327778,0.035857,-0.011652,0.001866,
0.325551,0.036017,-0.031061,0.001313,
0.322462,0.035980,-0.030451,-0.001698,
0.315909,0.035894,-0.094622,-0.000208,
TIME: 2500 - SYSTEM: Plan 623
0.025942,0.000321,0.387193,0.031058,
0.074868,0.004380,0.571138,0.048297,
0.135465,0.009540,0.629889,0.053915,
0.190910,0.014670,0.485496,0.048607,
0.205497,0.018561,-0.142967,0.030328,
0.177262,0.017049,0.019708,0.025573,
0.179644,0.020417,0.027083,0.040260,
0.184450,0.024741,0.065375,0.045341,
0.191013,0.029222,0.065238,0.043915,
0.196097,0.032536,0.038180,0.023839,
0.163289,0.027429,0.033866,0.018776,
0.165358,0.029891,0.009344,0.029370,
0.165983,0.033062,0.003575,0.033409,
0.166380,0.036344,0.004271,0.032067,
0.164456,0.039010,-0.038958,0.021647,
0.178394,0.037232,0.390114,0.001198,
0.223905,0.037394,0.505965,0.001914,
0.275487,0.037556,0.519419,0.001328,
0.322235,0.037517,0.419219,-0.001805,
0.342590,0.037424,0.019125,-0.000234,
0.327834,0.035715,0.012586,0.001164,
0.327779,0.035873,-0.011657,0.001862,
0.325551,0.036027,-0.031067,0.001309,
0.322462,0.035991,-0.030456,-0.001699,
0.315909,0.035904,-0.094625,-0.000210,
TIME: 2504 - SYSTEM: Plan 624
0.025942,0.000321,0.387192,0.031057,
0.074868,0.004379,0.571137,0.048297,
0.135465,0.009539,0.629888,0.053917,
0.190910,0.014669,0.485496,0.048609,
0.205497,0.018559,-0.142965,0.030329,
0.177262,0.017045,0.019708,0.025573,
0.179644,0.020415,0.027082,0.040260,
0.184450,0.024737,0.065375,0.045339,
0.191013,0.029219,0.065238,0.043915,
0.196097,0.032535,0.038179,0.023846,
0.163289,0.027424,0.033866,0.018777,
0.165358,0.029887,0.009347,0.029363,
0.165983,0.033070,0.003576,0.033405,
0.166380,0.036349,0.004270,0.032062,
0.164457,0.039019,-0.038958,0.021636,
0.178394,0.037241,0.390107,0.001196,
0.223906,0.037400,0.505955,0.001915,
0.275486,0.037565,0.519410,0.001333,
0.322234,0.037528,0.419219,-0.001802,
0.342591,0.037433,0.019144,-0.000233,
0.327835,0.035725,0.012585,0.001167,
0.327780,0.035884,-0.011659,0.001861,
0.325552,0.036042,-0.031069,0.001308,
0.322462,0.036006,-0.030458,-0.001701,
0.315908,0.035916,-0.094627,-0.000214,
TIME: 2508 - SYSTEM: Plan 625
0.025942,0.000321,0.387193,0.031059,
0.074868,0.004380,0.571138,0.048297,
0.135465,0.009540,0.629890,0.053917,
0.190910,0.014670,0.485498,0.048607,
0.205497,0.018561,-0.142966,0.030327,
0.177262,0.017046,0.019709,0.025575,
0.179644,0.020422,0.027084,0.040263,
0.184451,0.024745,0.065377,0.045338,
0.191014,0.029219,0.065240,0.043914,
0.196098,0.032537,0.038180,0.023810,
0.163290,0.027421,0.033860,0.018804,
0.165357,0.029895,0.009332,0.029395,
0.165982,0.033060,0.003572,0.033429,
0.166379,0.036358,0.004271,0.032092,
0.164455,0.039020,-0.038958,0.021661,
0.178392,0.037242,0.390119,0.001198,
0.223906,0.037402,0.505975,0.001911,
0.275488,0.037564,0.519428,0.001329,
0.322237,0.037524,0.419218,-0.001803,
0.342591,0.037431,0.019098,-0.000232,
0.327834,0.035723,0.012585,0.001164,
0.327780,0.035876,-0.011659,0.001865,
0.325551,0.036034,-0.031068,0.001313,
0.322462,0.036001,-0.030457,-0.001696,
0.315909,0.035910,-0.094626,-0.000208,
TIME: 2512 - SYSTEM: Plan 626
0.025942,0.000321,0.387192,0.031058,
0.074867,0.004380,0.571137,0.048295,
0.135465,0.009540,0.629888,0.053915,
0.190910,0.014671,0.485496,0.048607,
0.205496,0.018562,-0.142966,0.030327,
0.177262,0.017047,0.019707,0.025576,
0.179644,0.020421,0.027081,0.040260,
0.184450,0.024746,0.065374,0.045339,
0.191012,0.029223,0.065238,0.043915,
0.196096,0.032540,0.038179,0.023829,
0.163289,0.027433,0.033870,0.018783,
0.165358,0.029901,0.009353,0.029377,
0.165984,0.033075,0.003576,0.033416,
0.166381,0.036350,0.004277,0.032074,
0.164459,0.039014,-0.038941,0.021651,
0.178395,0.037233,0.390107,0.001198,
0.223907,0.037394,0.505957,0.001916,
0.275488,0.037554,0.519410,0.001333,
0.322236,0.037516,0.419210,-0.001797,
0.342590,0.037422,0.019116,-0.000228,
0.327834,0.035714,0.012587,0.001165,
0.327779,0.035868,-0.011656,0.001864,
0.325551,0.036026,-0.031066,0.001311,
0.322462,0.035993,-0.030455,-0.001696,
0.315909,0.035898,-0.094625,-0.000209,
TIME: 2515 - SYSTEM: Plan 627
0.025942,0.000321,0.387192,0.031057,
0.074867,0.004379,0.571137,0.048297,
0.135465,0.009539,0.629888,0.053916,
0.190910,0.014670,0.485496,0.048608,
0.205497,0.018559,-0.142966,0.030329,
0.177262,0.017044,0.019708,0.025574,
0.179644,0.020414,0.027082,0.040263,
0.184450,0.024737,0.065375,0.045339,
0.191013,0.029225,0.065239,0.043917,
0.196097,0.032541,0.038179,0.023853,
0.163289,0.027431,0.033866,0.018765,
0.165358,0.029887,0.009345,0.029353,
0.165983,0.033062,0.003576,0.033400,
0.166380,0.036343,0.004268,0.032057,
0.164456,0.039000,-0.038964,0.021639,
0.178392,0.037224,0.390108,0.001198,
0.223904,0.037382,0.505958,0.001912,
0.275486,0.037544,0.519411,0.001331,
0.322234,0.037509,0.419218,-0.001801,
0.342590,0.037413,0.019140,-0.000233,
0.327834,0.035707,0.012586,0.001167,
0.327780,0.035866,-0.011657,0.001861,
0.325552,0.036025,-0.031067,0.001308,
0.322462,0.035991,-0.030456,-0.001705,
0.315909,0.035900,-0.094625,-0.000218,
TIME: 2519 - SYSTEM: Plan 628
0.025942,0.000321,0.387192,0.031057,
0.074867,0.004380,0.571137,0.048298,
0.135465,0.009540,0.629888,0.053916,
0.190910,0.014671,0.485496,0.048607,
0.205496,0.018561,-0.142965,0.030328,
0.177262,0.017046,0.019708,0.025575,
0.179644,0.020418,0.027082,0.040261,
0.184450,0.024743,0.065375,0.045341,
0.191013,0.029217,0.065238,0.043916,
0.196096,0.032535,0.038179,0.023854,
0.163289,0.027426,0.033867,0.018773,
0.165358,0.029882,0.009348,0.029358,
0.165983,0.033058,0.003577,0.033390,
0.166380,0.036340,0.004270,0.032056,
0.164457,0.038996,-0.038961,0.021640,
0.178393,0.037219,0.390102,0.001197,
0.223904,0.037377,0.505949,0.001913,
0.275486,0.037538,0.519405,0.001333,
0.322233,0.037503,0.419212,-0.001798,
0.342590,0.037407,0.019141,-0.000229,
0.327834,0.035698,0.012586,0.001168,
0.327779,0.035854,-0.011657,0.001862,
0.325551,0.036014,-0.031066,0.001308,
0.322462,0.035980,-0.030456,-0.001699,
0.315909,0.035892,-0.094625,-0.000212,
TIME: 2522 - SYSTEM: Plan 629
0.025942,0.000322,0.387194,0.031057,
0.074867,0.004381,0.571139,0.048296,
0.135465,0.009540,0.629891,0.053915,
0.190910,0.014670,0.485498,0.048607,
0.205497,0.018561,-0.142966,0.030327,
0.177262,0.017049,0.019710,0.025573,
0.179645,0.020416,0.027085,0.040260,
0.184451,0.024741,0.065378,0.045341,
0.191014,0.029225,0.065240,0.043917,
0.196098,0.032540,0.038180,0.023863,
0.163290,0.027429,0.033855,0.018766,
0.165357,0.029904,0.009326,0.029346,
0.165981,0.033074,0.003573,0.033377,
0.166378,0.036364,0.004257,0.032031,
0.164451,0.039022,-0.038994,0.021610,
0.178388,0.037244,0.390107,0.001195,
0.223900,0.037401,0.505953,0.001913,
0.275482,0.037562,0.519414,0.001335,
0.322232,0.037530,0.419239,-0.001798,
0.342593,0.037434,0.019195,-0.000229,
0.327836,0.035725,0.012580,0.001166,
0.327781,0.035879,-0.011665,0.001865,
0.325552,0.036039,-0.031075,0.001313,
0.322462,0.036004,-0.030463,-0.001696,
0.315908,0.035913,-0.094630,-0.000211,
TIME: 2526 - SYSTEM: Plan 630
0.025942,0.000321,0.387192,0.031057,
0.074867,0.004380,0.571137,0.048296,
0.135465,0.009539,0.629888,0.053916,
0.190910,0.014671,0.485497,0.048609,
0.205497,0.018561,-0.142965,0.030328,
0.177262,0.017046,0.019708,0.025571,
0.179644,0.020420,0.027083,0.040259,
0.184450,0.024741,0.065375,0.045338,
0.191013,0.029222,0.065238,0.043915,
0.196097,0.032543,0.038179,0.023843,
0.163289,0.027427,0.033865,0.018768,
0.165358,0.029871,0.009343,0.029366,
0.165983,0.033053,0.003575,0.033419,
0.166380,0.036340,0.004269,0.032079,
0.164456,0.038986,-0.038961,0.021653,
0.178393,0.037209,0.390112,0.001198,
0.223906,0.037369,0.505964,0.001914,
0.275487,0.037533,0.519414,0.001333,
0.322235,0.037500,0.419212,-0.001801,
0.342590,0.037405,0.019114,-0.000234,
0.327834,0.035698,0.012586,0.001165,
0.327779,0.035855,-0.011657,0.001865,
0.325551,0.036014,-0.031066,0.001309,
0.322462,0.035980,-0.030456,-0.001700,
0.315909,0.035889,-0.094625,-0.000214,
TIME: 2530 - SYSTEM: Plan 631
0.025942,0.000321,0.387193,0.031057,
0.074867,0.004380,0.571138,0.048297,
0.135465,0.009541,0.629890,0.053916,
0.190910,0.014670,0.485497,0.048607,
0.205497,0.018561,-0.142966,0.030327,
0.177262,0.017044,0.019709,0.025574,
0.179644,0.020421,0.027083,0.040259,
0.184450,0.024742,0.065376,0.045339,
0.191013,0.029223,0.065239,0.043911,
0.196097,0.032538,0.038180,0.023767,
0.163289,0.027424,0.033864,0.018825,
0.165358,0.029886,0.009338,0.029443,
0.165982,0.033055,0.003572,0.033494,
0.166380,0.036351,0.004283,0.032167,
0.164459,0.039010,-0.038927,0.021722,
0.178396,0.037231,0.390127,0.001199,
0.223911,0.037393,0.505988,0.001918,
0.275495,0.037554,0.519429,0.001333,
0.322241,0.037515,0.419182,-0.001802,
0.342588,0.037425,0.018985,-0.000231,
0.327833,0.035716,0.012589,0.001165,
0.327779,0.035870,-0.011652,0.001862,
0.325551,0.036026,-0.031061,0.001312,
0.322462,0.035993,-0.030450,-0.001695,
0.315909,0.035903,-0.094622,-0.000205,
TIME: 2534 - SYSTEM: Plan 632
0.025942,0.000321,0.387192,0.031057,
0.074867,0.004380,0.571137,0.048295,
0.135465,0.009538,0.629889,0.053916,
0.190910,0.014669,0.485496,0.048609,
0.205497,0.018560,-0.142967,0.030329,
0.177262,0.017044,0.019708,0.025574,
0.179644,0.020415,0.027082,0.040262,
0.184450,0.024739,0.065375,0.045341,
0.191013,0.029217,0.065238,0.043917,
0.196096,0.032537,0.038179,0.023876,
0.163289,0.027420,0.033866,0.018757,
0.165358,0.029877,0.009347,0.029335,
0.165983,0.033046,0.003577,0.033371,
0.166380,0.036327,0.004264,0.032039,
0.164455,0.038993,-0.038974,0.021630,
0.178392,0.037215,0.390106,0.001198,
0.223903,0.037375,0.505955,0.001914,
0.275485,0.037537,0.519411,0.001332,
0.322233,0.037500,0.419223,-0.001801,
0.342590,0.037405,0.019162,-0.000232,
0.327834,0.035699,0.012587,0.001167,
0.327779,0.035857,-0.011655,0.001863,
0.325551,0.036015,-0.031065,0.001310,
0.322462,0.035981,-0.030454,-0.001698,
0.315909,0.035890,-0.094624,-0.000215,
TIME: 2537 - SYSTEM: Plan 633
0.025942,0.000321,0.387192,0.031059,
0.074867,0.004379,0.571137,0.048297,
0.135465,0.009538,0.629889,0.053915,
0.190910,0.014669,0.485497,0.048609,
0.205497,0.018558,-0.142965,0.030329,
0.177262,0.017045,0.019708,0.025574,
0.179644,0.020413,0.027082,0.040259,
0.184450,0.024735,0.065375,0.045340,
0.191013,0.029215,0.065238,0.043914,
0.196097,0.032528,0.038180,0.023803,
0.163289,0.027415,0.033865,0.018806,
0.165358,0.029880,0.009341,0.029409,
0.165983,0.033045,0.003573,0.033455,
0.166380,0.036335,0.004276,0.032119,
0.164458,0.038989,-0.038942,0.021687,
0.178395,0.037210,0.390118,0.001198,
0.223908,0.037370,0.505974,0.001914,
0.275491,0.037526,0.519421,0.001333,
0.322238,0.037495,0.419198,-0.001797,
0.342589,0.037399,0.019051,-0.000228,
0.327833,0.035692,0.012587,0.001164,
0.327779,0.035847,-0.011655,0.001864,
0.325551,0.036005,-0.031065,0.001309,
0.322462,0.035974,-0.030454,-0.001700,
0.315909,0.035886,-0.094624,-0.000213,
TIME: 2542 - SYSTEM: Plan 634
0.025942,0.000322,0.387192,0.031057,
0.074867,0.004380,0.571137,0.048297,
0.135465,0.009540,0.629889,0.053915,
0.190910,0.014671,0.485496,0.048607,
0.205497,0.018562,-0.142967,0.030327,
0.177262,0.017049,0.019708,0.025573,
0.179644,0.020416,0.027082,0.040262,
0.184450,0.024739,0.065375,0.045342,
0.191013,0.029222,0.065238,0.043917,
0.196097,0.032544,0.038179,0.023871,
0.163289,0.027434,0.033865,0.018752,
0.165358,0.029891,0.009345,0.029323,
0.165983,0.033060,0.003576,0.033368,
0.166380,0.036341,0.004264,0.032024,
0.164455,0.038983,-0.038973,0.021619,
0.178392,0.037204,0.390100,0.001196,
0.223902,0.037364,0.505946,0.001914,
0.275483,0.037525,0.519403,0.001334,
0.322232,0.037485,0.419224,-0.001796,
0.342590,0.037391,0.019182,-0.000226,
0.327834,0.035683,0.012585,0.001169,
0.327780,0.035841,-0.011659,0.001864,
0.325551,0.036000,-0.031069,0.001309,
0.322462,0.035961,-0.030458,-0.001700,
0.315909,0.035873,-0.094626,-0.000212,
TIME: 2545 - SYSTEM: Plan 635
0.025942,0.000320,0.387193,0.031057,
0.074868,0.004380,0.571138,0.048298,
0.135465,0.009539,0.629890,0.053917,
0.190910,0.014670,0.485498,0.048609,
0.205497,0.018561,-0.142965,0.030328,
0.177262,0.017046,0.019709,0.025571,
0.179644,0.020420,0.027084,0.040259,
0.184451,0.024741,0.065377,0.045338,
0.191014,0.029222,0.065240,0.043915,
0.196098,0.032543,0.038180,0.023843,
0.163289,0.027427,0.033859,0.018768,
0.165357,0.029883,0.009331,0.029368,
0.165982,0.033055,0.003573,0.033410,
0.166378,0.036342,0.004264,0.032070,
0.164453,0.039008,-0.038977,0.021648,
0.178391,0.037228,0.390116,0.001198,
0.223903,0.037388,0.505967,0.001915,
0.275486,0.037548,0.519421,0.001333,
0.322235,0.037510,0.419221,-0.001799,
0.342591,0.037416,0.019126,-0.000227,
0.327834,0.035710,0.012585,0.001165,
0.327780,0.035866,-0.011658,0.001863,
0.325551,0.036028,-0.031068,0.001308,
0.322462,0.035994,-0.030457,-0.001702,
0.315909,0.035905,-0.094626,-0.000216,
TIME: 2549 - SYSTEM: Plan 636
0.025942,0.000321,0.387193,0.031057,
0.074867,0.004380,0.571138,0.048297,
0.135465,0.009540,0.629890,0.053916,
0.190910,0.014671,0.485497,0.048607,
0.205497,0.018561,-0.142966,0.030327,
0.177262,0.017047,0.019709,0.025573,
0.179644,0.020423,0.027083,0.040260,
0.184450,0.024745,0.065376,0.045340,
0.191013,0.029226,0.065239,0.043915,
0.196097,0.032541,0.038179,0.023825,
0.163289,0.027428,0.033862,0.018784,
0.165358,0.029887,0.009337,0.029380,
0.165982,0.033056,0.003574,0.033428,
0.166379,0.036354,0.004270,0.032094,
0.164455,0.039018,-0.038960,0.021663,
0.178393,0.037240,0.390117,0.001198,
0.223906,0.037402,0.505971,0.001914,
0.275489,0.037563,0.519421,0.001330,
0.322237,0.037529,0.419211,-0.001804,
0.342590,0.037433,0.019097,-0.000234,
0.327834,0.035725,0.012585,0.001166,
0.327779,0.035878,-0.011659,0.001862,
0.325551,0.036034,-0.031068,0.001310,
0.322462,0.035998,-0.030457,-0.001696,
0.315909,0.035909,-0.094625,-0.000207,
TIME: 2553 - SYSTEM: Plan 637
0.025942,0.000321,0.387193,0.031057,
0.074868,0.004380,0.571139,0.048296,
0.135465,0.009540,0.629890,0.053915,
0.190910,0.014670,0.485498,0.048607,
0.205497,0.018562,-0.142967,0.030327,
0.177262,0.017047,0.019710,0.025573,
0.179644,0.020421,0.027085,0.040263,
0.184451,0.024746,0.065378,0.045339,
0.191014,0.029223,0.065240,0.043914,
0.196098,0.032541,0.038180,0.023816,
0.163290,0.027431,0.033859,0.018796,
0.165357,0.029893,0.009330,0.029385,
0.165982,0.033067,0.003572,0.033430,
0.166378,0.036349,0.004269,0.032094,
0.164454,0.039011,-0.038964,0.021670,
0.178391,0.037233,0.390122,0.001198,
0.223905,0.037389,0.505979,0.001914,
0.275488,0.037552,0.519429,0.001334,
0.322236,0.037517,0.419213,-0.001799,
0.342590,0.037421,0.019085,-0.000230,
0.327834,0.035714,0.012587,0.001165,
0.327779,0.035867,-0.011656,0.001864,
0.325551,0.036023,-0.031066,0.001310,
0.322462,0.035989,-0.030455,-0.001698,
0.315909,0.035898,-0.094624,-0.000209,
TIME: 2556 - SYSTEM: Plan 638
0.025942,0.000322,0.387193,0.031057,
0.074868,0.004380,0.571138,0.048298,
0.135465,0.009539,0.629890,0.053915,
0.190910,0.014669,0.485497,0.048608,
0.205497,0.018559,-0.142967,0.030329,
0.177262,0.017045,0.019710,0.025569,
0.179644,0.020419,0.027085,0.040260,
0.184451,0.024739,0.065377,0.045340,
0.191014,0.029219,0.065240,0.043915,
0.196098,0.032538,0.038180,0.023834,
0.163289,0.027425,0.033859,0.018784,
0.165357,0.029897,0.009332,0.029372,
0.165982,0.033066,0.003573,0.033409,
0.166379,0.036350,0.004267,0.032077,
0.164454,0.039011,-0.038970,0.021650,
0.178391,0.037230,0.390116,0.001198,
0.223905,0.037391,0.505969,0.001913,
0.275487,0.037551,0.519423,0.001333,
0.322235,0.037517,0.419220,-0.001800,
0.342590,0.037422,0.019121,-0.000231,
0.327834,0.035716,0.012585,0.001165,
0.327779,0.035872,-0.011658,0.001862,
0.325552,0.036027,-0.031068,0.001308,
0.322462,0.035994,-0.030457,-0.001699,
0.315909,0.035902,-0.094625,-0.000211,
TIME: 2560 - SYSTEM: Plan 639
0.025942,0.000321,0.387192,0.031056,
0.074867,0.004380,0.571138,0.048298,
0.135465,0.009540,0.629889,0.053916,
0.190910,0.014671,0.485497,0.048608,
0.205497,0.018561,-0.142966,0.030328,
0.177262,0.017050,0.019708,0.025572,
0.179644,0.020416,0.027083,0.040260,
0.184450,0.024741,0.065375,0.045341,
0.191013,0.029225,0.065238,0.043917,
0.196097,0.032540,0.038179,0.023869,
0.163289,0.027423,0.033865,0.018759,
0.165358,0.029889,0.009345,0.029342,
0.165983,0.033063,0.003576,0.033372,
0.166380,0.036344,0.004264,0.032034,
0.164455,0.038997,-0.038973,0.021619,
0.178391,0.037219,0.390103,0.001197,
0.223903,0.037381,0.505949,0.001914,
0.275484,0.037540,0.519408,0.001334,
0.322232,0.037505,0.419227,-0.001798,
0.342591,0.037411,0.019179,-0.000229,
0.327835,0.035705,0.012584,0.001168,
0.327780,0.035857,-0.011660,0.001863,
0.325551,0.036016,-0.031070,0.001314,
0.322462,0.035981,-0.030458,-0.001694,
0.315908,0.035893,-0.094626,-0.000210,
TIME: 2564 - SYSTEM: Plan 640
0.025942,0.000322,0.387192,0.031057,
0.074867,0.004381,0.571137,0.048297,
0.135465,0.009541,0.629889,0.053915,
0.190910,0.014671,0.485497,0.048607,
0.205497,0.018561,-0.142965,0.030327,
0.177262,0.017046,0.019708,0.025575,
0.179644,0.020418,0.027082,0.040261,
0.184450,0.024743,0.065375,0.045341,
0.191013,0.029217,0.065238,0.043916,
0.196097,0.032536,0.038179,0.023854,
0.163289,0.027426,0.033866,0.018773,
0.165358,0.029882,0.009346,0.029358,
0.165983,0.033058,0.003577,0.033390,
0.166380,0.036340,0.004269,0.032056,
0.164456,0.038996,-0.038963,0.021640,
0.178393,0.037218,0.390105,0.001197,
0.223905,0.037379,0.505955,0.001914,
0.275486,0.037540,0.519410,0.001330,
0.322234,0.037500,0.419217,-0.001800,
0.342590,0.037408,0.019141,-0.000231,
0.327834,0.035699,0.012587,0.001168,
0.327779,0.035855,-0.011656,0.001864,
0.325551,0.036013,-0.031066,0.001311,
0.322462,0.035979,-0.030455,-0.001696,
0.315909,0.035889,-0.094625,-0.000211,
TIME: 2568 - SYSTEM: Plan 641
0.025942,0.000321,0.387192,0.031058,
0.074867,0.004380,0.571136,0.048297,
0.135465,0.009540,0.629888,0.053917,
0.190910,0.014670,0.485496,0.048607,
0.205497,0.018561,-0.142965,0.030328,
0.177262,0.017046,0.019708,0.025573,
0.179644,0.020418,0.027083,0.040259,
0.184450,0.024743,0.065375,0.045342,
0.191013,0.029222,0.065239,0.043913,
0.196097,0.032535,0.038179,0.023814,
0.163289,0.027419,0.033866,0.018794,
0.165358,0.029884,0.009345,0.029400,
0.165983,0.033058,0.003575,0.033443,
0.166380,0.036351,0.004276,0.032108,
0.164458,0.039016,-0.038944,0.021670,
0.178395,0.037237,0.390116,0.001199,
0.223908,0.037399,0.505970,0.001912,
0.275490,0.037559,0.519419,0.001329,
0.322237,0.037525,0.419205,-0.001803,
0.342590,0.037428,0.019079,-0.000234,
0.327834,0.035719,0.012586,0.001164,
0.327779,0.035878,-0.011657,0.001864,
0.325551,0.036033,-0.031066,0.001310,
0.322462,0.035998,-0.030455,-0.001698,
0.315909,0.035906,-0.094625,-0.000210,
TIME: 2571 - SYSTEM: Plan 642
0.025942,0.000321,0.387192,0.031057,
0.074867,0.004380,0.571137,0.048297,
0.135465,0.009540,0.629888,0.053916,
0.190910,0.014671,0.485496,0.048607,
0.205496,0.018561,-0.142966,0.030328,
0.177262,0.017046,0.019707,0.025573,
0.179644,0.020418,0.027081,0.040262,
0.184449,0.024744,0.065374,0.045341,
0.191012,0.029224,0.065238,0.043913,
0.196096,0.032535,0.038179,0.023800,
0.163289,0.027421,0.033872,0.018807,
0.165358,0.029889,0.009355,0.029410,
0.165984,0.033048,0.003576,0.033448,
0.166382,0.036326,0.004284,0.032119,
0.164461,0.039001,-0.038924,0.021695,
0.178397,0.037223,0.390113,0.001198,
0.223910,0.037385,0.505968,0.001913,
0.275492,0.037546,0.519415,0.001331,
0.322239,0.037507,0.419187,-0.001801,
0.342588,0.037417,0.019038,-0.000232,
0.327832,0.035707,0.012590,0.001165,
0.327778,0.035859,-0.011651,0.001865,
0.325551,0.036018,-0.031061,0.001311,
0.322462,0.035986,-0.030450,-0.001696,
0.315909,0.035896,-0.094621,-0.000207,
TIME: 2575 - SYSTEM: Plan 643
0.025942,0.000321,0.387194,0.031057,
0.074868,0.004380,0.571139,0.048295,
0.135466,0.009540,0.629891,0.053916,
0.190911,0.014670,0.485498,0.048608,
0.205497,0.018561,-0.142967,0.030328,
0.177262,0.017047,0.019710,0.025573,
0.179644,0.020421,0.027085,0.040261,
0.184451,0.024743,0.065378,0.045340,
0.191014,0.029220,0.065240,0.043914,
0.196098,0.032533,0.038180,0.023815,
0.163290,0.027420,0.033858,0.018791,
0.165357,0.029901,0.009329,0.029394,
0.165982,0.033063,0.003572,0.033433,
0.166378,0.036365,0.004268,0.032093,
0.164454,0.039028,-0.038964,0.021657,
0.178391,0.037247,0.390120,0.001199,
0.223905,0.037411,0.505974,0.001913,
0.275489,0.037573,0.519427,0.001329,
0.322237,0.037537,0.419220,-0.001805,
0.342591,0.037443,0.019104,-0.000236,
0.327835,0.035734,0.012583,0.001167,
0.327780,0.035884,-0.011661,0.001864,
0.325552,0.036039,-0.031071,0.001313,
0.322462,0.036006,-0.030459,-0.001692,
0.315908,0.035916,-0.094627,-0.000204,
TIME: 2579 - SYSTEM: Plan 644
0.025942,0.000321,0.387192,0.031057,
0.074868,0.004380,0.571138,0.048297,
0.135465,0.009540,0.629889,0.053915,
0.190910,0.014670,0.485497,0.048607,
0.205497,0.018561,-0.142966,0.030328,
0.177262,0.017047,0.019709,0.025578,
0.179644,0.020418,0.027083,0.040259,
0.184450,0.024740,0.065376,0.045339,
0.191013,0.029217,0.065239,0.043912,
0.196097,0.032529,0.038180,0.023785,
0.163289,0.027419,0.033863,0.018811,
0.165358,0.029888,0.009337,0.029421,
0.165982,0.033058,0.003572,0.033477,
0.166380,0.036347,0.004278,0.032135,
0.164457,0.039010,-0.038938,0.021697,
0.178395,0.037234,0.390127,0.001198,
0.223909,0.037392,0.505986,0.001914,
0.275492,0.037552,0.519430,0.001332,
0.322241,0.037514,0.419199,-0.001800,
0.342589,0.037422,0.019030,-0.000230,
0.327833,0.035716,0.012587,0.001166,
0.327779,0.035871,-0.011656,0.001864,
0.325551,0.036031,-0.031065,0.001308,
0.322462,0.035996,-0.030454,-0.001701,
0.315909,0.035904,-0.094623,-0.000212,
TIME: 2582 - SYSTEM: Plan 645
0.025942,0.000321,0.387193,0.031057,
0.074868,0.004381,0.571138,0.048297,
0.135465,0.009541,0.629890,0.053915,
0.190910,0.014671,0.485496,0.048606,
0.205497,0.018561,-0.142967,0.030327,
0.177262,0.017045,0.019709,0.025576,
0.179644,0.020422,0.027084,0.040259,
0.184450,0.024745,0.065376,0.045340,
0.191013,0.029222,0.065239,0.043914,
0.196097,0.032538,0.038180,0.023813,
0.163289,0.027421,0.033862,0.018795,
0.165358,0.029899,0.009337,0.029388,
0.165982,0.033070,0.003574,0.033436,
0.166379,0.036354,0.004273,0.032087,
0.164456,0.039016,-0.038953,0.021661,
0.178393,0.037237,0.390115,0.001197,
0.223907,0.037394,0.505969,0.001913,
0.275489,0.037557,0.519420,0.001329,
0.322237,0.037518,0.419213,-0.001803,
0.342590,0.037423,0.019099,-0.000230,
0.327834,0.035713,0.012585,0.001165,
0.327780,0.035870,-0.011658,0.001861,
0.325551,0.036026,-0.031068,0.001312,
0.322462,0.035992,-0.030457,-0.001695,
0.315908,0.035900,-0.094626,-0.000208,
TIME: 2586 - SYSTEM: Plan 646
0.025942,0.000321,0.387191,0.031056,
0.074867,0.004379,0.571136,0.048298,
0.135465,0.009540,0.629887,0.053917,
0.190910,0.014671,0.485495,0.048607,
0.205496,0.018561,-0.142966,0.030328,
0.177261,0.017046,0.019706,0.025575,
0.179643,0.020418,0.027079,0.040262,
0.184449,0.024742,0.065372,0.045341,
0.191012,0.029217,0.065236,0.043916,
0.196095,0.032535,0.038179,0.023842,
0.163288,0.027425,0.033876,0.018778,
0.165359,0.029885,0.009365,0.029368,
0.165985,0.033055,0.003578,0.033403,
0.166383,0.036334,0.004279,0.032069,
0.164461,0.038992,-0.038933,0.021650,
0.178396,0.037217,0.390102,0.001198,
0.223907,0.037372,0.505951,0.001912,
0.275488,0.037534,0.519405,0.001332,
0.322235,0.037498,0.419204,-0.001798,
0.342589,0.037404,0.019119,-0.000228,
0.327833,0.035698,0.012588,0.001165,
0.327779,0.035853,-0.011655,0.001862,
0.325551,0.036011,-0.031065,0.001309,
0.322462,0.035977,-0.030454,-0.001700,
0.315909,0.035887,-0.094623,-0.000213,
TIME: 2589 - SYSTEM: Plan 647
0.025942,0.000321,0.387193,0.031057,
0.074868,0.004380,0.571139,0.048298,
0.135465,0.009540,0.629890,0.053917,
0.190910,0.014670,0.485498,0.048607,
0.205497,0.018561,-0.142966,0.030328,
0.177262,0.017043,0.019710,0.025572,
0.179644,0.020421,0.027085,0.040260,
0.184451,0.024742,0.065378,0.045338,
0.191014,0.029223,0.065240,0.043915,
0.196098,0.032541,0.038180,0.023834,
0.163290,0.027430,0.033856,0.018779,
0.165357,0.029895,0.009326,0.029368,
0.165981,0.033069,0.003572,0.033406,
0.166378,0.036347,0.004264,0.032070,
0.164453,0.039002,-0.038978,0.021651,
0.178390,0.037223,0.390116,0.001198,
0.223902,0.037382,0.505970,0.001915,
0.275485,0.037545,0.519424,0.001334,
0.322235,0.037507,0.419221,-0.001800,
0.342590,0.037412,0.019123,-0.000230,
0.327834,0.035704,0.012585,0.001165,
0.327779,0.035862,-0.011658,0.001864,
0.325551,0.036020,-0.031068,0.001309,
0.322462,0.035985,-0.030457,-0.001700,
0.315909,0.035894,-0.094625,-0.000212,
TIME: 2594 - SYSTEM: Plan 648
0.025942,0.000321,0.387192,0.031058,
0.074867,0.004380,0.571137,0.048298,
0.135465,0.009540,0.629889,0.053915,
0.190910,0.014670,0.485497,0.048607,
0.205497,0.018561,-0.142966,0.030328,
0.177262,0.017049,0.019709,0.025573,
0.179644,0.020417,0.027083,0.040259,
0.184450,0.024740,0.065376,0.045341,
0.191013,0.029225,0.065239,0.043916,
0.196097,0.032539,0.038180,0.023862,
0.163289,0.027429,0.033862,0.018766,
0.165358,0.029894,0.009339,0.029339,
0.165982,0.033063,0.003575,0.033371,
0.166379,0.036337,0.004263,0.032033,
0.164454,0.038991,-0.038978,0.021621,
0.178391,0.037213,0.390107,0.001197,
0.223902,0.037372,0.505956,0.001914,
0.275483,0.037533,0.519415,0.001334,
0.322232,0.037494,0.419230,-0.001799,
0.342591,0.037400,0.019176,-0.000228,
0.327835,0.035694,0.012584,0.001168,
0.327779,0.035845,-0.011660,0.001864,
0.325551,0.036004,-0.031070,0.001312,
0.322462,0.035971,-0.030459,-0.001696,
0.315908,0.035882,-0.094626,-0.000212,
TIME: 2599 - SYSTEM: Plan 649
0.025942,0.000321,0.387194,0.031058,
0.074868,0.004381,0.571139,0.048297,
0.135465,0.009540,0.629891,0.053916,
0.190910,0.014670,0.485498,0.048607,
0.205497,0.018561,-0.142965,0.030328,
0.177262,0.017046,0.019710,0.025575,
0.179644,0.020417,0.027085,0.040261,
0.184451,0.024743,0.065378,0.045341,
0.191014,0.029217,0.065240,0.043916,
0.196098,0.032536,0.038180,0.023854,
0.163290,0.027429,0.033856,0.018776,
0.165357,0.029894,0.009327,0.029360,
0.165981,0.033065,0.003573,0.033389,
0.166378,0.036342,0.004260,0.032052,
0.164452,0.038992,-0.038989,0.021637,
0.178389,0.037214,0.390118,0.001198,
0.223902,0.037372,0.505971,0.001912,
0.275485,0.037532,0.519429,0.001334,
0.322234,0.037498,0.419233,-0.001797,
0.342591,0.037406,0.019148,-0.000228,
0.327835,0.035698,0.012585,0.001166,
0.327780,0.035852,-0.011658,0.001861,
0.325552,0.036009,-0.031068,0.001309,
0.322462,0.035976,-0.030457,-0.001697,
0.315908,0.035888,-0.094626,-0.000211,
TIME: 2603 - SYSTEM: Plan 650
0.025942,0.000321,0.387191,0.031058,
0.074867,0.004379,0.571135,0.048297,
0.135465,0.009539,0.629887,0.053917,
0.190910,0.014669,0.485495,0.048609,
0.205496,0.018560,-0.142965,0.030329,
0.177262,0.017045,0.019707,0.025571,
0.179643,0.020420,0.027081,0.040265,
0.184449,0.024745,0.065373,0.045339,
0.191012,0.029230,0.065237,0.043913,
0.196096,0.032544,0.038179,0.023794,
0.163289,0.027433,0.033874,0.018800,
0.165359,0.029902,0.009358,0.029408,
0.165984,0.033095,0.003576,0.033454,
0.166383,0.036389,0.004286,0.032100,
0.164462,0.039037,-0.038916,0.021660,
0.178399,0.037256,0.390109,0.001198,
0.223911,0.037417,0.505959,0.001915,
0.275492,0.037576,0.519409,0.001332,
0.322239,0.037539,0.419205,-0.001801,
0.342591,0.037443,0.019092,-0.000230,
0.327835,0.035734,0.012585,0.001166,
0.327780,0.035887,-0.011659,0.001865,
0.325551,0.036047,-0.031069,0.001312,
0.322462,0.036015,-0.030458,-0.001697,
0.315908,0.035924,-0.094626,-0.000209,
TIME: 2607 - SYSTEM: Plan 651
0.025942,0.000321,0.387191,0.031058,
0.074867,0.004381,0.571136,0.048296,
0.135465,0.009541,0.629888,0.053915,
0.190910,0.014672,0.485496,0.048606,
0.205496,0.018561,-0.142965,0.030327,
0.177262,0.017044,0.019707,0.025573,
0.179644,0.020421,0.027081,0.040259,
0.184449,0.024742,0.065373,0.045339,
0.191012,0.029224,0.065237,0.043915,
0.196096,0.032540,0.038179,0.023828,
0.163289,0.027430,0.033871,0.018786,
0.165358,0.029883,0.009354,0.029367,
0.165984,0.033066,0.003576,0.033417,
0.166382,0.036365,0.004277,0.032078,
0.164459,0.039027,-0.038939,0.021650,
0.178396,0.037249,0.390106,0.001196,
0.223908,0.037410,0.505956,0.001914,
0.275489,0.037570,0.519408,0.001330,
0.322235,0.037531,0.419209,-0.001804,
0.342590,0.037436,0.019118,-0.000232,
0.327834,0.035724,0.012586,0.001167,
0.327779,0.035885,-0.011657,0.001866,
0.325551,0.036045,-0.031067,0.001312,
0.322462,0.036008,-0.030456,-0.001697,
0.315909,0.035918,-0.094624,-0.000211,
TIME: 2610 - SYSTEM: Plan 652
0.025942,0.000320,0.387192,0.031058,
0.074867,0.004379,0.571137,0.048298,
0.135465,0.009541,0.629888,0.053917,
0.190910,0.014672,0.485496,0.048607,
0.205497,0.018562,-0.142966,0.030327,
0.177262,0.017048,0.019708,0.025575,
0.179644,0.020420,0.027083,0.040258,
0.184450,0.024744,0.065376,0.045339,
0.191013,0.029223,0.065239,0.043913,
0.196097,0.032540,0.038180,0.023809,
0.163289,0.027423,0.033865,0.018802,
0.165358,0.029891,0.009341,0.029398,
0.165983,0.033077,0.003574,0.033447,
0.166380,0.036362,0.004275,0.032101,
0.164457,0.039027,-0.038945,0.021665,
0.178394,0.037249,0.390117,0.001199,
0.223907,0.037408,0.505971,0.001913,
0.275489,0.037571,0.519420,0.001330,
0.322237,0.037532,0.419210,-0.001802,
0.342591,0.037438,0.019088,-0.000233,
0.327834,0.035729,0.012583,0.001165,
0.327780,0.035887,-0.011661,0.001860,
0.325551,0.036041,-0.031071,0.001308,
0.322462,0.036007,-0.030459,-0.001699,
0.315908,0.035919,-0.094625,-0.000209,
TIME: 2614 - SYSTEM: Plan 653
0.025942,0.000321,0.387192,0.031057,
0.074868,0.004380,0.571138,0.048296,
0.135465,0.009541,0.629889,0.053915,
0.190910,0.014671,0.485497,0.048606,
0.205497,0.018562,-0.142966,0.030327,
0.177262,0.017048,0.019709,0.025572,
0.179644,0.020420,0.027083,0.040261,
0.184450,0.024745,0.065375,0.045338,
0.191013,0.029224,0.065239,0.043915,
0.196097,0.032542,0.038180,0.023837,
0.163289,0.027435,0.033862,0.018776,
0.165357,0.029894,0.009337,0.029367,
0.165982,0.033068,0.003574,0.033404,
0.166379,0.036352,0.004267,0.032068,
0.164455,0.039019,-0.038967,0.021644,
0.178393,0.037240,0.390114,0.001198,
0.223904,0.037401,0.505965,0.001916,
0.275487,0.037562,0.519420,0.001333,
0.322234,0.037524,0.419222,-0.001802,
0.342590,0.037431,0.019132,-0.000231,
0.327834,0.035722,0.012586,0.001166,
0.327780,0.035877,-0.011658,0.001863,
0.325551,0.036032,-0.031067,0.001311,
0.322462,0.035998,-0.030456,-0.001697,
0.315909,0.035907,-0.094626,-0.000208,
TIME: 2617 - SYSTEM: Plan 654
0.025942,0.000321,0.387192,0.031058,
0.074867,0.004381,0.571137,0.048298,
0.135465,0.009540,0.629889,0.053916,
0.190910,0.014670,0.485497,0.048608,
0.205497,0.018561,-0.142965,0.030328,
0.177262,0.017047,0.019708,0.025572,
0.179644,0.020423,0.027083,0.040262,
0.184450,0.024746,0.065375,0.045339,
0.191013,0.029220,0.065238,0.043912,
0.196097,0.032537,0.038179,0.023788,
0.163289,0.027430,0.033867,0.018808,
0.165358,0.029898,0.009345,0.029413,
0.165983,0.033086,0.003574,0.033457,
0.166381,0.036367,0.004282,0.032116,
0.164459,0.039028,-0.038931,0.021676,
0.178395,0.037247,0.390114,0.001198,
0.223908,0.037408,0.505968,0.001913,
0.275491,0.037568,0.519417,0.001331,
0.322239,0.037528,0.419200,-0.001802,
0.342590,0.037433,0.019066,-0.000229,
0.327834,0.035724,0.012585,0.001166,
0.327779,0.035876,-0.011658,0.001864,
0.325551,0.036032,-0.031068,0.001312,
0.322462,0.035996,-0.030457,-0.001694,
0.315909,0.035908,-0.094625,-0.000204,
TIME: 2621 - SYSTEM: Plan 655
0.025942,0.000321,0.387192,0.031058,
0.074867,0.004380,0.571136,0.048296,
0.135465,0.009540,0.629888,0.053914,
0.190910,0.014670,0.485496,0.048606,
0.205496,0.018561,-0.142966,0.030327,
0.177262,0.017045,0.019706,0.025575,
0.179643,0.020420,0.027080,0.040261,
0.184449,0.024744,0.065372,0.045338,
0.191012,0.029223,0.065237,0.043916,
0.196096,0.032540,0.038179,0.023842,
0.163289,0.027427,0.033874,0.018779,
0.165359,0.029898,0.009360,0.029371,
0.165985,0.033069,0.003578,0.033406,
0.166382,0.036362,0.004278,0.032064,
0.164460,0.039027,-0.038939,0.021631,
0.178396,0.037250,0.390101,0.001197,
0.223907,0.037409,0.505947,0.001914,
0.275487,0.037568,0.519403,0.001331,
0.322235,0.037531,0.419215,-0.001799,
0.342591,0.037436,0.019147,-0.000229,
0.327835,0.035728,0.012582,0.001166,
0.327780,0.035884,-0.011663,0.001863,
0.325551,0.036038,-0.031073,0.001310,
0.322462,0.036005,-0.030461,-0.001697,
0.315908,0.035916,-0.094627,-0.000210,
TIME: 2624 - SYSTEM: Plan 656
0.025942,0.000321,0.387192,0.031059,
0.074867,0.004380,0.571137,0.048298,
0.135465,0.009540,0.629889,0.053916,
0.190910,0.014670,0.485497,0.048607,
0.205497,0.018561,-0.142965,0.030328,
0.177262,0.017049,0.019708,0.025573,
0.179644,0.020421,0.027082,0.040259,
0.184450,0.024742,0.065375,0.045338,
0.191013,0.029219,0.065238,0.043913,
0.196097,0.032538,0.038179,0.023806,
0.163289,0.027425,0.033867,0.018797,
0.165358,0.029899,0.009345,0.029395,
0.165983,0.033058,0.003575,0.033438,
0.166381,0.036350,0.004278,0.032103,
0.164458,0.039022,-0.038939,0.021678,
0.178395,0.037244,0.390117,0.001196,
0.223908,0.037403,0.505972,0.001914,
0.275491,0.037564,0.519421,0.001333,
0.322237,0.037527,0.419203,-0.001800,
0.342589,0.037432,0.019068,-0.000231,
0.327833,0.035723,0.012587,0.001165,
0.327779,0.035878,-0.011655,0.001864,
0.325551,0.036034,-0.031065,0.001312,
0.322462,0.036003,-0.030453,-0.001697,
0.315909,0.035911,-0.094623,-0.000209,
TIME: 2628 - SYSTEM: Plan 657
0.025942,0.000321,0.387193,0.031057,
0.074868,0.004380,0.571138,0.048296,
0.135465,0.009539,0.629890,0.053915,
0.190910,0.014669,0.485497,0.048607,
0.205497,0.018561,-0.142967,0.030328,
0.177262,0.017047,0.019710,0.025572,
0.179644,0.020423,0.027085,0.040262,
0.184451,0.024746,0.065378,0.045339,
0.191014,0.029220,0.065241,0.043912,
0.196098,0.032537,0.038180,0.023788,
0.163290,0.027427,0.033860,0.018807,
0.165357,0.029886,0.009331,0.029413,
0.165982,0.033067,0.003572,0.033456,
0.166379,0.036351,0.004275,0.032125,
0.164456,0.039010,-0.038949,0.021689,
0.178393,0.037231,0.390128,0.001198,
0.223907,0.037393,0.505987,0.001913,
0.275491,0.037556,0.519434,0.001332,
0.322239,0.037519,0.419206,-0.001802,
0.342589,0.037429,0.019048,-0.000234,
0.327833,0.035719,0.012587,0.001165,
0.327779,0.035871,-0.011656,0.001864,
0.325551,0.036032,-0.031065,0.001312,
0.322462,0.035999,-0.030454,-0.001697,
0.315909,0.035909,-0.094624,-0.000209,
TIME: 2631 - SYSTEM: Plan 658
0.025942,0.000321,0.387191,0.031057,
0.074867,0.004380,0.571136,0.048296,
0.135465,0.009540,0.629887,0.053915,
0.190910,0.014670,0.485495,0.048607,
0.205496,0.018561,-0.142967,0.030327,
0.177262,0.017045,0.019707,0.025576,
0.179643,0.020421,0.027081,0.040260,
0.184449,0.024746,0.065374,0.045340,
0.191012,0.029222,0.065238,0.043914,
0.196096,0.032537,0.038179,0.023809,
0.163289,0.027427,0.033872,0.018800,
0.165359,0.029898,0.009355,0.029389,
0.165984,0.033068,0.003576,0.033429,
0.166382,0.036347,0.004282,0.032095,
0.164460,0.039024,-0.038928,0.021669,
0.178397,0.037245,0.390107,0.001199,
0.223908,0.037405,0.505959,0.001913,
0.275490,0.037565,0.519409,0.001331,
0.322236,0.037527,0.419198,-0.001803,
0.342589,0.037435,0.019083,-0.000231,
0.327833,0.035725,0.012588,0.001164,
0.327779,0.035880,-0.011655,0.001863,
0.325551,0.036034,-0.031064,0.001312,
0.322462,0.036003,-0.030453,-0.001694,
0.315909,0.035910,-0.094623,-0.000206,
TIME: 2635 - SYSTEM: Plan 659
0.025942,0.000321,0.387191,0.031057,
0.074867,0.004381,0.571135,0.048297,
0.135465,0.009541,0.629887,0.053915,
0.190910,0.014671,0.485495,0.048605,
0.205496,0.018562,-0.142966,0.030326,
0.177262,0.017048,0.019707,0.025575,
0.179644,0.020420,0.027081,0.040258,
0.184450,0.024744,0.065374,0.045339,
0.191012,0.029223,0.065237,0.043913,
0.196096,0.032540,0.038179,0.023808,
0.163289,0.027426,0.033872,0.018789,
0.165358,0.029891,0.009355,0.029389,
0.165984,0.033068,0.003576,0.033439,
0.166382,0.036352,0.004282,0.032101,
0.164460,0.039014,-0.038928,0.021666,
0.178397,0.037237,0.390109,0.001198,
0.223909,0.037398,0.505961,0.001912,
0.275492,0.037559,0.519411,0.001332,
0.322238,0.037519,0.419201,-0.001801,
0.342590,0.037426,0.019085,-0.000232,
0.327834,0.035718,0.012587,0.001165,
0.327779,0.035873,-0.011656,0.001865,
0.325551,0.036032,-0.031065,0.001313,
0.322462,0.036000,-0.030454,-0.001698,
0.315909,0.035911,-0.094624,-0.000211,
TIME: 2639 - SYSTEM: Plan 660
0.025942,0.000321,0.387192,0.031057,
0.074867,0.004380,0.571137,0.048297,
0.135465,0.009540,0.629889,0.053915,
0.190910,0.014670,0.485496,0.048606,
0.205497,0.018562,-0.142966,0.030327,
0.177262,0.017048,0.019708,0.025569,
0.179644,0.020419,0.027083,0.040258,
0.184450,0.024747,0.065375,0.045337,
0.191013,0.029228,0.065238,0.043914,
0.196097,0.032544,0.038179,0.023818,
0.163289,0.027430,0.033865,0.018793,
0.165358,0.029902,0.009343,0.029384,
0.165983,0.033073,0.003574,0.033418,
0.166380,0.036350,0.004274,0.032077,
0.164457,0.039011,-0.038948,0.021660,
0.178394,0.037232,0.390110,0.001199,
0.223906,0.037390,0.505962,0.001915,
0.275488,0.037557,0.519415,0.001333,
0.322236,0.037517,0.419209,-0.001802,
0.342590,0.037422,0.019103,-0.000232,
0.327834,0.035714,0.012587,0.001166,
0.327779,0.035871,-0.011656,0.001865,
0.325551,0.036028,-0.031066,0.001308,
0.322462,0.035996,-0.030455,-0.001699,
0.315909,0.035904,-0.094625,-0.000212,
TIME: 2642 - SYSTEM: Plan 661
0.025942,0.000321,0.387192,0.031057,
0.074867,0.004380,0.571137,0.048296,
0.135465,0.009541,0.629889,0.053916,
0.190910,0.014671,0.485496,0.048607,
0.205497,0.018561,-0.142966,0.030327,
0.177262,0.017046,0.019708,0.025577,
0.179644,0.020421,0.027082,0.040255,
0.184450,0.024745,0.065375,0.045336,
0.191013,0.029224,0.065238,0.043913,
0.196096,0.032540,0.038179,0.023796,
0.163289,0.027430,0.033868,0.018803,
0.165358,0.029895,0.009347,0.029407,
0.165983,0.033077,0.003574,0.033453,
0.166381,0.036358,0.004281,0.032107,
0.164459,0.039010,-0.038931,0.021673,
0.178396,0.037232,0.390112,0.001199,
0.223908,0.037396,0.505964,0.001915,
0.275491,0.037553,0.519413,0.001331,
0.322239,0.037516,0.419200,-0.001801,
0.342590,0.037423,0.019072,-0.000232,
0.327834,0.035714,0.012586,0.001166,
0.327779,0.035867,-0.011657,0.001865,
0.325551,0.036025,-0.031067,0.001313,
0.322462,0.035993,-0.030456,-0.001693,
0.315909,0.035905,-0.094625,-0.000207,
TIME: 2646 - SYSTEM: Plan 662
0.025942,0.000321,0.387191,0.031057,
0.074867,0.004379,0.571136,0.048298,
0.135465,0.009539,0.629888,0.053917,
0.190910,0.014670,0.485496,0.048608,
0.205496,0.018561,-0.142966,0.030328,
0.177262,0.017047,0.019707,0.025573,
0.179644,0.020421,0.027081,0.040261,
0.184450,0.024743,0.065373,0.045340,
0.191012,0.029220,0.065237,0.043914,
0.196096,0.032533,0.038179,0.023815,
0.163289,0.027427,0.033870,0.018794,
0.165358,0.029897,0.009353,0.029391,
0.165984,0.033068,0.003576,0.033434,
0.166382,0.036358,0.004279,0.032091,
0.164460,0.039017,-0.038934,0.021661,
0.178396,0.037240,0.390111,0.001198,
0.223908,0.037401,0.505963,0.001914,
0.275489,0.037558,0.519413,0.001332,
0.322236,0.037521,0.419206,-0.001802,
0.342590,0.037427,0.019095,-0.000231,
0.327834,0.035717,0.012586,0.001165,
0.327779,0.035873,-0.011657,0.001865,
0.325551,0.036032,-0.031066,0.001312,
0.322462,0.035997,-0.030455,-0.001698,
0.315909,0.035907,-0.094625,-0.000210,
TIME: 2650 - SYSTEM: Plan 663
0.025942,0.000322,0.387191,0.031057,
0.074867,0.004381,0.571136,0.048296,
0.135465,0.009541,0.629887,0.053915,
0.190910,0.014671,0.485495,0.048607,
0.205496,0.018561,-0.142966,0.030328,
0.177261,0.017049,0.019706,0.025573,
0.179643,0.020421,0.027080,0.040259,
0.184449,0.024742,0.065372,0.045338,
0.191012,0.029219,0.065236,0.043913,
0.196095,0.032538,0.038179,0.023806,
0.163289,0.027431,0.033876,0.018799,
0.165359,0.029898,0.009363,0.029399,
0.165985,0.033059,0.003577,0.033435,
0.166383,0.036352,0.004286,0.032100,
0.164462,0.039020,-0.038915,0.021671,
0.178399,0.037242,0.390108,0.001198,
0.223910,0.037401,0.505959,0.001914,
0.275491,0.037560,0.519409,0.001331,
0.322238,0.037520,0.419196,-0.001800,
0.342589,0.037422,0.019077,-0.000228,
0.327833,0.035713,0.012589,0.001164,
0.327779,0.035868,-0.011654,0.001864,
0.325551,0.036025,-0.031063,0.001312,
0.322462,0.035993,-0.030452,-0.001695,
0.315909,0.035900,-0.094623,-0.000206,
TIME: 2653 - SYSTEM: Plan 664
0.025942,0.000321,0.387191,0.031057,
0.074867,0.004380,0.571135,0.048296,
0.135465,0.009540,0.629887,0.053916,
0.190910,0.014670,0.485495,0.048606,
0.205496,0.018560,-0.142966,0.030327,
0.177261,0.017045,0.019706,0.025574,
0.179643,0.020415,0.027080,0.040261,
0.184449,0.024741,0.065372,0.045337,
0.191012,0.029220,0.065236,0.043916,
0.196095,0.032535,0.038179,0.023836,
0.163289,0.027421,0.033876,0.018775,
0.165359,0.029887,0.009363,0.029375,
0.165985,0.033040,0.003578,0.033414,
0.166383,0.036325,0.004280,0.032088,
0.164461,0.038981,-0.038931,0.021666,
0.178398,0.037203,0.390105,0.001198,
0.223909,0.037367,0.505956,0.001914,
0.275490,0.037528,0.519406,0.001332,
0.322237,0.037485,0.419196,-0.001801,
0.342588,0.037396,0.019089,-0.000231,
0.327833,0.035691,0.012590,0.001167,
0.327778,0.035842,-0.011652,0.001863,
0.325551,0.036000,-0.031061,0.001312,
0.322462,0.035969,-0.030451,-0.001695,
0.315909,0.035878,-0.094622,-0.000210,
TIME: 2658 - SYSTEM: Plan 665
0.025942,0.000321,0.387192,0.031057,
0.074867,0.004381,0.571136,0.048296,
0.135465,0.009541,0.629888,0.053915,
0.190910,0.014671,0.485496,0.048606,
0.205496,0.018561,-0.142966,0.030326,
0.177262,0.017046,0.019708,0.025575,
0.179644,0.020418,0.027082,0.040262,
0.184450,0.024742,0.065374,0.045341,
0.191013,0.029217,0.065238,0.043916,
0.196096,0.032535,0.038179,0.023842,
0.163289,0.027428,0.033869,0.018781,
0.165358,0.029887,0.009352,0.029376,
0.165984,0.033066,0.003576,0.033412,
0.166381,0.036345,0.004273,0.032071,
0.164458,0.039017,-0.038950,0.021644,
0.178394,0.037239,0.390108,0.001197,
0.223906,0.037399,0.505958,0.001913,
0.275488,0.037557,0.519412,0.001330,
0.322235,0.037519,0.419215,-0.001801,
0.342590,0.037422,0.019128,-0.000229,
0.327834,0.035716,0.012585,0.001166,
0.327779,0.035871,-0.011659,0.001863,
0.325551,0.036029,-0.031069,0.001312,
0.322462,0.035993,-0.030458,-0.001698,
0.315908,0.035901,-0.094626,-0.000210,
TIME: 2663 - SYSTEM: Plan 666
0.025942,0.000321,0.387192,0.031057,
0.074867,0.004380,0.571137,0.048296,
0.135465,0.009539,0.629888,0.053915,
0.190910,0.014669,0.485496,0.048608,
0.205497,0.018559,-0.142965,0.030329,
0.177262,0.017045,0.019708,0.025574,
0.179644,0.020415,0.027082,0.040258,
0.184450,0.024743,0.065375,0.045341,
0.191013,0.029221,0.065238,0.043914,
0.196096,0.032539,0.038179,0.023814,
0.163289,0.027426,0.033867,0.018787,
0.165358,0.029897,0.009346,0.029382,
0.165983,0.033061,0.003575,0.033428,
0.166381,0.036345,0.004277,0.032097,
0.164458,0.039009,-0.038941,0.021669,
0.178395,0.037229,0.390112,0.001198,
0.223907,0.037387,0.505966,0.001912,
0.275489,0.037547,0.519415,0.001334,
0.322237,0.037512,0.419202,-0.001799,
0.342589,0.037418,0.019085,-0.000229,
0.327833,0.035711,0.012588,0.001166,
0.327779,0.035863,-0.011654,0.001864,
0.325551,0.036023,-0.031064,0.001310,
0.322462,0.035989,-0.030453,-0.001698,
0.315909,0.035896,-0.094623,-0.000210,
TIME: 2667 - SYSTEM: Plan 667
0.025942,0.000321,0.387192,0.031057,
0.074867,0.004380,0.571136,0.048297,
0.135465,0.009539,0.629888,0.053916,
0.190910,0.014670,0.485496,0.048608,
0.205496,0.018561,-0.142966,0.030328,
0.177262,0.017044,0.019707,0.025574,
0.179644,0.020421,0.027081,0.040259,
0.184450,0.024742,0.065374,0.045339,
0.191012,0.029223,0.065238,0.043911,
0.196096,0.032538,0.038179,0.023767,
0.163289,0.027425,0.033873,0.018824,
0.165359,0.029893,0.009355,0.029428,
0.165984,0.033061,0.003574,0.033472,
0.166382,0.036359,0.004290,0.032145,
0.164462,0.039019,-0.038905,0.021701,
0.178399,0.037239,0.390115,0.001196,
0.223911,0.037403,0.505971,0.001913,
0.275494,0.037563,0.519416,0.001332,
0.322241,0.037525,0.419183,-0.001802,
0.342589,0.037429,0.019020,-0.000232,
0.327833,0.035722,0.012590,0.001166,
0.327779,0.035875,-0.011652,0.001863,
0.325551,0.036033,-0.031061,0.001311,
0.322462,0.036001,-0.030451,-0.001699,
0.315909,0.035912,-0.094622,-0.000210,
TIME: 2671 - SYSTEM: Plan 668
0.025942,0.000321,0.387193,0.031058,
0.074868,0.004380,0.571139,0.048297,
0.135465,0.009539,0.629890,0.053916,
0.190910,0.014670,0.485497,0.048607,
0.205497,0.018560,-0.142967,0.030328,
0.177262,0.017046,0.019710,0.025571,
0.179644,0.020417,0.027085,0.040259,
0.184451,0.024746,0.065377,0.045337,
0.191014,0.029224,0.065240,0.043915,
0.196098,0.032542,0.038180,0.023839,
0.163289,0.027429,0.033859,0.018778,
0.165357,0.029888,0.009332,0.029366,
0.165982,0.033056,0.003573,0.033406,
0.166379,0.036349,0.004265,0.032070,
0.164454,0.039010,-0.038973,0.021648,
0.178391,0.037232,0.390115,0.001199,
0.223903,0.037391,0.505967,0.001914,
0.275486,0.037554,0.519421,0.001332,
0.322235,0.037515,0.419220,-0.001800,
0.342590,0.037419,0.019126,-0.000229,
0.327834,0.035711,0.012585,0.001165,
0.327780,0.035862,-0.011658,0.001864,
0.325551,0.036018,-0.031067,0.001312,
0.322462,0.035988,-0.030457,-0.001695,
0.315909,0.035898,-0.094626,-0.000208,
TIME: 2675 - SYSTEM: Plan 669
0.025942,0.000321,0.387191,0.031058,
0.074867,0.004381,0.571136,0.048297,
0.135465,0.009541,0.629888,0.053915,
0.190910,0.014670,0.485496,0.048607,
0.205497,0.018561,-0.142966,0.030328,
0.177262,0.017047,0.019708,0.025574,
0.179644,0.020421,0.027082,0.040263,
0.184450,0.024743,0.065375,0.045338,
0.191013,0.029219,0.065238,0.043914,
0.196097,0.032537,0.038179,0.023816,
0.163289,0.027427,0.033867,0.018789,
0.165358,0.029904,0.009345,0.029386,
0.165983,0.033072,0.003575,0.033428,
0.166381,0.036368,0.004276,0.032093,
0.164458,0.039021,-0.038944,0.021657,
0.178395,0.037243,0.390108,0.001199,
0.223906,0.037402,0.505959,0.001914,
0.275488,0.037562,0.519410,0.001333,
0.322236,0.037528,0.419205,-0.001800,
0.342590,0.037435,0.019103,-0.000232,
0.327834,0.035724,0.012585,0.001166,
0.327780,0.035878,-0.011658,0.001864,
0.325551,0.036038,-0.031068,0.001315,
0.322462,0.036003,-0.030457,-0.001694,
0.315909,0.035913,-0.094626,-0.000207,
TIME: 2678 - SYSTEM: Plan 670
0.025942,0.000321,0.387192,0.031057,
0.074867,0.004380,0.571138,0.048296,
0.135465,0.009539,0.629889,0.053914,
0.190910,0.014670,0.485497,0.048608,
0.205497,0.018560,-0.142966,0.030328,
0.177262,0.017047,0.019708,0.025572,
0.179644,0.020415,0.027083,0.040261,
0.184450,0.024740,0.065376,0.045341,
0.191013,0.029220,0.065239,0.043915,
0.196097,0.032536,0.038179,0.023823,
0.163289,0.027422,0.033864,0.018793,
0.165358,0.029878,0.009341,0.029390,
0.165983,0.033059,0.003575,0.033440,
0.166380,0.036358,0.004273,0.032094,
0.164457,0.039021,-0.038953,0.021663,
0.178393,0.037241,0.390117,0.001197,
0.223906,0.037399,0.505971,0.001912,
0.275488,0.037561,0.519421,0.001332,
0.322236,0.037526,0.419212,-0.001800,
0.342590,0.037432,0.019093,-0.000231,
0.327834,0.035723,0.012585,0.001166,
0.327779,0.035878,-0.011659,0.001864,
0.325551,0.036037,-0.031068,0.001311,
0.322462,0.036005,-0.030457,-0.001698,
0.315909,0.035913,-0.094625,-0.000212,
TIME: 2683 - SYSTEM: Plan 671
0.025942,0.000321,0.387192,0.031057,
0.074868,0.004380,0.571137,0.048296,
0.135465,0.009541,0.629889,0.053916,
0.190910,0.014672,0.485496,0.048606,
0.205497,0.018562,-0.142966,0.030327,
0.177262,0.017049,0.019709,0.025573,
0.179644,0.020421,0.027083,0.040259,
0.184450,0.024745,0.065376,0.045336,
0.191013,0.029225,0.065239,0.043911,
0.196097,0.032540,0.038180,0.023776,
0.163289,0.027426,0.033864,0.018817,
0.165358,0.029891,0.009339,0.029433,
0.165983,0.033085,0.003572,0.033481,
0.166380,0.036391,0.004281,0.032140,
0.164458,0.039048,-0.038930,0.021688,
0.178396,0.037270,0.390124,0.001198,
0.223910,0.037426,0.505981,0.001915,
0.275494,0.037585,0.519428,0.001334,
0.322242,0.037549,0.419202,-0.001798,
0.342590,0.037454,0.019042,-0.000227,
0.327834,0.035745,0.012585,0.001166,
0.327779,0.035896,-0.011658,0.001867,
0.325551,0.036056,-0.031068,0.001312,
0.322462,0.036025,-0.030457,-0.001697,
0.315909,0.035933,-0.094626,-0.000208,
TIME: 2687 - SYSTEM: Plan 672
0.025942,0.000321,0.387193,0.031057,
0.074867,0.004380,0.571138,0.048297,
0.135465,0.009539,0.629889,0.053915,
0.190910,0.014670,0.485496,0.048609,
0.205497,0.018560,-0.142967,0.030329,
0.177262,0.017047,0.019709,0.025572,
0.179644,0.020421,0.027083,0.040260,
0.184450,0.024747,0.065376,0.045339,
0.191013,0.029221,0.065239,0.043913,
0.196097,0.032536,0.038180,0.023807,
0.163289,0.027426,0.033862,0.018794,
0.165358,0.029891,0.009335,0.029395,
0.165982,0.033056,0.003573,0.033447,
0.166379,0.036336,0.004273,0.032111,
0.164456,0.038996,-0.038952,0.021687,
0.178394,0.037218,0.390119,0.001198,
0.223907,0.037378,0.505976,0.001915,
0.275490,0.037541,0.519422,0.001332,
0.322238,0.037503,0.419199,-0.001801,
0.342589,0.037415,0.019054,-0.000232,
0.327833,0.035708,0.012588,0.001166,
0.327778,0.035861,-0.011654,0.001863,
0.325551,0.036019,-0.031064,0.001312,
0.322462,0.035985,-0.030453,-0.001696,
0.315909,0.035894,-0.094623,-0.000207,
TIME: 2692 - SYSTEM: Plan 673
0.025942,0.000321,0.387192,0.031057,
0.074867,0.004380,0.571137,0.048297,
0.135465,0.009540,0.629888,0.053917,
0.190910,0.014670,0.485496,0.048608,
0.205496,0.018561,-0.142966,0.030328,
0.177262,0.017048,0.019707,0.025575,
0.179644,0.020418,0.027081,0.040261,
0.184450,0.024740,0.065374,0.045339,
0.191013,0.029221,0.065238,0.043913,
0.196096,0.032541,0.038179,0.023822,
0.163289,0.027434,0.033870,0.018783,
0.165358,0.029902,0.009353,0.029386,
0.165984,0.033073,0.003576,0.033426,
0.166381,0.036378,0.004278,0.032083,
0.164459,0.039034,-0.038937,0.021644,
0.178395,0.037255,0.390106,0.001196,
0.223907,0.037415,0.505954,0.001914,
0.275488,0.037574,0.519407,0.001331,
0.322236,0.037539,0.419211,-0.001801,
0.342591,0.037443,0.019124,-0.000231,
0.327835,0.035735,0.012583,0.001167,
0.327780,0.035892,-0.011661,0.001862,
0.325551,0.036052,-0.031071,0.001308,
0.322462,0.036019,-0.030460,-0.001702,
0.315908,0.035929,-0.094627,-0.000217,
TIME: 2696 - SYSTEM: Plan 674
0.025942,0.000322,0.387192,0.031056,
0.074867,0.004381,0.571136,0.048297,
0.135465,0.009541,0.629888,0.053916,
0.190910,0.014671,0.485496,0.048607,
0.205497,0.018562,-0.142965,0.030327,
0.177262,0.017049,0.019708,0.025574,
0.179644,0.020417,0.027082,0.040262,
0.184450,0.024739,0.065375,0.045339,
0.191013,0.029219,0.065238,0.043918,
0.196096,0.032540,0.038179,0.023871,
0.163289,0.027427,0.033866,0.018757,
0.165358,0.029893,0.009347,0.029334,
0.165983,0.033060,0.003577,0.033374,
0.166380,0.036332,0.004265,0.032032,
0.164456,0.038987,-0.038971,0.021625,
0.178392,0.037212,0.390103,0.001196,
0.223903,0.037368,0.505950,0.001911,
0.275484,0.037531,0.519407,0.001330,
0.322232,0.037493,0.419224,-0.001800,
0.342590,0.037398,0.019170,-0.000231,
0.327834,0.035690,0.012585,0.001167,
0.327779,0.035850,-0.011659,0.001865,
0.325551,0.036001,-0.031069,0.001312,
0.322462,0.035969,-0.030457,-0.001696,
0.315909,0.035878,-0.094625,-0.000211,
TIME: 2699 - SYSTEM: Plan 675
0.025942,0.000321,0.387191,0.031058,
0.074867,0.004379,0.571136,0.048297,
0.135465,0.009538,0.629888,0.053917,
0.190910,0.014668,0.485496,0.048609,
0.205496,0.018558,-0.142965,0.030330,
0.177262,0.017045,0.019708,0.025573,
0.179644,0.020419,0.027082,0.040262,
0.184450,0.024747,0.065375,0.045336,
0.191013,0.029220,0.065238,0.043910,
0.196096,0.032536,0.038179,0.023757,
0.163289,0.027432,0.033870,0.018831,
0.165358,0.029891,0.009349,0.029446,
0.165984,0.033083,0.003573,0.033501,
0.166382,0.036376,0.004289,0.032155,
0.164461,0.039041,-0.038908,0.021704,
0.178398,0.037260,0.390122,0.001197,
0.223912,0.037421,0.505979,0.001914,
0.275496,0.037581,0.519423,0.001333,
0.322242,0.037541,0.419188,-0.001800,
0.342590,0.037447,0.019011,-0.000229,
0.327834,0.035736,0.012586,0.001167,
0.327779,0.035888,-0.011656,0.001866,
0.325551,0.036050,-0.031066,0.001312,
0.322462,0.036015,-0.030455,-0.001699,
0.315909,0.035927,-0.094624,-0.000207,
TIME: 2703 - SYSTEM: Plan 676
0.025942,0.000321,0.387192,0.031057,
0.074867,0.004380,0.571136,0.048297,
0.135465,0.009540,0.629888,0.053916,
0.190910,0.014671,0.485495,0.048607,
0.205496,0.018561,-0.142967,0.030327,
0.177261,0.017046,0.019707,0.025573,
0.179643,0.020417,0.027080,0.040261,
0.184449,0.024740,0.065373,0.045340,
0.191012,0.029223,0.065237,0.043913,
0.196096,0.032538,0.038179,0.023817,
0.163289,0.027428,0.033874,0.018790,
0.165359,0.029899,0.009359,0.029386,
0.165985,0.033068,0.003577,0.033426,
0.166382,0.036357,0.004282,0.032087,
0.164461,0.039009,-0.038927,0.021662,
0.178397,0.037228,0.390104,0.001196,
0.223908,0.037388,0.505953,0.001914,
0.275490,0.037548,0.519405,0.001334,
0.322236,0.037512,0.419199,-0.001798,
0.342589,0.037416,0.019095,-0.000228,
0.327834,0.035708,0.012587,0.001168,
0.327779,0.035863,-0.011656,0.001865,
0.325551,0.036021,-0.031065,0.001311,
0.322462,0.035985,-0.030454,-0.001698,
0.315909,0.035893,-0.094624,-0.000210,
TIME: 2706 - SYSTEM: Plan 677
0.025942,0.000321,0.387193,0.031057,
0.074868,0.004382,0.571139,0.048297,
0.135465,0.009541,0.629890,0.053914,
0.190910,0.014671,0.485498,0.048606,
0.205497,0.018562,-0.142966,0.030327,
0.177262,0.017047,0.019709,0.025575,
0.179644,0.020421,0.027084,0.040260,
0.184451,0.024745,0.065377,0.045340,
0.191014,0.029222,0.065240,0.043915,
0.196098,0.032538,0.038180,0.023838,
0.163289,0.027425,0.033859,0.018773,
0.165357,0.029894,0.009331,0.029371,
0.165982,0.033061,0.003573,0.033410,
0.166378,0.036331,0.004265,0.032075,
0.164454,0.038999,-0.038974,0.021655,
0.178391,0.037220,0.390118,0.001198,
0.223904,0.037380,0.505971,0.001914,
0.275486,0.037542,0.519424,0.001330,
0.322235,0.037503,0.419219,-0.001802,
0.342590,0.037408,0.019114,-0.000230,
0.327834,0.035699,0.012586,0.001167,
0.327779,0.035853,-0.011658,0.001867,
0.325551,0.036011,-0.031067,0.001314,
0.322462,0.035978,-0.030456,-0.001692,
0.315909,0.035883,-0.094625,-0.000207,
TIME: 2710 - SYSTEM: Plan 678
0.025942,0.000321,0.387191,0.031057,
0.074867,0.004380,0.571136,0.048297,
0.135465,0.009539,0.629888,0.053915,
0.190910,0.014669,0.485496,0.048607,
0.205496,0.018560,-0.142966,0.030328,
0.177262,0.017045,0.019707,0.025571,
0.179644,0.020420,0.027081,0.040266,
0.184450,0.024746,0.065374,0.045340,
0.191013,0.029230,0.065238,0.043911,
0.196096,0.032542,0.038179,0.023768,
0.163289,0.027438,0.033871,0.018818,
0.165358,0.029899,0.009351,0.029425,
0.165984,0.033076,0.003574,0.033477,
0.166382,0.036357,0.004289,0.032146,
0.164462,0.039020,-0.038911,0.021707,
0.178398,0.037239,0.390117,0.001198,
0.223912,0.037402,0.505975,0.001912,
0.275494,0.037560,0.519418,0.001331,
0.322240,0.037523,0.419181,-0.001802,
0.342588,0.037430,0.019012,-0.000231,
0.327832,0.035721,0.012590,0.001166,
0.327778,0.035878,-0.011652,0.001867,
0.325551,0.036034,-0.031061,0.001313,
0.322462,0.036000,-0.030451,-0.001698,
0.315909,0.035910,-0.094622,-0.000210,
TIME: 2714 - SYSTEM: Plan 679
0.025942,0.000321,0.387192,0.031057,
0.074867,0.004380,0.571137,0.048296,
0.135465,0.009540,0.629888,0.053916,
0.190910,0.014670,0.485496,0.048607,
0.205496,0.018561,-0.142967,0.030327,
0.177262,0.017050,0.019708,0.025572,
0.179644,0.020418,0.027082,0.040259,
0.184450,0.024739,0.065374,0.045340,
0.191013,0.029221,0.065238,0.043914,
0.196096,0.032534,0.038179,0.023815,
0.163289,0.027424,0.033868,0.018788,
0.165358,0.029883,0.009347,0.029399,
0.165983,0.033048,0.003575,0.033440,
0.166381,0.036353,0.004277,0.032104,
0.164458,0.039007,-0.038941,0.021673,
0.178396,0.037228,0.390114,0.001197,
0.223907,0.037392,0.505966,0.001915,
0.275490,0.037549,0.519417,0.001331,
0.322238,0.037511,0.419202,-0.001803,
0.342590,0.037416,0.019076,-0.000231,
0.327834,0.035707,0.012587,0.001166,
0.327779,0.035865,-0.011656,0.001867,
0.325551,0.036019,-0.031066,0.001311,
0.322462,0.035988,-0.030455,-0.001696,
0.315909,0.035895,-0.094624,-0.000209,
TIME: 2717 - SYSTEM: Plan 680
0.025942,0.000321,0.387191,0.031057,
0.074867,0.004380,0.571136,0.048298,
0.135465,0.009539,0.629887,0.053917,
0.190910,0.014669,0.485495,0.048608,
0.205496,0.018558,-0.142966,0.030328,
0.177262,0.017044,0.019707,0.025572,
0.179644,0.020419,0.027081,0.040262,
0.184450,0.024742,0.065374,0.045340,
0.191012,0.029218,0.065238,0.043913,
0.196096,0.032538,0.038179,0.023807,
0.163289,0.027424,0.033872,0.018793,
0.165358,0.029895,0.009354,0.029403,
0.165984,0.033051,0.003576,0.033446,
0.166382,0.036344,0.004282,0.032113,
0.164460,0.039005,-0.038928,0.021682,
0.178396,0.037228,0.390110,0.001198,
0.223909,0.037386,0.505963,0.001914,
0.275491,0.037546,0.519410,0.001331,
0.322238,0.037509,0.419191,-0.001801,
0.342589,0.037414,0.019058,-0.000230,
0.327833,0.035705,0.012588,0.001164,
0.327779,0.035859,-0.011654,0.001865,
0.325551,0.036020,-0.031064,0.001313,
0.322462,0.035985,-0.030453,-0.001697,
0.315909,0.035894,-0.094623,-0.000209,
TIME: 2721 - SYSTEM: Plan 681
0.025942,0.000321,0.387192,0.031058,
0.074867,0.004380,0.571136,0.048296,
0.135465,0.009540,0.629888,0.053915,
0.190910,0.014670,0.485496,0.048607,
0.205496,0.018561,-0.142966,0.030327,
0.177262,0.017046,0.019708,0.025573,
0.179644,0.020418,0.027082,0.040260,
0.184450,0.024743,0.065374,0.045342,
0.191013,0.029222,0.065238,0.043914,
0.196096,0.032535,0.038179,0.023814,
0.163289,0.027425,0.033870,0.018797,
0.165358,0.029885,0.009352,0.029393,
0.165984,0.033067,0.003576,0.033441,
0.166381,0.036358,0.004279,0.032095,
0.164459,0.039009,-0.038935,0.021661,
0.178396,0.037230,0.390110,0.001198,
0.223908,0.037390,0.505962,0.001913,
0.275490,0.037552,0.519412,0.001332,
0.322236,0.037515,0.419206,-0.001802,
0.342590,0.037420,0.019094,-0.000232,
0.327834,0.035713,0.012585,0.001166,
0.327779,0.035868,-0.011658,0.001862,
0.325551,0.036027,-0.031067,0.001309,
0.322462,0.035991,-0.030456,-0.001698,
0.315909,0.035900,-0.094625,-0.000211,
TIME: 2725 - SYSTEM: Plan 682
0.025942,0.000322,0.387191,0.031057,
0.074867,0.004380,0.571136,0.048297,
0.135465,0.009540,0.629887,0.053915,
0.190910,0.014670,0.485496,0.048607,
0.205496,0.018560,-0.142966,0.030328,
0.177262,0.017046,0.019707,0.025569,
0.179644,0.020418,0.027080,0.040261,
0.184449,0.024742,0.065373,0.045340,
0.191012,0.029220,0.065237,0.043916,
0.196096,0.032535,0.038179,0.023836,
0.163289,0.027425,0.033871,0.018778,
0.165358,0.029892,0.009354,0.029368,
0.165984,0.033063,0.003576,0.033415,
0.166382,0.036362,0.004275,0.032072,
0.164459,0.039008,-0.038944,0.021638,
0.178395,0.037230,0.390107,0.001198,
0.223906,0.037391,0.505956,0.001913,
0.275488,0.037555,0.519409,0.001333,
0.322235,0.037517,0.419216,-0.001803,
0.342591,0.037419,0.019136,-0.000233,
0.327835,0.035713,0.012584,0.001165,
0.327780,0.035868,-0.011660,0.001862,
0.325551,0.036022,-0.031070,0.001308,
0.322462,0.035990,-0.030459,-0.001699,
0.315908,0.035897,-0.094626,-0.000211,
TIME: 2729 - SYSTEM: Plan 683
0.025942,0.000321,0.387191,0.031057,
0.074867,0.004379,0.571136,0.048297,
0.135465,0.009539,0.629888,0.053916,
0.190910,0.014670,0.485496,0.048608,
0.205496,0.018561,-0.142965,0.030328,
0.177262,0.017044,0.019708,0.025573,
0.179644,0.020421,0.027082,0.040259,
0.184450,0.024742,0.065374,0.045339,
0.191013,0.029224,0.065238,0.043915,
0.196096,0.032540,0.038179,0.023829,
0.163289,0.027433,0.033870,0.018780,
0.165358,0.029886,0.009352,0.029371,
0.165984,0.033064,0.003576,0.033416,
0.166381,0.036339,0.004276,0.032082,
0.164459,0.039021,-0.038942,0.021659,
0.178396,0.037243,0.390112,0.001198,
0.223907,0.037403,0.505965,0.001913,
0.275488,0.037563,0.519415,0.001332,
0.322236,0.037525,0.419208,-0.001801,
0.342589,0.037427,0.019104,-0.000230,
0.327833,0.035720,0.012588,0.001164,
0.327779,0.035877,-0.011654,0.001861,
0.325551,0.036033,-0.031063,0.001309,
0.322462,0.036000,-0.030452,-0.001701,
0.315909,0.035910,-0.094623,-0.000213,
TIME: 2733 - SYSTEM: Plan 684
0.025942,0.000321,0.387192,0.031057,
0.074867,0.004379,0.571137,0.048297,
0.135465,0.009540,0.629888,0.053916,
0.190910,0.014669,0.485496,0.048608,
0.205496,0.018560,-0.142966,0.030328,
0.177262,0.017046,0.019707,0.025572,
0.179644,0.020416,0.027081,0.040261,
0.184449,0.024741,0.065374,0.045341,
0.191012,0.029220,0.065238,0.043914,
0.196096,0.032535,0.038179,0.023817,
0.163289,0.027425,0.033871,0.018794,
0.165359,0.029884,0.009355,0.029400,
0.165984,0.033064,0.003576,0.033434,
0.166382,0.036348,0.004280,0.032100,
0.164460,0.039019,-0.038932,0.021670,
0.178397,0.037240,0.390109,0.001198,
0.223909,0.037399,0.505960,0.001915,
0.275491,0.037563,0.519411,0.001332,
0.322238,0.037528,0.419199,-0.001801,
0.342589,0.037434,0.019079,-0.000233,
0.327834,0.035725,0.012587,0.001165,
0.327779,0.035879,-0.011656,0.001864,
0.325551,0.036039,-0.031065,0.001313,
0.322462,0.036006,-0.030454,-0.001696,
0.315909,0.035916,-0.094624,-0.000210,
TIME: 2737 - SYSTEM: Plan 685
0.025942,0.000321,0.387191,0.031057,
0.074867,0.004380,0.571136,0.048297,
0.135465,0.009539,0.629888,0.053916,
0.190910,0.014670,0.485496,0.048607,
0.205496,0.018561,-0.142966,0.030328,
0.177262,0.017047,0.019707,0.025578,
0.179644,0.020418,0.027081,0.040259,
0.184449,0.024740,0.065373,0.045339,
0.191012,0.029217,0.065238,0.043912,
0.196096,0.032529,0.038179,0.023785,
0.163289,0.027420,0.033874,0.018811,
0.165359,0.029887,0.009358,0.029420,
0.165984,0.033051,0.003575,0.033470,
0.166383,0.036347,0.004288,0.032138,
0.164462,0.039009,-0.038911,0.021698,
0.178399,0.037231,0.390117,0.001198,
0.223912,0.037392,0.505973,0.001913,
0.275494,0.037553,0.519417,0.001330,
0.322240,0.037511,0.419187,-0.001803,
0.342588,0.037419,0.019026,-0.000230,
0.327833,0.035712,0.012590,0.001167,
0.327778,0.035867,-0.011652,0.001863,
0.325551,0.036021,-0.031061,0.001310,
0.322462,0.035988,-0.030450,-0.001698,
0.315909,0.035898,-0.094622,-0.000210,
TIME: 2740 - SYSTEM: Plan 686
0.025942,0.000321,0.387192,0.031057,
0.074867,0.004380,0.571137,0.048296,
0.135465,0.009541,0.629888,0.053915,
0.190910,0.014671,0.485496,0.048607,
0.205497,0.018561,-0.142967,0.030327,
0.177262,0.017046,0.019708,0.025575,
0.179644,0.020418,0.027082,0.040261,
0.184450,0.024743,0.065375,0.045341,
0.191013,0.029217,0.065238,0.043916,
0.196097,0.032536,0.038179,0.023854,
0.163289,0.027426,0.033866,0.018773,
0.165358,0.029882,0.009346,0.029358,
0.165983,0.033058,0.003577,0.033390,
0.166380,0.036340,0.004269,0.032056,
0.164456,0.038996,-0.038964,0.021640,
0.178393,0.037218,0.390106,0.001197,
0.223904,0.037379,0.505955,0.001914,
0.275486,0.037540,0.519411,0.001330,
0.322234,0.037500,0.419217,-0.001800,
0.342590,0.037408,0.019141,-0.000231,
0.327834,0.035701,0.012586,0.001167,
0.327779,0.035854,-0.011657,0.001865,
0.325551,0.036011,-0.031066,0.001312,
0.322462,0.035977,-0.030456,-0.001696,
0.315909,0.035887,-0.094625,-0.000210,
TIME: 2744 - SYSTEM: Plan 687
0.025942,0.000321,0.387191,0.031057,
0.074867,0.004381,0.571136,0.048297,
0.135465,0.009541,0.629888,0.053915,
0.190910,0.014671,0.485496,0.048607,
0.205497,0.018562,-0.142965,0.030327,
0.177262,0.017048,0.019708,0.025573,
0.179644,0.020420,0.027083,0.040261,
0.184450,0.024743,0.065375,0.045338,
0.191013,0.029223,0.065238,0.043913,
0.196097,0.032537,0.038180,0.023803,
0.163289,0.027433,0.033865,0.018799,
0.165358,0.029898,0.009341,0.029404,
0.165983,0.033072,0.003573,0.033445,
0.166380,0.036365,0.004276,0.032101,
0.164458,0.039025,-0.038942,0.021668,
0.178394,0.037246,0.390118,0.001197,
0.223907,0.037406,0.505972,0.001914,
0.275490,0.037568,0.519422,0.001332,
0.322238,0.037528,0.419210,-0.001802,
0.342590,0.037435,0.019083,-0.000232,
0.327834,0.035726,0.012585,0.001165,
0.327779,0.035882,-0.011658,0.001862,
0.325552,0.036038,-0.031068,0.001310,
0.322462,0.036003,-0.030457,-0.001698,
0.315909,0.035915,-0.094625,-0.000209,
TIME: 2747 - SYSTEM: Plan 688
0.025942,0.000320,0.387194,0.031058,
0.074868,0.004379,0.571139,0.048297,
0.135465,0.009539,0.629891,0.053916,
0.190910,0.014671,0.485498,0.048608,
0.205497,0.018562,-0.142966,0.030328,
0.177262,0.017047,0.019709,0.025573,
0.179644,0.020421,0.027084,0.040263,
0.184450,0.024746,0.065376,0.045339,
0.191014,0.029223,0.065239,0.043914,
0.196097,0.032541,0.038179,0.023816,
0.163289,0.027428,0.033863,0.018786,
0.165358,0.029890,0.009339,0.029382,
0.165982,0.033069,0.003573,0.033432,
0.166380,0.036365,0.004273,0.032097,
0.164456,0.039028,-0.038952,0.021666,
0.178393,0.037247,0.390116,0.001197,
0.223906,0.037406,0.505969,0.001912,
0.275489,0.037570,0.519419,0.001331,
0.322236,0.037534,0.419208,-0.001802,
0.342590,0.037439,0.019090,-0.000232,
0.327834,0.035731,0.012586,0.001166,
0.327779,0.035890,-0.011657,0.001865,
0.325551,0.036046,-0.031067,0.001310,
0.322462,0.036012,-0.030455,-0.001700,
0.315909,0.035927,-0.094624,-0.000213,
TIME: 2751 - SYSTEM: Plan 689
0.025942,0.000322,0.387192,0.031057,
0.074867,0.004380,0.571138,0.048298,
0.135465,0.009540,0.629889,0.053917,
0.190910,0.014671,0.485496,0.048608,
0.205497,0.018562,-0.142966,0.030327,
0.177262,0.017047,0.019709,0.025572,
0.179644,0.020420,0.027083,0.040260,
0.184450,0.024745,0.065376,0.045337,
0.191013,0.029227,0.065239,0.043912,
0.196097,0.032548,0.038180,0.023800,
0.163289,0.027428,0.033864,0.018798,
0.165358,0.029891,0.009339,0.029394,
0.165983,0.033068,0.003573,0.033446,
0.166380,0.036361,0.004277,0.032114,
0.164457,0.039026,-0.038943,0.021682,
0.178394,0.037244,0.390118,0.001197,
0.223908,0.037403,0.505975,0.001914,
0.275491,0.037568,0.519422,0.001332,
0.322238,0.037529,0.419201,-0.001800,
0.342589,0.037430,0.019061,-0.000227,
0.327833,0.035721,0.012588,0.001165,
0.327779,0.035874,-0.011655,0.001863,
0.325551,0.036034,-0.031064,0.001311,
0.322462,0.036003,-0.030453,-0.001696,
0.315909,0.035913,-0.094623,-0.000209,
TIME: 2755 - SYSTEM: Plan 690
0.025942,0.000321,0.387191,0.031057,
0.074867,0.004380,0.571136,0.048296,
0.135465,0.009539,0.629887,0.053915,
0.190910,0.014668,0.485495,0.048608,
0.205496,0.018559,-0.142966,0.030329,
0.177262,0.017043,0.019708,0.025574,
0.179644,0.020420,0.027082,0.040260,
0.184450,0.024738,0.065375,0.045338,
0.191013,0.029220,0.065238,0.043915,
0.196096,0.032539,0.038179,0.023835,
0.163289,0.027435,0.033867,0.018785,
0.165358,0.029891,0.009348,0.029377,
0.165983,0.033074,0.003575,0.033421,
0.166381,0.036360,0.004273,0.032073,
0.164457,0.039022,-0.038951,0.021643,
0.178394,0.037243,0.390112,0.001199,
0.223906,0.037401,0.505962,0.001914,
0.275487,0.037563,0.519415,0.001333,
0.322235,0.037525,0.419220,-0.001798,
0.342591,0.037430,0.019129,-0.000228,
0.327835,0.035720,0.012585,0.001166,
0.327780,0.035874,-0.011658,0.001864,
0.325552,0.036034,-0.031068,0.001312,
0.322462,0.035999,-0.030457,-0.001698,
0.315908,0.035910,-0.094627,-0.000209,
TIME: 2759 - SYSTEM: Plan 691
0.025942,0.000321,0.387192,0.031057,
0.074867,0.004380,0.571137,0.048296,
0.135465,0.009541,0.629888,0.053915,
0.190910,0.014671,0.485496,0.048607,
0.205496,0.018561,-0.142965,0.030327,
0.177262,0.017050,0.019708,0.025574,
0.179644,0.020417,0.027082,0.040262,
0.184450,0.024739,0.065375,0.045342,
0.191013,0.029220,0.065238,0.043915,
0.196096,0.032532,0.038179,0.023831,
0.163289,0.027418,0.033868,0.018794,
0.165358,0.029877,0.009349,0.029390,
0.165983,0.033048,0.003576,0.033429,
0.166381,0.036354,0.004274,0.032091,
0.164458,0.039001,-0.038948,0.021659,
0.178395,0.037224,0.390110,0.001198,
0.223907,0.037385,0.505961,0.001913,
0.275489,0.037546,0.519412,0.001330,
0.322236,0.037508,0.419207,-0.001802,
0.342590,0.037415,0.019099,-0.000232,
0.327834,0.035708,0.012584,0.001165,
0.327780,0.035862,-0.011659,0.001862,
0.325551,0.036020,-0.031069,0.001312,
0.322462,0.035984,-0.030457,-0.001697,
0.315909,0.035897,-0.094625,-0.000210,
TIME: 2763 - SYSTEM: Plan 692
0.025942,0.000321,0.387191,0.031057,
0.074867,0.004379,0.571136,0.048296,
0.135465,0.009539,0.629887,0.053916,
0.190910,0.014669,0.485495,0.048608,
0.205496,0.018560,-0.142966,0.030328,
0.177262,0.017045,0.019707,0.025576,
0.179644,0.020416,0.027081,0.040263,
0.184450,0.024744,0.065374,0.045340,
0.191012,0.029221,0.065238,0.043916,
0.196096,0.032538,0.038179,0.023857,
0.163289,0.027425,0.033871,0.018764,
0.165358,0.029900,0.009355,0.029343,
0.165984,0.033070,0.003577,0.033377,
0.166382,0.036346,0.004272,0.032040,
0.164458,0.039003,-0.038953,0.021626,
0.178394,0.037225,0.390100,0.001197,
0.223905,0.037386,0.505946,0.001913,
0.275485,0.037547,0.519403,0.001328,
0.322233,0.037511,0.419217,-0.001803,
0.342590,0.037419,0.019164,-0.000234,
0.327834,0.035710,0.012586,0.001169,
0.327779,0.035867,-0.011658,0.001862,
0.325551,0.036022,-0.031067,0.001309,
0.322462,0.035987,-0.030456,-0.001698,
0.315909,0.035898,-0.094625,-0.000211,
TIME: 2767 - SYSTEM: Plan 693
0.025942,0.000321,0.387192,0.031057,
0.074867,0.004381,0.571137,0.048296,
0.135465,0.009541,0.629889,0.053916,
0.190910,0.014671,0.485497,0.048608,
0.205497,0.018562,-0.142965,0.030328,
0.177262,0.017047,0.019709,0.025573,
0.179644,0.020421,0.027084,0.040263,
0.184451,0.024746,0.065377,0.045339,
0.191014,0.029223,0.065239,0.043914,
0.196097,0.032541,0.038180,0.023816,
0.163289,0.027430,0.033860,0.018784,
0.165357,0.029895,0.009333,0.029378,
0.165982,0.033078,0.003573,0.033424,
0.166379,0.036373,0.004270,0.032081,
0.164455,0.039027,-0.038960,0.021651,
0.178393,0.037249,0.390116,0.001197,
0.223905,0.037408,0.505968,0.001910,
0.275487,0.037568,0.519420,0.001331,
0.322236,0.037532,0.419218,-0.001801,
0.342591,0.037435,0.019117,-0.000231,
0.327835,0.035728,0.012583,0.001167,
0.327780,0.035886,-0.011661,0.001865,
0.325551,0.036039,-0.031071,0.001312,
0.322462,0.036004,-0.030459,-0.001697,
0.315908,0.035914,-0.094626,-0.000209,
TIME: 2771 - SYSTEM: Plan 694
0.025942,0.000321,0.387192,0.031058,
0.074867,0.004380,0.571137,0.048297,
0.135465,0.009540,0.629888,0.053916,
0.190910,0.014670,0.485496,0.048607,
0.205496,0.018560,-0.142966,0.030328,
0.177262,0.017046,0.019708,0.025574,
0.179644,0.020416,0.027082,0.040262,
0.184450,0.024741,0.065374,0.045341,
0.191013,0.029220,0.065238,0.043913,
0.196096,0.032535,0.038179,0.023818,
0.163289,0.027422,0.033868,0.018787,
0.165358,0.029890,0.009349,0.029386,
0.165983,0.033054,0.003575,0.033432,
0.166381,0.036335,0.004277,0.032095,
0.164458,0.039002,-0.038941,0.021670,
0.178396,0.037224,0.390113,0.001197,
0.223907,0.037384,0.505966,0.001914,
0.275490,0.037545,0.519415,0.001331,
0.322236,0.037507,0.419202,-0.001803,
0.342589,0.037415,0.019083,-0.000232,
0.327833,0.035709,0.012588,0.001166,
0.327779,0.035863,-0.011655,0.001863,
0.325551,0.036018,-0.031064,0.001311,
0.322462,0.035985,-0.030454,-0.001697,
0.315909,0.035894,-0.094623,-0.000209,
TIME: 2775 - SYSTEM: Plan 695
0.025942,0.000321,0.387192,0.031058,
0.074867,0.004380,0.571137,0.048297,
0.135465,0.009540,0.629889,0.053916,
0.190910,0.014670,0.485496,0.048607,
0.205497,0.018560,-0.142966,0.030328,
0.177262,0.017046,0.019708,0.025574,
0.179644,0.020417,0.027082,0.040263,
0.184450,0.024744,0.065375,0.045341,
0.191013,0.029219,0.065239,0.043916,
0.196097,0.032537,0.038179,0.023855,
0.163289,0.027430,0.033864,0.018768,
0.165358,0.029892,0.009341,0.029361,
0.165983,0.033069,0.003575,0.033395,
0.166380,0.036358,0.004266,0.032042,
0.164455,0.038997,-0.038970,0.021622,
0.178392,0.037217,0.390107,0.001199,
0.223904,0.037378,0.505954,0.001915,
0.275484,0.037536,0.519412,0.001333,
0.322233,0.037499,0.419229,-0.001798,
0.342592,0.037406,0.019169,-0.000226,
0.327835,0.035700,0.012582,0.001166,
0.327780,0.035853,-0.011663,0.001865,
0.325552,0.036010,-0.031073,0.001312,
0.322462,0.035975,-0.030462,-0.001695,
0.315908,0.035882,-0.094628,-0.000208,
TIME: 2778 - SYSTEM: Plan 696
0.025942,0.000321,0.387192,0.031057,
0.074867,0.004380,0.571137,0.048297,
0.135465,0.009539,0.629889,0.053916,
0.190910,0.014670,0.485497,0.048608,
0.205497,0.018560,-0.142965,0.030329,
0.177262,0.017048,0.019709,0.025570,
0.179644,0.020416,0.027083,0.040260,
0.184450,0.024749,0.065376,0.045339,
0.191013,0.029223,0.065239,0.043913,
0.196097,0.032541,0.038180,0.023813,
0.163289,0.027428,0.033864,0.018789,
0.165358,0.029896,0.009341,0.029393,
0.165983,0.033058,0.003574,0.033438,
0.166380,0.036348,0.004275,0.032107,
0.164457,0.039019,-0.038948,0.021677,
0.178394,0.037240,0.390118,0.001198,
0.223907,0.037403,0.505973,0.001913,
0.275490,0.037563,0.519421,0.001330,
0.322237,0.037530,0.419202,-0.001804,
0.342589,0.037433,0.019070,-0.000236,
0.327833,0.035724,0.012588,0.001165,
0.327779,0.035880,-0.011655,0.001863,
0.325551,0.036036,-0.031064,0.001310,
0.322462,0.036004,-0.030453,-0.001699,
0.315909,0.035912,-0.094623,-0.000210,
TIME: 2783 - SYSTEM: Plan 697
0.025942,0.000321,0.387192,0.031057,
0.074867,0.004380,0.571137,0.048296,
0.135465,0.009540,0.629888,0.053915,
0.190910,0.014670,0.485496,0.048607,
0.205496,0.018560,-0.142966,0.030328,
0.177262,0.017047,0.019708,0.025571,
0.179644,0.020420,0.027082,0.040260,
0.184450,0.024747,0.065374,0.045338,
0.191013,0.029221,0.065238,0.043913,
0.196096,0.032538,0.038179,0.023793,
0.163289,0.027428,0.033868,0.018803,
0.165358,0.029908,0.009347,0.029409,
0.165983,0.033073,0.003574,0.033450,
0.166381,0.036372,0.004281,0.032108,
0.164459,0.039039,-0.038929,0.021670,
0.178396,0.037257,0.390115,0.001198,
0.223909,0.037419,0.505968,0.001916,
0.275492,0.037579,0.519418,0.001331,
0.322238,0.037541,0.419205,-0.001802,
0.342590,0.037443,0.019078,-0.000229,
0.327834,0.035733,0.012585,0.001165,
0.327779,0.035887,-0.011658,0.001863,
0.325551,0.036046,-0.031068,0.001310,
0.322462,0.036012,-0.030457,-0.001694,
0.315909,0.035920,-0.094625,-0.000206,
TIME: 2787 - SYSTEM: Plan 698
0.025942,0.000321,0.387192,0.031058,
0.074867,0.004380,0.571137,0.048296,
0.135465,0.009541,0.629889,0.053916,
0.190910,0.014670,0.485496,0.048606,
0.205497,0.018560,-0.142966,0.030328,
0.177262,0.017045,0.019708,0.025573,
0.179644,0.020416,0.027083,0.040261,
0.184450,0.024743,0.065375,0.045339,
0.191013,0.029222,0.065238,0.043915,
0.196097,0.032539,0.038179,0.023839,
0.163289,0.027425,0.033864,0.018781,
0.165358,0.029881,0.009341,0.029374,
0.165983,0.033044,0.003575,0.033407,
0.166380,0.036337,0.004269,0.032073,
0.164456,0.038983,-0.038962,0.021657,
0.178392,0.037205,0.390112,0.001199,
0.223905,0.037362,0.505964,0.001915,
0.275487,0.037519,0.519418,0.001333,
0.322235,0.037482,0.419212,-0.001796,
0.342590,0.037386,0.019111,-0.000223,
0.327834,0.035679,0.012587,0.001165,
0.327779,0.035835,-0.011656,0.001866,
0.325551,0.035992,-0.031065,0.001312,
0.322462,0.035956,-0.030455,-0.001696,
0.315909,0.035868,-0.094624,-0.000210,
TIME: 2790 - SYSTEM: Plan 699
0.025942,0.000321,0.387191,0.031057,
0.074867,0.004381,0.571136,0.048297,
0.135465,0.009540,0.629887,0.053916,
0.190910,0.014671,0.485495,0.048608,
0.205496,0.018562,-0.142966,0.030327,
0.177262,0.017048,0.019707,0.025572,
0.179644,0.020421,0.027081,0.040260,
0.184450,0.024744,0.065374,0.045338,
0.191012,0.029226,0.065238,0.043912,
0.196096,0.032549,0.038179,0.023801,
0.163289,0.027432,0.033871,0.018800,
0.165358,0.029900,0.009353,0.029404,
0.165984,0.033065,0.003576,0.033440,
0.166382,0.036355,0.004283,0.032105,
0.164460,0.039023,-0.038926,0.021675,
0.178397,0.037244,0.390112,0.001199,
0.223909,0.037404,0.505965,0.001915,
0.275491,0.037566,0.519415,0.001331,
0.322238,0.037528,0.419198,-0.001803,
0.342589,0.037430,0.019071,-0.000231,
0.327833,0.035722,0.012587,0.001165,
0.327779,0.035883,-0.011655,0.001861,
0.325551,0.036040,-0.031065,0.001309,
0.322462,0.036007,-0.030454,-0.001701,
0.315909,0.035919,-0.094623,-0.000215,
TIME: 2795 - SYSTEM: Plan 700
0.025942,0.000321,0.387193,0.031057,
0.074868,0.004379,0.571139,0.048297,
0.135465,0.009539,0.629890,0.053916,
0.190910,0.014671,0.485497,0.048608,
0.205497,0.018561,-0.142966,0.030328,
0.177262,0.017046,0.019710,0.025575,
0.179644,0.020418,0.027085,0.040261,
0.184451,0.024743,0.065377,0.045341,
0.191014,0.029217,0.065240,0.043916,
0.196098,0.032536,0.038180,0.023854,
0.163289,0.027426,0.033858,0.018773,
0.165357,0.029882,0.009331,0.029358,
0.165982,0.033058,0.003574,0.033390,
0.166378,0.036340,0.004262,0.032056,
0.164453,0.038996,-0.038982,0.021640,
0.178390,0.037219,0.390112,0.001198,
0.223902,0.037377,0.505964,0.001916,
0.275485,0.037539,0.519420,0.001336,
0.322234,0.037500,0.419225,-0.001798,
0.342590,0.037407,0.019143,-0.000229,
0.327834,0.035699,0.012586,0.001166,
0.327779,0.035857,-0.011657,0.001865,
0.325551,0.036017,-0.031067,0.001309,
0.322462,0.035982,-0.030456,-0.001701,
0.315909,0.035890,-0.094626,-0.000215,
TIME: 2798 - SYSTEM: Plan 701
0.025942,0.000321,0.387192,0.031057,
0.074867,0.004379,0.571136,0.048299,
0.135465,0.009540,0.629888,0.053916,
0.190910,0.014671,0.485496,0.048609,
0.205497,0.018561,-0.142966,0.030328,
0.177262,0.017046,0.019708,0.025573,
0.179644,0.020418,0.027083,0.040259,
0.184450,0.024743,0.065375,0.045342,
0.191013,0.029222,0.065238,0.043913,
0.196097,0.032535,0.038179,0.023814,
0.163289,0.027422,0.033867,0.018788,
0.165358,0.029894,0.009346,0.029395,
0.165983,0.033064,0.003575,0.033441,
0.166381,0.036361,0.004276,0.032100,
0.164458,0.039019,-0.038942,0.021664,
0.178395,0.037241,0.390115,0.001197,
0.223908,0.037402,0.505967,0.001912,
0.275489,0.037568,0.519417,0.001330,
0.322237,0.037529,0.419208,-0.001803,
0.342590,0.037434,0.019090,-0.000235,
0.327834,0.035725,0.012585,0.001166,
0.327779,0.035880,-0.011659,0.001860,
0.325551,0.036037,-0.031068,0.001310,
0.322462,0.036005,-0.030457,-0.001700,
0.315909,0.035912,-0.094625,-0.000212,
TIME: 2802 - SYSTEM: Plan 702
0.025942,0.000321,0.387191,0.031059,
0.074867,0.004381,0.571136,0.048298,
0.135465,0.009540,0.629888,0.053915,
0.190910,0.014670,0.485496,0.048606,
0.205496,0.018561,-0.142966,0.030328,
0.177262,0.017045,0.019708,0.025576,
0.179644,0.020422,0.027082,0.040259,
0.184450,0.024745,0.065374,0.045340,
0.191013,0.029222,0.065238,0.043914,
0.196096,0.032538,0.038179,0.023813,
0.163289,0.027428,0.033868,0.018795,
0.165358,0.029908,0.009349,0.029395,
0.165983,0.033070,0.003575,0.033433,
0.166381,0.036354,0.004278,0.032090,
0.164459,0.039028,-0.038938,0.021662,
0.178396,0.037248,0.390111,0.001197,
0.223908,0.037405,0.505962,0.001913,
0.275490,0.037563,0.519414,0.001334,
0.322237,0.037528,0.419207,-0.001798,
0.342590,0.037429,0.019095,-0.000226,
0.327834,0.035720,0.012585,0.001165,
0.327779,0.035873,-0.011658,0.001862,
0.325551,0.036032,-0.031067,0.001308,
0.322462,0.035998,-0.030456,-0.001701,
0.315909,0.035907,-0.094625,-0.000211,
TIME: 2806 - SYSTEM: Plan 703
0.025942,0.000321,0.387192,0.031057,
0.074867,0.004380,0.571137,0.048297,
0.135465,0.009539,0.629889,0.053915,
0.190910,0.014669,0.485497,0.048607,
0.205497,0.018560,-0.142966,0.030329,
0.177262,0.017044,0.019709,0.025573,
0.179644,0.020415,0.027083,0.040260,
0.184450,0.024740,0.065376,0.045339,
0.191013,0.029219,0.065239,0.043917,
0.196097,0.032537,0.038180,0.023855,
0.163289,0.027420,0.033861,0.018773,
0.165358,0.029886,0.009337,0.029354,
0.165982,0.033055,0.003575,0.033394,
0.166379,0.036339,0.004264,0.032058,
0.164454,0.038991,-0.038975,0.021640,
0.178391,0.037214,0.390110,0.001198,
0.223903,0.037376,0.505961,0.001913,
0.275486,0.037536,0.519416,0.001332,
0.322234,0.037501,0.419221,-0.001801,
0.342590,0.037406,0.019141,-0.000233,
0.327834,0.035700,0.012586,0.001166,
0.327780,0.035853,-0.011657,0.001860,
0.325552,0.036010,-0.031067,0.001312,
0.322462,0.035978,-0.030456,-0.001695,
0.315909,0.035887,-0.094625,-0.000210,
TIME: 2810 - SYSTEM: Plan 704
0.025942,0.000321,0.387193,0.031059,
0.074867,0.004380,0.571138,0.048298,
0.135465,0.009540,0.629890,0.053916,
0.190910,0.014671,0.485497,0.048607,
0.205497,0.018562,-0.142966,0.030328,
0.177262,0.017048,0.019709,0.025572,
0.179644,0.020421,0.027084,0.040260,
0.184451,0.024744,0.065377,0.045338,
0.191014,0.029227,0.065240,0.043912,
0.196098,0.032549,0.038180,0.023801,
0.163290,0.027435,0.033860,0.018798,
0.165357,0.029898,0.009332,0.029402,
0.165982,0.033069,0.003572,0.033448,
0.166379,0.036362,0.004273,0.032110,
0.164456,0.039015,-0.038954,0.021676,
0.178393,0.037236,0.390121,0.001198,
0.223906,0.037398,0.505976,0.001917,
0.275490,0.037556,0.519425,0.001333,
0.322238,0.037518,0.419208,-0.001799,
0.342590,0.037424,0.019071,-0.000229,
0.327834,0.035715,0.012587,0.001165,
0.327779,0.035869,-0.011656,0.001865,
0.325551,0.036026,-0.031066,0.001311,
0.322462,0.035993,-0.030455,-0.001695,
0.315909,0.035898,-0.094625,-0.000205,
TIME: 2813 - SYSTEM: Plan 705
0.025942,0.000321,0.387192,0.031057,
0.074867,0.004380,0.571137,0.048296,
0.135465,0.009540,0.629888,0.053915,
0.190910,0.014669,0.485496,0.048608,
0.205496,0.018559,-0.142966,0.030329,
0.177262,0.017045,0.019708,0.025574,
0.179644,0.020415,0.027082,0.040258,
0.184450,0.024743,0.065375,0.045340,
0.191013,0.029221,0.065238,0.043914,
0.196096,0.032540,0.038179,0.023819,
0.163289,0.027427,0.033868,0.018788,
0.165358,0.029895,0.009348,0.029385,
0.165983,0.033064,0.003576,0.033422,
0.166381,0.036342,0.004277,0.032092,
0.164458,0.038996,-0.038942,0.021667,
0.178395,0.037218,0.390111,0.001199,
0.223908,0.037378,0.505964,0.001916,
0.275489,0.037536,0.519415,0.001333,
0.322236,0.037499,0.419203,-0.001800,
0.342589,0.037403,0.019088,-0.000230,
0.327833,0.035695,0.012588,0.001164,
0.327779,0.035850,-0.011654,0.001864,
0.325551,0.036004,-0.031063,0.001311,
0.322462,0.035970,-0.030453,-0.001696,
0.315909,0.035883,-0.094623,-0.000208,
TIME: 2817 - SYSTEM: Plan 706
0.025942,0.000321,0.387191,0.031057,
0.074867,0.004380,0.571136,0.048297,
0.135465,0.009539,0.629888,0.053916,
0.190910,0.014669,0.485496,0.048608,
0.205496,0.018560,-0.142966,0.030329,
0.177262,0.017044,0.019707,0.025571,
0.179643,0.020417,0.027081,0.040262,
0.184449,0.024741,0.065373,0.045340,
0.191012,0.029222,0.065238,0.043915,
0.196096,0.032540,0.038179,0.023838,
0.163289,0.027433,0.033872,0.018780,
0.165359,0.029889,0.009357,0.029371,
0.165984,0.033063,0.003577,0.033407,
0.166382,0.036353,0.004276,0.032064,
0.164460,0.039000,-0.038941,0.021645,
0.178396,0.037222,0.390101,0.001197,
0.223907,0.037381,0.505948,0.001916,
0.275487,0.037543,0.519401,0.001333,
0.322234,0.037506,0.419206,-0.001800,
0.342590,0.037410,0.019127,-0.000231,
0.327834,0.035704,0.012585,0.001167,
0.327779,0.035861,-0.011659,0.001863,
0.325551,0.036020,-0.031068,0.001307,
0.322462,0.035986,-0.030457,-0.001700,
0.315909,0.035893,-0.094625,-0.000214,
TIME: 2820 - SYSTEM: Plan 707
0.025942,0.000321,0.387191,0.031058,
0.074867,0.004380,0.571136,0.048297,
0.135465,0.009540,0.629888,0.053916,
0.190910,0.014671,0.485496,0.048608,
0.205496,0.018561,-0.142965,0.030328,
0.177262,0.017051,0.019707,0.025573,
0.179644,0.020418,0.027081,0.040261,
0.184450,0.024738,0.065374,0.045340,
0.191013,0.029223,0.065238,0.043915,
0.196096,0.032535,0.038179,0.023827,
0.163289,0.027421,0.033870,0.018782,
0.165358,0.029895,0.009352,0.029376,
0.165984,0.033061,0.003577,0.033414,
0.166381,0.036360,0.004277,0.032075,
0.164459,0.039012,-0.038941,0.021648,
0.178395,0.037234,0.390104,0.001197,
0.223907,0.037394,0.505953,0.001912,
0.275488,0.037552,0.519407,0.001331,
0.322236,0.037516,0.419208,-0.001802,
0.342590,0.037421,0.019120,-0.000230,
0.327834,0.035714,0.012586,0.001166,
0.327780,0.035870,-0.011657,0.001863,
0.325552,0.036024,-0.031066,0.001310,
0.322462,0.035989,-0.030455,-0.001697,
0.315909,0.035900,-0.094625,-0.000210,
TIME: 2824 - SYSTEM: Plan 708
0.025942,0.000321,0.387192,0.031058,
0.074867,0.004381,0.571137,0.048297,
0.135465,0.009540,0.629888,0.053915,
0.190910,0.014671,0.485496,0.048606,
0.205497,0.018562,-0.142965,0.030327,
0.177262,0.017048,0.019708,0.025574,
0.179644,0.020421,0.027082,0.040258,
0.184450,0.024745,0.065375,0.045338,
0.191013,0.029224,0.065239,0.043913,
0.196097,0.032546,0.038179,0.023805,
0.163289,0.027430,0.033866,0.018802,
0.165358,0.029892,0.009345,0.029409,
0.165983,0.033063,0.003574,0.033450,
0.166381,0.036362,0.004278,0.032115,
0.164458,0.039028,-0.038939,0.021675,
0.178395,0.037247,0.390121,0.001200,
0.223909,0.037405,0.505976,0.001916,
0.275491,0.037563,0.519426,0.001337,
0.322239,0.037528,0.419207,-0.001796,
0.342590,0.037435,0.019068,-0.000225,
0.327834,0.035726,0.012587,0.001164,
0.327779,0.035881,-0.011656,0.001863,
0.325551,0.036037,-0.031066,0.001309,
0.322462,0.036003,-0.030455,-0.001698,
0.315909,0.035913,-0.094625,-0.000208,
TIME: 2828 - SYSTEM: Plan 709
0.025942,0.000321,0.387193,0.031058,
0.074868,0.004381,0.571138,0.048297,
0.135465,0.009541,0.629889,0.053914,
0.190910,0.014670,0.485497,0.048606,
0.205497,0.018561,-0.142967,0.030327,
0.177262,0.017049,0.019710,0.025573,
0.179644,0.020416,0.027085,0.040260,
0.184451,0.024739,0.065377,0.045341,
0.191014,0.029221,0.065240,0.043915,
0.196098,0.032532,0.038180,0.023837,
0.163289,0.027422,0.033859,0.018778,
0.165357,0.029875,0.009332,0.029375,
0.165982,0.033046,0.003574,0.033415,
0.166379,0.036339,0.004266,0.032084,
0.164454,0.038994,-0.038972,0.021655,
0.178391,0.037216,0.390119,0.001198,
0.223905,0.037378,0.505973,0.001915,
0.275488,0.037537,0.519426,0.001333,
0.322236,0.037500,0.419219,-0.001801,
0.342590,0.037407,0.019111,-0.000231,
0.327834,0.035700,0.012586,0.001166,
0.327779,0.035858,-0.011657,0.001864,
0.325551,0.036017,-0.031067,0.001309,
0.322462,0.035981,-0.030456,-0.001700,
0.315909,0.035893,-0.094625,-0.000214,
TIME: 2832 - SYSTEM: Plan 710
0.025942,0.000321,0.387193,0.031058,
0.074868,0.004380,0.571138,0.048298,
0.135465,0.009539,0.629890,0.053917,
0.190910,0.014670,0.485497,0.048608,
0.205497,0.018561,-0.142966,0.030328,
0.177262,0.017048,0.019709,0.025572,
0.179644,0.020421,0.027084,0.040261,
0.184451,0.024745,0.065376,0.045339,
0.191014,0.029225,0.065239,0.043915,
0.196097,0.032538,0.038180,0.023824,
0.163289,0.027428,0.033861,0.018788,
0.165358,0.029888,0.009336,0.029385,
0.165982,0.033059,0.003573,0.033425,
0.166379,0.036352,0.004270,0.032088,
0.164455,0.039002,-0.038961,0.021662,
0.178392,0.037223,0.390111,0.001197,
0.223905,0.037388,0.505963,0.001914,
0.275488,0.037547,0.519415,0.001330,
0.322236,0.037510,0.419207,-0.001804,
0.342590,0.037419,0.019098,-0.000233,
0.327834,0.035709,0.012585,0.001166,
0.327780,0.035865,-0.011658,0.001866,
0.325552,0.036021,-0.031068,0.001313,
0.322462,0.035989,-0.030456,-0.001695,
0.315909,0.035898,-0.094625,-0.000209,
TIME: 2835 - SYSTEM: Plan 711
0.025942,0.000322,0.387191,0.031057,
0.074867,0.004381,0.571136,0.048296,
0.135465,0.009541,0.629888,0.053914,
0.190910,0.014671,0.485496,0.048606,
0.205496,0.018561,-0.142966,0.030327,
0.177262,0.017044,0.019707,0.025573,
0.179644,0.020421,0.027081,0.040259,
0.184449,0.024742,0.065374,0.045339,
0.191012,0.029224,0.065238,0.043915,
0.196096,0.032540,0.038179,0.023828,
0.163289,0.027427,0.033871,0.018782,
0.165358,0.029886,0.009355,0.029379,
0.165984,0.033048,0.003576,0.033424,
0.166382,0.036332,0.004277,0.032094,
0.164459,0.038985,-0.038938,0.021674,
0.178395,0.037208,0.390110,0.001199,
0.223908,0.037367,0.505962,0.001916,
0.275489,0.037525,0.519411,0.001335,
0.322237,0.037489,0.419196,-0.001797,
0.342588,0.037396,0.019077,-0.000227,
0.327832,0.035686,0.012589,0.001168,
0.327778,0.035840,-0.011653,0.001866,
0.325551,0.036000,-0.031062,0.001315,
0.322462,0.035963,-0.030451,-0.001694,
0.315909,0.035871,-0.094622,-0.000206,
TIME: 2839 - SYSTEM: Plan 712
0.025942,0.000321,0.387193,0.031057,
0.074868,0.004379,0.571138,0.048297,
0.135465,0.009539,0.629890,0.053917,
0.190910,0.014670,0.485497,0.048608,
0.205497,0.018560,-0.142966,0.030329,
0.177262,0.017044,0.019710,0.025572,
0.179644,0.020416,0.027085,0.040259,
0.184451,0.024739,0.065377,0.045340,
0.191014,0.029220,0.065240,0.043916,
0.196098,0.032538,0.038180,0.023851,
0.163289,0.027432,0.033858,0.018767,
0.165357,0.029891,0.009330,0.029357,
0.165982,0.033063,0.003573,0.033393,
0.166378,0.036350,0.004262,0.032057,
0.164453,0.039001,-0.038982,0.021636,
0.178390,0.037223,0.390112,0.001198,
0.223902,0.037382,0.505962,0.001912,
0.275484,0.037545,0.519418,0.001332,
0.322233,0.037506,0.419225,-0.001800,
0.342591,0.037412,0.019149,-0.000230,
0.327835,0.035705,0.012585,0.001166,
0.327780,0.035860,-0.011659,0.001864,
0.325552,0.036015,-0.031068,0.001313,
0.322462,0.035983,-0.030458,-0.001696,
0.315908,0.035890,-0.094627,-0.000209,
TIME: 2843 - SYSTEM: Plan 713
0.025942,0.000321,0.387192,0.031057,
0.074868,0.004380,0.571137,0.048297,
0.135465,0.009540,0.629888,0.053916,
0.190910,0.014670,0.485496,0.048607,
0.205496,0.018561,-0.142965,0.030328,
0.177262,0.017046,0.019708,0.025575,
0.179644,0.020418,0.027082,0.040262,
0.184450,0.024742,0.065374,0.045341,
0.191013,0.029217,0.065238,0.043916,
0.196096,0.032535,0.038179,0.023842,
0.163289,0.027428,0.033869,0.018781,
0.165358,0.029874,0.009350,0.029368,
0.165984,0.033057,0.003576,0.033402,
0.166381,0.036337,0.004273,0.032071,
0.164458,0.038998,-0.038952,0.021650,
0.178394,0.037219,0.390108,0.001197,
0.223906,0.037377,0.505958,0.001913,
0.275487,0.037537,0.519412,0.001334,
0.322235,0.037501,0.419211,-0.001798,
0.342589,0.037405,0.019120,-0.000226,
0.327834,0.035697,0.012587,0.001167,
0.327779,0.035852,-0.011656,0.001863,
0.325551,0.036011,-0.031065,0.001311,
0.322462,0.035978,-0.030454,-0.001699,
0.315909,0.035890,-0.094624,-0.000213,
TIME: 2847 - SYSTEM: Plan 714
0.025942,0.000321,0.387193,0.031057,
0.074868,0.004380,0.571139,0.048297,
0.135465,0.009539,0.629890,0.053916,
0.190910,0.014670,0.485498,0.048608,
0.205497,0.018559,-0.142966,0.030329,
0.177262,0.017045,0.019709,0.025573,
0.179644,0.020415,0.027084,0.040260,
0.184451,0.024737,0.065377,0.045339,
0.191014,0.029219,0.065240,0.043915,
0.196098,0.032535,0.038180,0.023846,
0.163289,0.027428,0.033859,0.018776,
0.165357,0.029887,0.009332,0.029366,
0.165982,0.033064,0.003574,0.033403,
0.166378,0.036342,0.004264,0.032066,
0.164453,0.039002,-0.038977,0.021645,
0.178391,0.037223,0.390115,0.001198,
0.223903,0.037382,0.505967,0.001914,
0.275486,0.037546,0.519422,0.001333,
0.322235,0.037508,0.419224,-0.001801,
0.342591,0.037410,0.019132,-0.000232,
0.327834,0.035704,0.012585,0.001165,
0.327780,0.035862,-0.011658,0.001862,
0.325551,0.036019,-0.031068,0.001308,
0.322462,0.035985,-0.030457,-0.001700,
0.315909,0.035892,-0.094626,-0.000213,
TIME: 2852 - SYSTEM: Plan 715
0.025942,0.000321,0.387192,0.031059,
0.074867,0.004381,0.571137,0.048299,
0.135465,0.009540,0.629888,0.053918,
0.190910,0.014671,0.485496,0.048608,
0.205497,0.018561,-0.142965,0.030328,
0.177262,0.017050,0.019708,0.025574,
0.179644,0.020416,0.027082,0.040262,
0.184450,0.024739,0.065375,0.045342,
0.191013,0.029220,0.065238,0.043916,
0.196097,0.032532,0.038179,0.023837,
0.163289,0.027419,0.033867,0.018785,
0.165358,0.029875,0.009346,0.029374,
0.165983,0.033041,0.003575,0.033414,
0.166380,0.036322,0.004272,0.032079,
0.164457,0.038978,-0.038954,0.021662,
0.178394,0.037199,0.390108,0.001197,
0.223906,0.037359,0.505960,0.001915,
0.275487,0.037519,0.519411,0.001334,
0.322235,0.037486,0.419204,-0.001798,
0.342589,0.037390,0.019100,-0.000230,
0.327833,0.035681,0.012587,0.001165,
0.327779,0.035838,-0.011655,0.001865,
0.325551,0.035996,-0.031065,0.001312,
0.322462,0.035959,-0.030454,-0.001697,
0.315909,0.035871,-0.094624,-0.000210,
TIME: 2856 - SYSTEM: Plan 716
0.025942,0.000321,0.387192,0.031057,
0.074867,0.004380,0.571137,0.048296,
0.135465,0.009540,0.629889,0.053915,
0.190910,0.014669,0.485496,0.048607,
0.205497,0.018560,-0.142966,0.030329,
0.177262,0.017045,0.019709,0.025575,
0.179644,0.020419,0.027083,0.040260,
0.184450,0.024746,0.065376,0.045338,
0.191013,0.029222,0.065239,0.043912,
0.196097,0.032539,0.038180,0.023784,
0.163289,0.027426,0.033863,0.018814,
0.165358,0.029901,0.009337,0.029426,
0.165982,0.033074,0.003572,0.033472,
0.166380,0.036361,0.004278,0.032133,
0.164457,0.039034,-0.038938,0.021689,
0.178395,0.037253,0.390124,0.001198,
0.223908,0.037414,0.505981,0.001914,
0.275492,0.037576,0.519428,0.001332,
0.322240,0.037541,0.419201,-0.001802,
0.342590,0.037444,0.019042,-0.000233,
0.327834,0.035734,0.012586,0.001166,
0.327779,0.035886,-0.011657,0.001863,
0.325551,0.036045,-0.031066,0.001312,
0.322462,0.036013,-0.030455,-0.001696,
0.315909,0.035923,-0.094625,-0.000207,
TIME: 2859 - SYSTEM: Plan 717
0.025942,0.000321,0.387192,0.031058,
0.074867,0.004380,0.571137,0.048297,
0.135465,0.009539,0.629888,0.053916,
0.190910,0.014669,0.485496,0.048607,
0.205497,0.018559,-0.142967,0.030328,
0.177262,0.017045,0.019708,0.025569,
0.179644,0.020419,0.027082,0.040262,
0.184450,0.024736,0.065375,0.045339,
0.191013,0.029223,0.065238,0.043916,
0.196096,0.032541,0.038179,0.023848,
0.163289,0.027434,0.033867,0.018777,
0.165358,0.029908,0.009347,0.029353,
0.165983,0.033074,0.003576,0.033385,
0.166380,0.036354,0.004270,0.032047,
0.164457,0.039012,-0.038959,0.021630,
0.178393,0.037233,0.390105,0.001199,
0.223905,0.037393,0.505954,0.001913,
0.275485,0.037558,0.519411,0.001332,
0.322233,0.037520,0.419222,-0.001802,
0.342590,0.037423,0.019157,-0.000233,
0.327834,0.035715,0.012584,0.001166,
0.327779,0.035871,-0.011659,0.001860,
0.325551,0.036026,-0.031069,0.001309,
0.322462,0.035992,-0.030458,-0.001698,
0.315908,0.035903,-0.094625,-0.000211,
TIME: 2863 - SYSTEM: Plan 718
0.025942,0.000321,0.387192,0.031057,
0.074867,0.004381,0.571137,0.048296,
0.135465,0.009541,0.629889,0.053915,
0.190910,0.014671,0.485497,0.048606,
0.205497,0.018562,-0.142965,0.030326,
0.177262,0.017048,0.019708,0.025575,
0.179644,0.020420,0.027083,0.040259,
0.184450,0.024744,0.065375,0.045339,
0.191013,0.029223,0.065238,0.043913,
0.196097,0.032540,0.038179,0.023809,
0.163289,0.027426,0.033864,0.018797,
0.165358,0.029894,0.009341,0.029399,
0.165983,0.033059,0.003574,0.033444,
0.166380,0.036341,0.004275,0.032110,
0.164457,0.039008,-0.038946,0.021677,
0.178394,0.037229,0.390118,0.001198,
0.223908,0.037393,0.505973,0.001915,
0.275491,0.037552,0.519422,0.001332,
0.322238,0.037514,0.419203,-0.001801,
0.342589,0.037422,0.019068,-0.000232,
0.327833,0.035713,0.012587,0.001166,
0.327779,0.035870,-0.011655,0.001866,
0.325551,0.036025,-0.031065,0.001311,
0.322462,0.035992,-0.030454,-0.001696,
0.315909,0.035901,-0.094624,-0.000208,
TIME: 2867 - SYSTEM: Plan 719
0.025942,0.000321,0.387192,0.031058,
0.074867,0.004379,0.571138,0.048297,
0.135465,0.009539,0.629889,0.053916,
0.190910,0.014670,0.485497,0.048607,
0.205497,0.018561,-0.142966,0.030328,
0.177262,0.017045,0.019709,0.025575,
0.179644,0.020421,0.027083,0.040261,
0.184450,0.024744,0.065376,0.045340,
0.191013,0.029221,0.065239,0.043914,
0.196097,0.032535,0.038180,0.023814,
0.163289,0.027419,0.033865,0.018787,
0.165358,0.029888,0.009342,0.029390,
0.165983,0.033062,0.003574,0.033434,
0.166380,0.036352,0.004274,0.032098,
0.164457,0.039017,-0.038948,0.021667,
0.178394,0.037237,0.390115,0.001197,
0.223907,0.037398,0.505967,0.001912,
0.275488,0.037557,0.519417,0.001330,
0.322236,0.037519,0.419205,-0.001801,
0.342590,0.037426,0.019087,-0.000230,
0.327834,0.035718,0.012586,0.001164,
0.327779,0.035876,-0.011657,0.001863,
0.325551,0.036028,-0.031067,0.001310,
0.322462,0.035997,-0.030456,-0.001698,
0.315909,0.035905,-0.094624,-0.000209,
TIME: 2871 - SYSTEM: Plan 720
0.025942,0.000321,0.387192,0.031058,
0.074868,0.004380,0.571138,0.048298,
0.135465,0.009540,0.629889,0.053916,
0.190910,0.014671,0.485497,0.048608,
0.205497,0.018562,-0.142966,0.030327,
0.177262,0.017046,0.019709,0.025573,
0.179644,0.020422,0.027083,0.040262,
0.184450,0.024746,0.065376,0.045340,
0.191013,0.029227,0.065239,0.043914,
0.196097,0.032541,0.038180,0.023819,
0.163289,0.027425,0.033864,0.018791,
0.165358,0.029905,0.009340,0.029394,
0.165983,0.033074,0.003574,0.033429,
0.166380,0.036365,0.004273,0.032089,
0.164456,0.039020,-0.038954,0.021653,
0.178393,0.037242,0.390117,0.001196,
0.223906,0.037400,0.505969,0.001913,
0.275488,0.037563,0.519423,0.001332,
0.322235,0.037523,0.419218,-0.001802,
0.342591,0.037428,0.019110,-0.000232,
0.327835,0.035719,0.012585,0.001168,
0.327780,0.035875,-0.011659,0.001864,
0.325552,0.036033,-0.031069,0.001310,
0.322462,0.035997,-0.030458,-0.001698,
0.315908,0.035908,-0.094627,-0.000211,
TIME: 2874 - SYSTEM: Plan 721
0.025942,0.000322,0.387193,0.031056,
0.074867,0.004381,0.571138,0.048297,
0.135465,0.009540,0.629889,0.053915,
0.190910,0.014671,0.485497,0.048607,
0.205497,0.018561,-0.142966,0.030328,
0.177262,0.017045,0.019709,0.025574,
0.179644,0.020418,0.027083,0.040262,
0.184450,0.024744,0.065376,0.045341,
0.191013,0.029223,0.065239,0.043913,
0.196097,0.032535,0.038180,0.023801,
0.163289,0.027424,0.033862,0.018807,
0.165358,0.029883,0.009336,0.029413,
0.165982,0.033058,0.003572,0.033457,
0.166379,0.036342,0.004274,0.032115,
0.164456,0.039009,-0.038949,0.021686,
0.178394,0.037231,0.390121,0.001197,
0.223908,0.037391,0.505978,0.001914,
0.275491,0.037556,0.519426,0.001332,
0.322238,0.037519,0.419203,-0.001803,
0.342590,0.037426,0.019053,-0.000234,
0.327834,0.035717,0.012587,0.001165,
0.327779,0.035871,-0.011656,0.001862,
0.325551,0.036030,-0.031066,0.001311,
0.322462,0.035997,-0.030455,-0.001697,
0.315909,0.035909,-0.094624,-0.000210,
TIME: 2879 - SYSTEM: Plan 722
0.025942,0.000321,0.387193,0.031057,
0.074868,0.004380,0.571139,0.048296,
0.135465,0.009540,0.629890,0.053915,
0.190910,0.014670,0.485497,0.048606,
0.205497,0.018560,-0.142967,0.030327,
0.177262,0.017047,0.019710,0.025571,
0.179644,0.020420,0.027085,0.040260,
0.184451,0.024747,0.065378,0.045338,
0.191014,0.029221,0.065241,0.043913,
0.196098,0.032538,0.038180,0.023793,
0.163290,0.027434,0.033859,0.018809,
0.165357,0.029908,0.009330,0.029415,
0.165982,0.033090,0.003572,0.033450,
0.166379,0.036383,0.004274,0.032108,
0.164456,0.039028,-0.038951,0.021668,
0.178392,0.037247,0.390122,0.001198,
0.223906,0.037409,0.505976,0.001915,
0.275490,0.037571,0.519428,0.001333,
0.322239,0.037533,0.419214,-0.001803,
0.342591,0.037439,0.019082,-0.000232,
0.327835,0.035729,0.012583,0.001165,
0.327780,0.035885,-0.011660,0.001862,
0.325551,0.036043,-0.031070,0.001311,
0.322462,0.036009,-0.030459,-0.001699,
0.315909,0.035919,-0.094627,-0.000210,
TIME: 2882 - SYSTEM: Plan 723
0.025942,0.000321,0.387193,0.031058,
0.074868,0.004381,0.571138,0.048297,
0.135465,0.009539,0.629890,0.053916,
0.190910,0.014669,0.485497,0.048608,
0.205497,0.018558,-0.142966,0.030328,
0.177262,0.017044,0.019709,0.025573,
0.179644,0.020418,0.027084,0.040259,
0.184450,0.024743,0.065376,0.045337,
0.191013,0.029222,0.065239,0.043915,
0.196097,0.032543,0.038180,0.023839,
0.163289,0.027432,0.033862,0.018779,
0.165358,0.029892,0.009338,0.029362,
0.165982,0.033072,0.003574,0.033405,
0.166379,0.036337,0.004268,0.032067,
0.164455,0.038981,-0.038966,0.021650,
0.178392,0.037205,0.390113,0.001198,
0.223904,0.037361,0.505966,0.001915,
0.275486,0.037525,0.519418,0.001332,
0.322234,0.037489,0.419216,-0.001799,
0.342590,0.037396,0.019123,-0.000231,
0.327834,0.035690,0.012587,0.001166,
0.327779,0.035843,-0.011656,0.001864,
0.325551,0.036003,-0.031065,0.001313,
0.322462,0.035966,-0.030454,-0.001696,
0.315909,0.035878,-0.094625,-0.000210,
TIME: 2886 - SYSTEM: Plan 724
0.025942,0.000321,0.387191,0.031057,
0.074867,0.004380,0.571135,0.048298,
0.135465,0.009540,0.629887,0.053916,
0.190910,0.014669,0.485495,0.048608,
0.205496,0.018560,-0.142966,0.030329,
0.177262,0.017045,0.019706,0.025574,
0.179643,0.020417,0.027080,0.040262,
0.184449,0.024741,0.065372,0.045340,
0.191012,0.029219,0.065237,0.043916,
0.196095,0.032542,0.038179,0.023860,
0.163289,0.027429,0.033874,0.018758,
0.165359,0.029894,0.009361,0.029342,
0.165985,0.033062,0.003579,0.033378,
0.166382,0.036344,0.004274,0.032051,
0.164459,0.038997,-0.038948,0.021633,
0.178395,0.037219,0.390099,0.001198,
0.223907,0.037381,0.505946,0.001916,
0.275486,0.037536,0.519402,0.001333,
0.322233,0.037502,0.419211,-0.001798,
0.342589,0.037407,0.019152,-0.000229,
0.327833,0.035700,0.012587,0.001166,
0.327779,0.035850,-0.011656,0.001865,
0.325551,0.036010,-0.031066,0.001312,
0.322462,0.035979,-0.030454,-0.001696,
0.315909,0.035886,-0.094624,-0.000210,
TIME: 2889 - SYSTEM: Plan 725
0.025942,0.000321,0.387192,0.031056,
0.074867,0.004379,0.571137,0.048297,
0.135465,0.009538,0.629888,0.053917,
0.190910,0.014669,0.485497,0.048609,
0.205497,0.018561,-0.142965,0.030329,
0.177262,0.017047,0.019708,0.025578,
0.179644,0.020418,0.027082,0.040259,
0.184450,0.024740,0.065375,0.045339,
0.191013,0.029217,0.065238,0.043912,
0.196097,0.032529,0.038179,0.023780,
0.163289,0.027420,0.033868,0.018817,
0.165358,0.029890,0.009345,0.029429,
0.165983,0.033063,0.003574,0.033475,
0.166381,0.036353,0.004283,0.032138,
0.164460,0.039010,-0.038925,0.021699,
0.178396,0.037233,0.390118,0.001199,
0.223909,0.037391,0.505974,0.001915,
0.275492,0.037549,0.519419,0.001334,
0.322240,0.037517,0.419188,-0.001799,
0.342589,0.037419,0.019025,-0.000228,
0.327833,0.035713,0.012587,0.001166,
0.327779,0.035871,-0.011655,0.001863,
0.325551,0.036027,-0.031065,0.001309,
0.322462,0.035996,-0.030454,-0.001704,
0.315909,0.035907,-0.094623,-0.000214,
TIME: 2893 - SYSTEM: Plan 726
0.025942,0.000321,0.387193,0.031058,
0.074868,0.004380,0.571138,0.048297,
0.135465,0.009540,0.629890,0.053916,
0.190910,0.014669,0.485497,0.048608,
0.205497,0.018559,-0.142967,0.030329,
0.177262,0.017045,0.019709,0.025573,
0.179644,0.020414,0.027083,0.040261,
0.184450,0.024740,0.065376,0.045342,
0.191013,0.029224,0.065239,0.043915,
0.196097,0.032538,0.038180,0.023841,
0.163289,0.027427,0.033862,0.018776,
0.165358,0.029892,0.009338,0.029354,
0.165982,0.033059,0.003575,0.033390,
0.166379,0.036346,0.004267,0.032062,
0.164455,0.039010,-0.038967,0.021642,
0.178392,0.037231,0.390111,0.001197,
0.223904,0.037389,0.505963,0.001913,
0.275485,0.037548,0.519418,0.001334,
0.322234,0.037512,0.419220,-0.001796,
0.342590,0.037420,0.019137,-0.000227,
0.327834,0.035712,0.012586,0.001167,
0.327779,0.035867,-0.011657,0.001865,
0.325551,0.036026,-0.031066,0.001311,
0.322462,0.035990,-0.030455,-0.001698,
0.315909,0.035900,-0.094625,-0.000210,
TIME: 2897 - SYSTEM: Plan 727
0.025942,0.000321,0.387192,0.031056,
0.074867,0.004381,0.571137,0.048297,
0.135465,0.009540,0.629888,0.053915,
0.190910,0.014669,0.485496,0.048608,
0.205496,0.018559,-0.142965,0.030328,
0.177262,0.017044,0.019708,0.025574,
0.179644,0.020414,0.027082,0.040263,
0.184450,0.024737,0.065374,0.045339,
0.191013,0.029225,0.065238,0.043917,
0.196096,0.032541,0.038179,0.023853,
0.163289,0.027434,0.033869,0.018765,
0.165358,0.029890,0.009352,0.029345,
0.165984,0.033060,0.003577,0.033385,
0.166381,0.036348,0.004271,0.032050,
0.164457,0.038999,-0.038956,0.021632,
0.178394,0.037220,0.390101,0.001196,
0.223905,0.037380,0.505948,0.001914,
0.275485,0.037540,0.519403,0.001332,
0.322233,0.037504,0.419215,-0.001800,
0.342590,0.037414,0.019154,-0.000231,
0.327834,0.035706,0.012585,0.001168,
0.327779,0.035866,-0.011658,0.001864,
0.325551,0.036021,-0.031068,0.001308,
0.322462,0.035985,-0.030457,-0.001700,
0.315909,0.035896,-0.094625,-0.000213,
TIME: 2900 - SYSTEM: Plan 728
0.025942,0.000320,0.387191,0.031059,
0.074867,0.004380,0.571136,0.048298,
0.135465,0.009540,0.629888,0.053916,
0.190910,0.014670,0.485496,0.048607,
0.205496,0.018561,-0.142965,0.030328,
0.177262,0.017044,0.019707,0.025573,
0.179644,0.020421,0.027081,0.040259,
0.184450,0.024742,0.065374,0.045339,
0.191012,0.029224,0.065238,0.043915,
0.196096,0.032540,0.038179,0.023829,
0.163289,0.027430,0.033870,0.018785,
0.165358,0.029883,0.009353,0.029377,
0.165984,0.033063,0.003576,0.033425,
0.166382,0.036362,0.004277,0.032090,
0.164459,0.039018,-0.038940,0.021657,
0.178396,0.037236,0.390106,0.001199,
0.223907,0.037399,0.505956,0.001915,
0.275489,0.037558,0.519407,0.001335,
0.322236,0.037523,0.419203,-0.001798,
0.342590,0.037426,0.019104,-0.000228,
0.327834,0.035719,0.012586,0.001165,
0.327779,0.035870,-0.011657,0.001864,
0.325551,0.036027,-0.031067,0.001312,
0.322462,0.035992,-0.030456,-0.001698,
0.315909,0.035901,-0.094625,-0.000208,
TIME: 2904 - SYSTEM: Plan 729
0.025942,0.000321,0.387192,0.031057,
0.074867,0.004380,0.571137,0.048298,
0.135465,0.009540,0.629888,0.053916,
0.190910,0.014670,0.485496,0.048608,
0.205496,0.018561,-0.142966,0.030328,
0.177262,0.017046,0.019708,0.025573,
0.179644,0.020417,0.027082,0.040260,
0.184450,0.024740,0.065374,0.045341,
0.191013,0.029222,0.065238,0.043915,
0.196096,0.032540,0.038179,0.023836,
0.163289,0.027429,0.033867,0.018779,
0.165358,0.029895,0.009347,0.029369,
0.165983,0.033060,0.003576,0.033411,
0.166381,0.036355,0.004273,0.032081,
0.164457,0.039007,-0.038952,0.021652,
0.178394,0.037228,0.390106,0.001198,
0.223906,0.037389,0.505956,0.001914,
0.275488,0.037551,0.519408,0.001329,
0.322235,0.037511,0.419207,-0.001802,
0.342590,0.037417,0.019115,-0.000230,
0.327834,0.035711,0.012586,0.001166,
0.327779,0.035864,-0.011657,0.001862,
0.325551,0.036014,-0.031066,0.001309,
0.322462,0.035983,-0.030455,-0.001696,
0.315909,0.035887,-0.094625,-0.000206,
TIME: 2907 - SYSTEM: Plan 730
0.025942,0.000321,0.387192,0.031057,
0.074867,0.004380,0.571137,0.048297,
0.135465,0.009540,0.629889,0.053916,
0.190910,0.014671,0.485496,0.048608,
0.205497,0.018561,-0.142966,0.030328,
0.177262,0.017049,0.019708,0.025573,
0.179644,0.020421,0.027082,0.040259,
0.184450,0.024742,0.065375,0.045338,
0.191013,0.029219,0.065238,0.043913,
0.196097,0.032538,0.038179,0.023806,
0.163289,0.027422,0.033867,0.018799,
0.165358,0.029893,0.009346,0.029401,
0.165983,0.033058,0.003574,0.033443,
0.166381,0.036356,0.004278,0.032102,
0.164458,0.039019,-0.038938,0.021671,
0.178395,0.037243,0.390114,0.001198,
0.223908,0.037403,0.505968,0.001913,
0.275489,0.037563,0.519418,0.001331,
0.322238,0.037528,0.419204,-0.001803,
0.342590,0.037434,0.019079,-0.000233,
0.327834,0.035723,0.012586,0.001164,
0.327779,0.035881,-0.011657,0.001863,
0.325551,0.036036,-0.031067,0.001312,
0.322462,0.036004,-0.030456,-0.001697,
0.315909,0.035913,-0.094625,-0.000209,
TIME: 2911 - SYSTEM: Plan 731
0.025942,0.000321,0.387192,0.031057,
0.074868,0.004380,0.571137,0.048296,
0.135465,0.009540,0.629889,0.053916,
0.190910,0.014670,0.485497,0.048607,
0.205497,0.018561,-0.142966,0.030328,
0.177262,0.017047,0.019709,0.025578,
0.179644,0.020418,0.027083,0.040259,
0.184450,0.024740,0.065376,0.045339,
0.191013,0.029217,0.065239,0.043912,
0.196097,0.032529,0.038180,0.023785,
0.163289,0.027419,0.033864,0.018807,
0.165358,0.029887,0.009339,0.029417,
0.165983,0.033063,0.003573,0.033468,
0.166380,0.036344,0.004279,0.032136,
0.164458,0.039006,-0.038935,0.021699,
0.178395,0.037227,0.390127,0.001197,
0.223909,0.037384,0.505987,0.001914,
0.275493,0.037543,0.519431,0.001334,
0.322240,0.037509,0.419198,-0.001798,
0.342589,0.037413,0.019027,-0.000228,
0.327833,0.035705,0.012590,0.001166,
0.327778,0.035857,-0.011652,0.001866,
0.325551,0.036017,-0.031061,0.001313,
0.322462,0.035980,-0.030451,-0.001698,
0.315909,0.035894,-0.094622,-0.000208,
TIME: 2915 - SYSTEM: Plan 732
0.025942,0.000321,0.387193,0.031058,
0.074868,0.004380,0.571138,0.048297,
0.135465,0.009540,0.629889,0.053915,
0.190910,0.014670,0.485496,0.048607,
0.205497,0.018561,-0.142967,0.030328,
0.177262,0.017049,0.019708,0.025573,
0.179644,0.020417,0.027083,0.040260,
0.184450,0.024741,0.065375,0.045341,
0.191013,0.029222,0.065238,0.043915,
0.196097,0.032536,0.038180,0.023839,
0.163289,0.027429,0.033866,0.018776,
0.165358,0.029891,0.009344,0.029370,
0.165983,0.033062,0.003575,0.033409,
0.166380,0.036344,0.004271,0.032067,
0.164456,0.039010,-0.038958,0.021647,
0.178394,0.037232,0.390114,0.001198,
0.223905,0.037394,0.505965,0.001914,
0.275487,0.037556,0.519419,0.001328,
0.322235,0.037517,0.419219,-0.001805,
0.342590,0.037424,0.019125,-0.000234,
0.327834,0.035715,0.012586,0.001164,
0.327779,0.035873,-0.011657,0.001862,
0.325551,0.036027,-0.031067,0.001309,
0.322462,0.035991,-0.030456,-0.001699,
0.315909,0.035904,-0.094625,-0.000210,
TIME: 2918 - SYSTEM: Plan 733
0.025942,0.000321,0.387192,0.031057,
0.074868,0.004379,0.571137,0.048297,
0.135465,0.009539,0.629888,0.053917,
0.190910,0.014669,0.485496,0.048609,
0.205497,0.018559,-0.142965,0.030329,
0.177262,0.017045,0.019708,0.025573,
0.179644,0.020415,0.027082,0.040260,
0.184450,0.024737,0.065375,0.045339,
0.191013,0.029219,0.065238,0.043915,
0.196097,0.032535,0.038179,0.023846,
0.163289,0.027424,0.033866,0.018777,
0.165358,0.029887,0.009347,0.029363,
0.165983,0.033070,0.003576,0.033405,
0.166380,0.036349,0.004270,0.032062,
0.164457,0.039019,-0.038958,0.021636,
0.178394,0.037241,0.390107,0.001196,
0.223906,0.037400,0.505955,0.001915,
0.275486,0.037565,0.519410,0.001333,
0.322234,0.037528,0.419219,-0.001802,
0.342591,0.037433,0.019144,-0.000233,
0.327835,0.035725,0.012585,0.001167,
0.327780,0.035884,-0.011659,0.001861,
0.325552,0.036042,-0.031069,0.001308,
0.322462,0.036006,-0.030458,-0.001701,
0.315908,0.035916,-0.094627,-0.000214,
TIME: 2922 - SYSTEM: Plan 734
0.025942,0.000321,0.387193,0.031059,
0.074868,0.004380,0.571138,0.048297,
0.135465,0.009540,0.629890,0.053917,
0.190910,0.014670,0.485498,0.048607,
0.205497,0.018561,-0.142966,0.030327,
0.177262,0.017046,0.019709,0.025575,
0.179644,0.020422,0.027084,0.040263,
0.184451,0.024745,0.065377,0.045338,
0.191014,0.029219,0.065240,0.043914,
0.196098,0.032537,0.038180,0.023810,
0.163290,0.027421,0.033860,0.018804,
0.165357,0.029895,0.009332,0.029395,
0.165982,0.033060,0.003572,0.033429,
0.166379,0.036358,0.004271,0.032092,
0.164455,0.039020,-0.038958,0.021661,
0.178392,0.037242,0.390119,0.001198,
0.223906,0.037402,0.505975,0.001911,
0.275488,0.037564,0.519428,0.001329,
0.322237,0.037524,0.419218,-0.001803,
0.342591,0.037431,0.019098,-0.000232,
0.327834,0.035723,0.012585,0.001164,
0.327780,0.035876,-0.011659,0.001865,
0.325551,0.036034,-0.031068,0.001313,
0.322462,0.036001,-0.030457,-0.001696,
0.315909,0.035910,-0.094626,-0.000208,
TIME: 2925 - SYSTEM: Plan 735
0.025942,0.000321,0.387192,0.031058,
0.074867,0.004380,0.571137,0.048295,
0.135465,0.009540,0.629888,0.053915,
0.190910,0.014671,0.485496,0.048607,
0.205496,0.018562,-0.142966,0.030327,
0.177262,0.017047,0.019707,0.025576,
0.179644,0.020421,0.027081,0.040260,
0.184450,0.024746,0.065374,0.045339,
0.191012,0.029223,0.065238,0.043915,
0.196096,0.032540,0.038179,0.023829,
0.163289,0.027433,0.033870,0.018783,
0.165358,0.029901,0.009353,0.029377,
0.165984,0.033075,0.003576,0.033416,
0.166381,0.036350,0.004277,0.032074,
0.164459,0.039014,-0.038941,0.021651,
0.178395,0.037233,0.390107,0.001198,
0.223907,0.037394,0.505957,0.001916,
0.275488,0.037554,0.519410,0.001333,
0.322236,0.037516,0.419210,-0.001797,
0.342590,0.037422,0.019116,-0.000228,
0.327834,0.035714,0.012587,0.001165,
0.327779,0.035868,-0.011656,0.001864,
0.325551,0.036026,-0.031066,0.001311,
0.322462,0.035993,-0.030455,-0.001696,
0.315909,0.035898,-0.094625,-0.000209,
TIME: 2929 - SYSTEM: Plan 736
0.025942,0.000321,0.387192,0.031057,
0.074867,0.004379,0.571137,0.048297,
0.135465,0.009539,0.629888,0.053916,
0.190910,0.014670,0.485496,0.048608,
0.205497,0.018559,-0.142966,0.030329,
0.177262,0.017044,0.019708,0.025574,
0.179644,0.020414,0.027082,0.040263,
0.184450,0.024737,0.065375,0.045339,
0.191013,0.029225,0.065239,0.043917,
0.196097,0.032541,0.038179,0.023853,
0.163289,0.027431,0.033866,0.018765,
0.165358,0.029887,0.009345,0.029353,
0.165983,0.033062,0.003576,0.033400,
0.166380,0.036343,0.004268,0.032057,
0.164456,0.039000,-0.038964,0.021639,
0.178392,0.037224,0.390108,0.001198,
0.223904,0.037382,0.505958,0.001912,
0.275486,0.037544,0.519411,0.001331,
0.322234,0.037509,0.419218,-0.001801,
0.342590,0.037413,0.019140,-0.000233,
0.327834,0.035707,0.012586,0.001167,
0.327780,0.035866,-0.011657,0.001861,
0.325552,0.036025,-0.031067,0.001308,
0.322462,0.035991,-0.030456,-0.001705,
0.315909,0.035900,-0.094625,-0.000218,
TIME: 2932 - SYSTEM: Plan 737
0.025942,0.000321,0.387192,0.031057,
0.074867,0.004380,0.571137,0.048298,
0.135465,0.009540,0.629888,0.053916,
0.190910,0.014671,0.485496,0.048607,
0.205496,0.018561,-0.142965,0.030328,
0.177262,0.017046,0.019708,0.025575,
0.179644,0.020418,0.027082,0.040261,
0.184450,0.024743,0.065375,0.045341,
0.191013,0.029217,0.065238,0.043916,
0.196096,0.032535,0.038179,0.023854,
0.163289,0.027426,0.033867,0.018773,
0.165358,0.029882,0.009348,0.029358,
0.165983,0.033058,0.003577,0.033390,
0.166380,0.036340,0.004270,0.032056,
0.164457,0.038996,-0.038961,0.021640,
0.178393,0.037219,0.390102,0.001197,
0.223904,0.037377,0.505949,0.001913,
0.275486,0.037538,0.519405,0.001333,
0.322233,0.037503,0.419212,-0.001798,
0.342590,0.037407,0.019141,-0.000229,
0.327834,0.035698,0.012586,0.001168,
0.327779,0.035854,-0.011657,0.001862,
0.325551,0.036014,-0.031066,0.001308,
0.322462,0.035980,-0.030456,-0.001699,
0.315909,0.035892,-0.094625,-0.000212,
TIME: 2936 - SYSTEM: Plan 738
0.025942,0.000322,0.387194,0.031057,
0.074867,0.004381,0.571139,0.048296,
0.135465,0.009540,0.629891,0.053915,
0.190910,0.014670,0.485498,0.048607,
0.205497,0.018561,-0.142966,0.030327,
0.177262,0.017049,0.019710,0.025573,
0.179645,0.020416,0.027085,0.040260,
0.184451,0.024741,0.065378,0.045341,
0.191014,0.029225,0.065240,0.043917,
0.196098,0.032540,0.038180,0.023863,
0.163290,0.027429,0.033855,0.018766,
0.165357,0.029904,0.009326,0.029346,
0.165981,0.033074,0.003573,0.033377,
0.166378,0.036364,0.004257,0.032031,
0.164451,0.039022,-0.038994,0.021610,
0.178388,0.037244,0.390107,0.001195,
0.223900,0.037401,0.505953,0.001913,
0.275482,0.037562,0.519414,0.001335,
0.322232,0.037530,0.419239,-0.001798,
0.342593,0.037434,0.019195,-0.000229,
0.327836,0.035725,0.012580,0.001166,
0.327781,0.035879,-0.011665,0.001865,
0.325552,0.036039,-0.031075,0.001313,
0.322462,0.036004,-0.030463,-0.001696,
0.315908,0.035913,-0.094630,-0.000211,
TIME: 2939 - SYSTEM: Plan 739
0.025942,0.000321,0.387192,0.031057,
0.074867,0.004380,0.571137,0.048296,
0.135465,0.009539,0.629888,0.053916,
0.190910,0.014671,0.485497,0.048609,
0.205497,0.018561,-0.142965,0.030328,
0.177262,0.017046,0.019708,0.025571,
0.179644,0.020420,0.027083,0.040259,
0.184450,0.024741,0.065375,0.045338,
0.191013,0.029222,0.065238,0.043915,
0.196097,0.032543,0.038179,0.023843,
0.163289,0.027427,0.033865,0.018768,
0.165358,0.029871,0.009343,0.029366,
0.165983,0.033053,0.003575,0.033419,
0.166380,0.036340,0.004269,0.032079,
0.164456,0.038986,-0.038961,0.021653,
0.178393,0.037209,0.390112,0.001198,
0.223906,0.037369,0.505964,0.001914,
0.275487,0.037533,0.519414,0.001333,
0.322235,0.037500,0.419212,-0.001801,
0.342590,0.037405,0.019114,-0.000234,
0.327834,0.035698,0.012586,0.001165,
0.327779,0.035855,-0.011657,0.001865,
0.325551,0.036014,-0.031066,0.001309,
0.322462,0.035980,-0.030456,-0.001700,
0.315909,0.035889,-0.094625,-0.000214,
TIME: 2943 - SYSTEM: Plan 740
0.025942,0.000321,0.387193,0.031057,
0.074867,0.004380,0.571138,0.048297,
0.135465,0.009541,0.629890,0.053916,
0.190910,0.014670,0.485497,0.048607,
0.205497,0.018561,-0.142966,0.030327,
0.177262,0.017044,0.019709,0.025574,
0.179644,0.020421,0.027083,0.040259,
0.184450,0.024742,0.065376,0.045339,
0.191013,0.029223,0.065239,0.043911,
0.196097,0.032538,0.038180,0.023767,
0.163289,0.027424,0.033864,0.018825,
0.165358,0.029886,0.009338,0.029443,
0.165982,0.033055,0.003572,0.033494,
0.166380,0.036351,0.004283,0.032167,
0.164459,0.039010,-0.038927,0.021722,
0.178396,0.037231,0.390127,0.001199,
0.223911,0.037393,0.505988,0.001918,
0.275495,0.037554,0.519429,0.001333,
0.322241,0.037515,0.419182,-0.001802,
0.342588,0.037425,0.018985,-0.000231,
0.327833,0.035716,0.012589,0.001165,
0.327779,0.035870,-0.011652,0.001862,
0.325551,0.036026,-0.031061,0.001312,
0.322462,0.035993,-0.030450,-0.001695,
0.315909,0.035903,-0.094622,-0.000205,
TIME: 2947 - SYSTEM: Plan 741
0.025942,0.000321,0.387192,0.031057,
0.074867,0.004380,0.571137,0.048295,
0.135465,0.009538,0.629889,0.053916,
0.190910,0.014669,0.485496,0.048609,
0.205497,0.018560,-0.142967,0.030329,
0.177262,0.017044,0.019708,0.025574,
0.179644,0.020415,0.027082,0.040262,
0.184450,0.024739,0.065375,0.045341,
0.191013,0.029217,0.065238,0.043917,
0.196096,0.032537,0.038179,0.023876,
0.163289,0.027420,0.033866,0.018757,
0.165358,0.029877,0.009347,0.029335,
0.165983,0.033046,0.003577,0.033371,
0.166380,0.036327,0.004264,0.032039,
0.164455,0.038993,-0.038974,0.021630,
0.178392,0.037215,0.390106,0.001198,
0.223903,0.037375,0.505955,0.001914,
0.275485,0.037537,0.519411,0.001332,
0.322233,0.037500,0.419223,-0.001801,
0.342590,0.037405,0.019162,-0.000232,
0.327834,0.035699,0.012587,0.001167,
0.327779,0.035857,-0.011655,0.001863,
0.325551,0.036015,-0.031065,0.001310,
0.322462,0.035981,-0.030454,-0.001698,
0.315909,0.035890,-0.094624,-0.000215,
TIME: 2950 - SYSTEM: Plan 742
0.025942,0.000321,0.387192,0.031059,
0.074867,0.004379,0.571137,0.048297,
0.135465,0.009538,0.629889,0.053915,
0.190910,0.014669,0.485497,0.048609,
0.205497,0.018558,-0.142965,0.030329,
0.177262,0.017045,0.019708,0.025574,
0.179644,0.020413,0.027082,0.040259,
0.184450,0.024735,0.065375,0.045340,
0.191013,0.029215,0.065238,0.043914,
0.196097,0.032528,0.038180,0.023803,
0.163289,0.027415,0.033865,0.018806,
0.165358,0.029880,0.009341,0.029409,
0.165983,0.033045,0.003573,0.033455,
0.166380,0.036335,0.004276,0.032119,
0.164458,0.038989,-0.038942,0.021687,
0.178395,0.037210,0.390118,0.001198,
0.223908,0.037370,0.505974,0.001914,
0.275491,0.037526,0.519421,0.001333,
0.322238,0.037495,0.419198,-0.001797,
0.342589,0.037399,0.019051,-0.000228,
0.327833,0.035692,0.012587,0.001164,
0.327779,0.035847,-0.011655,0.001864,
0.325551,0.036005,-0.031065,0.001309,
0.322462,0.035974,-0.030454,-0.001700,
0.315909,0.035886,-0.094624,-0.000213,
TIME: 2954 - SYSTEM: Plan 743
0.025942,0.000322,0.387192,0.031057,
0.074867,0.004380,0.571137,0.048297,
0.135465,0.009540,0.629889,0.053915,
0.190910,0.014671,0.485496,0.048607,
0.205497,0.018562,-0.142967,0.030327,
0.177262,0.017049,0.019708,0.025573,
0.179644,0.020416,0.027082,0.040262,
0.184450,0.024739,0.065375,0.045342,
0.191013,0.029222,0.065238,0.043917,
0.196097,0.032544,0.038179,0.023871,
0.163289,0.027434,0.033865,0.018752,
0.165358,0.029891,0.009345,0.029323,
0.165983,0.033060,0.003576,0.033368,
0.166380,0.036341,0.004264,0.032024,
0.164455,0.038983,-0.038973,0.021619,
0.178392,0.037204,0.390100,0.001196,
0.223902,0.037364,0.505946,0.001914,
0.275483,0.037525,0.519403,0.001334,
0.322232,0.037485,0.419224,-0.001796,
0.342590,0.037391,0.019182,-0.000226,
0.327834,0.035683,0.012585,0.001169,
0.327780,0.035841,-0.011659,0.001864,
0.325551,0.036000,-0.031069,0.001309,
0.322462,0.035961,-0.030458,-0.001700,
0.315909,0.035873,-0.094626,-0.000212,
TIME: 2958 - SYSTEM: Plan 744
0.025942,0.000320,0.387193,0.031057,
0.074868,0.004380,0.571138,0.048298,
0.135465,0.009539,0.629890,0.053917,
0.190910,0.014670,0.485498,0.048609,
0.205497,0.018561,-0.142965,0.030328,
0.177262,0.017046,0.019709,0.025571,
0.179644,0.020420,0.027084,0.040259,
0.184451,0.024741,0.065377,0.045338,
0.191014,0.029222,0.065240,0.043915,
0.196098,0.032543,0.038180,0.023843,
0.163289,0.027427,0.033859,0.018768,
0.165357,0.029883,0.009331,0.029368,
0.165982,0.033055,0.003573,0.033410,
0.166378,0.036342,0.004264,0.032070,
0.164453,0.039008,-0.038977,0.021648,
0.178391,0.037228,0.390116,0.001198,
0.223903,0.037388,0.505967,0.001915,
0.275486,0.037548,0.519421,0.001333,
0.322235,0.037510,0.419221,-0.001799,
0.342591,0.037416,0.019126,-0.000227,
0.327834,0.035710,0.012585,0.001165,
0.327780,0.035866,-0.011658,0.001863,
0.325551,0.036028,-0.031068,0.001308,
0.322462,0.035994,-0.030457,-0.001702,
0.315909,0.035905,-0.094626,-0.000216,
TIME: 2962 - SYSTEM: Plan 745
0.025942,0.000321,0.387193,0.031057,
0.074867,0.004380,0.571138,0.048297,
0.135465,0.009540,0.629890,0.053916,
0.190910,0.014671,0.485497,0.048607,
0.205497,0.018561,-0.142966,0.030327,
0.177262,0.017047,0.019709,0.025573,
0.179644,0.020423,0.027083,0.040260,
0.184450,0.024745,0.065376,0.045340,
0.191013,0.029226,0.065239,0.043915,
0.196097,0.032541,0.038179,0.023825,
0.163289,0.027428,0.033862,0.018784,
0.165358,0.029887,0.009337,0.029380,
0.165982,0.033056,0.003574,0.033428,
0.166379,0.036354,0.004270,0.032094,
0.164455,0.039018,-0.038960,0.021663,
0.178393,0.037240,0.390117,0.001198,
0.223906,0.037402,0.505971,0.001914,
0.275489,0.037563,0.519421,0.001330,
0.322237,0.037529,0.419211,-0.001804,
0.342590,0.037433,0.019097,-0.000234,
0.327834,0.035725,0.012585,0.001166,
0.327779,0.035878,-0.011659,0.001862,
0.325551,0.036034,-0.031068,0.001310,
0.322462,0.035998,-0.030457,-0.001696,
0.315909,0.035909,-0.094625,-0.000207,
TIME: 2965 - SYSTEM: Plan 746
0.025942,0.000321,0.387193,0.031057,
0.074868,0.004380,0.571139,0.048296,
0.135465,0.009540,0.629890,0.053915,
0.190910,0.014670,0.485498,0.048607,
0.205497,0.018562,-0.142967,0.030327,
0.177262,0.017047,0.019710,0.025573,
0.179644,0.020421,0.027085,0.040263,
0.184451,0.024746,0.065378,0.045339,
0.191014,0.029223,0.065240,0.043914,
0.196098,0.032541,0.038180,0.023816,
0.163290,0.027431,0.033859,0.018796,
0.165357,0.029893,0.009330,0.029385,
0.165982,0.033067,0.003572,0.033430,
0.166378,0.036349,0.004269,0.032094,
0.164454,0.039011,-0.038964,0.021670,
0.178391,0.037233,0.390122,0.001198,
0.223905,0.037389,0.505979,0.001914,
0.275488,0.037552,0.519429,0.001334,
0.322236,0.037517,0.419213,-0.001799,
0.342590,0.037421,0.019085,-0.000230,
0.327834,0.035714,0.012587,0.001165,
0.327779,0.035867,-0.011656,0.001864,
0.325551,0.036023,-0.031066,0.001310,
0.322462,0.035989,-0.030455,-0.001698,
0.315909,0.035898,-0.094624,-0.000209,
TIME: 2969 - SYSTEM: Plan 747
0.025942,0.000322,0.387193,0.031057,
0.074868,0.004380,0.571138,0.048298,
0.135465,0.009539,0.629890,0.053915,
0.190910,0.014669,0.485497,0.048608,
0.205497,0.018559,-0.142967,0.030329,
0.177262,0.017045,0.019710,0.025569,
0.179644,0.020419,0.027085,0.040260,
0.184451,0.024739,0.065377,0.045340,
0.191014,0.029219,0.065240,0.043915,
0.196098,0.032538,0.038180,0.023834,
0.163289,0.027425,0.033859,0.018784,
0.165357,0.029897,0.009332,0.029372,
0.165982,0.033066,0.003573,0.033409,
0.166379,0.036350,0.004267,0.032077,
0.164454,0.039011,-0.038970,0.021650,
0.178391,0.037230,0.390116,0.001198,
0.223905,0.037391,0.505969,0.001913,
0.275487,0.037551,0.519423,0.001333,
0.322235,0.037517,0.419220,-0.001800,
0.342590,0.037422,0.019121,-0.000231,
0.327834,0.035716,0.012585,0.001165,
0.327779,0.035872,-0.011658,0.001862,
0.325552,0.036027,-0.031068,0.001308,
0.322462,0.035994,-0.030457,-0.001699,
0.315909,0.035902,-0.094625,-0.000211,
TIME: 2972 - SYSTEM: Plan 748
0.025942,0.000321,0.387192,0.031056,
0.074867,0.004380,0.571138,0.048298,
0.135465,0.009540,0.629889,0.053916,
0.190910,0.014671,0.485497,0.048608,
0.205497,0.018561,-0.142966,0.030328,
0.177262,0.017050,0.019708,0.025572,
0.179644,0.020416,0.027083,0.040260,
0.184450,0.024741,0.065375,0.045341,
0.191013,0.029225,0.065238,0.043917,
0.196097,0.032540,0.038179,0.023869,
0.163289,0.027423,0.033865,0.018759,
0.165358,0.029889,0.009345,0.029342,
0.165983,0.033063,0.003576,0.033372,
0.166380,0.036344,0.004264,0.032034,
0.164455,0.038997,-0.038973,0.021619,
0.178391,0.037219,0.390103,0.001197,
0.223903,0.037381,0.505949,0.001914,
0.275484,0.037540,0.519408,0.001334,
0.322232,0.037505,0.419227,-0.001798,
0.342591,0.037411,0.019179,-0.000229,
0.327835,0.035705,0.012584,0.001168,
0.327780,0.035857,-0.011660,0.001863,
0.325551,0.036016,-0.031070,0.001314,
0.322462,0.035981,-0.030458,-0.001694,
0.315908,0.035893,-0.094626,-0.000210,
TIME: 2976 - SYSTEM: Plan 749
0.025942,0.000322,0.387192,0.031057,
0.074867,0.004381,0.571137,0.048297,
0.135465,0.009541,0.629889,0.053915,
0.190910,0.014671,0.485497,0.048607,
0.205497,0.018561,-0.142965,0.030327,
0.177262,0.017046,0.019708,0.025575,
0.179644,0.020418,0.027082,0.040261,
0.184450,0.024743,0.065375,0.045341,
0.191013,0.029217,0.065238,0.043916,
0.196097,0.032536,0.038179,0.023854,
0.163289,0.027426,0.033866,0.018773,
0.165358,0.029882,0.009346,0.029358,
0.165983,0.033058,0.003577,0.033390,
0.166380,0.036340,0.004269,0.032056,
0.164456,0.038996,-0.038963,0.021640,
0.178393,0.037218,0.390105,0.001197,
0.223905,0.037379,0.505955,0.001914,
0.275486,0.037540,0.519410,0.001330,
0.322234,0.037500,0.419217,-0.001800,
0.342590,0.037408,0.019141,-0.000231,
0.327834,0.035699,0.012587,0.001168,
0.327779,0.035855,-0.011656,0.001864,
0.325551,0.036013,-0.031066,0.001311,
0.322462,0.035979,-0.030455,-0.001696,
0.315909,0.035889,-0.094625,-0.000211,
TIME: 2980 - SYSTEM: Plan 750
0.025942,0.000321,0.387192,0.031058,
0.074867,0.004380,0.571136,0.048297,
0.135465,0.009540,0.629888,0.053917,
0.190910,0.014670,0.485496,0.048607,
0.205497,0.018561,-0.142965,0.030328,
0.177262,0.017046,0.019708,0.025573,
0.179644,0.020418,0.027083,0.040259,
0.184450,0.024743,0.065375,0.045342,
0.191013,0.029222,0.065239,0.043913,
0.196097,0.032535,0.038179,0.023814,
0.163289,0.027419,0.033866,0.018794,
0.165358,0.029884,0.009345,0.029400,
0.165983,0.033058,0.003575,0.033443,
0.166380,0.036351,0.004276,0.032108,
0.164458,0.039016,-0.038944,0.021670,
0.178395,0.037237,0.390116,0.001199,
0.223908,0.037399,0.505970,0.001912,
0.275490,0.037559,0.519419,0.001329,
0.322237,0.037525,0.419205,-0.001803,
0.342590,0.037428,0.019079,-0.000234,
0.327834,0.035719,0.012586,0.001164,
0.327779,0.035878,-0.011657,0.001864,
0.325551,0.036033,-0.031066,0.001310,
0.322462,0.035998,-0.030455,-0.001698,
0.315909,0.035906,-0.094625,-0.000210,
TIME: 2984 - SYSTEM: Plan 751
0.025942,0.000321,0.387192,0.031057,
0.074867,0.004380,0.571137,0.048297,
0.135465,0.009540,0.629888,0.053916,
0.190910,0.014671,0.485496,0.048607,
0.205496,0.018561,-0.142966,0.030328,
0.177262,0.017046,0.019707,0.025573,
0.179644,0.020418,0.027081,0.040262,
0.184449,0.024744,0.065374,0.045341,
0.191012,0.029224,0.065238,0.043913,
0.196096,0.032535,0.038179,0.023800,
0.163289,0.027421,0.033872,0.018807,
0.165358,0.029889,0.009355,0.029410,
0.165984,0.033048,0.003576,0.033448,
0.166382,0.036326,0.004284,0.032119,
0.164461,0.039001,-0.038924,0.021695,
0.178397,0.037223,0.390113,0.001198,
0.223910,0.037385,0.505968,0.001913,
0.275492,0.037546,0.519415,0.001331,
0.322239,0.037507,0.419187,-0.001801,
0.342588,0.037417,0.019038,-0.000232,
0.327832,0.035707,0.012590,0.001165,
0.327778,0.035859,-0.011651,0.001865,
0.325551,0.036018,-0.031061,0.001311,
0.322462,0.035986,-0.030450,-0.001696,
0.315909,0.035896,-0.094621,-0.000207,
TIME: 2988 - SYSTEM: Plan 752
0.025942,0.000321,0.387194,0.031057,
0.074868,0.004380,0.571139,0.048295,
0.135466,0.009540,0.629891,0.053916,
0.190911,0.014670,0.485498,0.048608,
0.205497,0.018561,-0.142967,0.030328,
0.177262,0.017047,0.019710,0.025573,
0.179644,0.020421,0.027085,0.040261,
0.184451,0.024743,0.065378,0.045340,
0.191014,0.029220,0.065240,0.043914,
0.196098,0.032533,0.038180,0.023815,
0.163290,0.027420,0.033858,0.018791,
0.165357,0.029901,0.009329,0.029394,
0.165982,0.033063,0.003572,0.033433,
0.166378,0.036365,0.004268,0.032093,
0.164454,0.039028,-0.038964,0.021657,
0.178391,0.037247,0.390120,0.001199,
0.223905,0.037411,0.505974,0.001913,
0.275489,0.037573,0.519427,0.001329,
0.322237,0.037537,0.419220,-0.001805,
0.342591,0.037443,0.019104,-0.000236,
0.327835,0.035734,0.012583,0.001167,
0.327780,0.035884,-0.011661,0.001864,
0.325552,0.036039,-0.031071,0.001313,
0.322462,0.036006,-0.030459,-0.001692,
0.315908,0.035916,-0.094627,-0.000204,
TIME: 2992 - SYSTEM: Plan 753
0.025942,0.000321,0.387192,0.031057,
0.074868,0.004380,0.571138,0.048297,
0.135465,0.009540,0.629889,0.053915,
0.190910,0.014670,0.485497,0.048607,
0.205497,0.018561,-0.142966,0.030328,
0.177262,0.017047,0.019709,0.025578,
0.179644,0.020418,0.027083,0.040259,
0.184450,0.024740,0.065376,0.045339,
0.191013,0.029217,0.065239,0.043912,
0.196097,0.032529,0.038180,0.023785,
0.163289,0.027419,0.033863,0.018811,
0.165358,0.029888,0.009337,0.029421,
0.165982,0.033058,0.003572,0.033477,
0.166380,0.036347,0.004278,0.032135,
0.164457,0.039010,-0.038938,0.021697,
0.178395,0.037234,0.390127,0.001198,
0.223909,0.037392,0.505986,0.001914,
0.275492,0.037552,0.519430,0.001332,
0.322241,0.037514,0.419199,-0.001800,
0.342589,0.037422,0.019030,-0.000230,
0.327833,0.035716,0.012587,0.001166,
0.327779,0.035871,-0.011656,0.001864,
0.325551,0.036031,-0.031065,0.001308,
0.322462,0.035996,-0.030454,-0.001701,
0.315909,0.035904,-0.094623,-0.000212,
TIME: 2995 - SYSTEM: Plan 754
0.025942,0.000321,0.387193,0.031057,
0.074868,0.004381,0.571138,0.048297,
0.135465,0.009541,0.629890,0.053915,
0.190910,0.014671,0.485496,0.048606,
0.205497,0.018561,-0.142967,0.030327,
0.177262,0.017045,0.019709,0.025576,
0.179644,0.020422,0.027084,0.040259,
0.184450,0.024745,0.065376,0.045340,
0.191013,0.029222,0.065239,0.043914,
0.196097,0.032538,0.038180,0.023813,
0.163289,0.027421,0.033862,0.018795,
0.165358,0.029899,0.009337,0.029388,
0.165982,0.033070,0.003574,0.033436,
0.166379,0.036354,0.004273,0.032087,
0.164456,0.039016,-0.038953,0.021661,
0.178393,0.037237,0.390115,0.001197,
0.223907,0.037394,0.505969,0.001913,
0.275489,0.037557,0.519420,0.001329,
0.322237,0.037518,0.419213,-0.001803,
0.342590,0.037423,0.019099,-0.000230,
0.327834,0.035713,0.012585,0.001165,
0.327780,0.035870,-0.011658,0.001861,
0.325551,0.036026,-0.031068,0.001312,
0.322462,0.035992,-0.030457,-0.001695,
0.315908,0.035900,-0.094626,-0.000208,
TIME: 2999 - SYSTEM: Plan 755
0.025942,0.000321,0.387191,0.031056,
0.074867,0.004379,0.571136,0.048298,
0.135465,0.009540,0.629887,0.053917,
0.190910,0.014671,0.485495,0.048607,
0.205496,0.018561,-0.142966,0.030328,
0.177261,0.017046,0.019706,0.025575,
0.179643,0.020418,0.027079,0.040262,
0.184449,0.024742,0.065372,0.045341,
0.191012,0.029217,0.065236,0.043916,
0.196095,0.032535,0.038179,0.023842,
0.163288,0.027425,0.033876,0.018778,
0.165359,0.029885,0.009365,0.029368,
0.165985,0.033055,0.003578,0.033403,
0.166383,0.036334,0.004279,0.032069,
0.164461,0.038992,-0.038933,0.021650,
0.178396,0.037217,0.390102,0.001198,
0.223907,0.037372,0.505951,0.001912,
0.275488,0.037534,0.519405,0.001332,
0.322235,0.037498,0.419204,-0.001798,
0.342589,0.037404,0.019119,-0.000228,
0.327833,0.035698,0.012588,0.001165,
0.327779,0.035853,-0.011655,0.001862,
0.325551,0.036011,-0.031065,0.001309,
0.322462,0.035977,-0.030454,-0.001700,
0.315909,0.035887,-0.094623,-0.000213,
TIME: 3003 - SYSTEM: Plan 756
0.025942,0.000321,0.387193,0.031057,
0.074868,0.004380,0.571139,0.048298,
0.135465,0.009540,0.629890,0.053917,
0.190910,0.014670,0.485498,0.048607,
0.205497,0.018561,-0.142966,0.030328,
0.177262,0.017043,0.019710,0.025572,
0.179644,0.020421,0.027085,0.040260,
0.184451,0.024742,0.065378,0.045338,
0.191014,0.029223,0.065240,0.043915,
0.196098,0.032541,0.038180,0.023834,
0.163290,0.027430,0.033856,0.018779,
0.165357,0.029895,0.009326,0.029368,
0.165981,0.033069,0.003572,0.033406,
0.166378,0.036347,0.004264,0.032070,
0.164453,0.039002,-0.038978,0.021651,
0.178390,0.037223,0.390116,0.001198,
0.223902,0.037382,0.505970,0.001915,
0.275485,0.037545,0.519424,0.001334,
0.322235,0.037507,0.419221,-0.001800,
0.342590,0.037412,0.019123,-0.000230,
0.327834,0.035704,0.012585,0.001165,
0.327779,0.035862,-0.011658,0.001864,
0.325551,0.036020,-0.031068,0.001309,
0.322462,0.035985,-0.030457,-0.001700,
0.315909,0.035894,-0.094625,-0.000212,
TIME: 3006 - SYSTEM: Plan 757
0.025942,0.000321,0.387192,0.031058,
0.074867,0.004380,0.571137,0.048298,
0.135465,0.009540,0.629889,0.053915,
0.190910,0.014670,0.485497,0.048607,
0.205497,0.018561,-0.142966,0.030328,
0.177262,0.017049,0.019709,0.025573,
0.179644,0.020417,0.027083,0.040259,
0.184450,0.024740,0.065376,0.045341,
0.191013,0.029225,0.065239,0.043916,
0.196097,0.032539,0.038180,0.023862,
0.163289,0.027429,0.033862,0.018766,
0.165358,0.029894,0.009339,0.029339,
0.165982,0.033063,0.003575,0.033371,
0.166379,0.036337,0.004263,0.032033,
0.164454,0.038991,-0.038978,0.021621,
0.178391,0.037213,0.390107,0.001197,
0.223902,0.037372,0.505956,0.001914,
0.275483,0.037533,0.519415,0.001334,
0.322232,0.037494,0.419230,-0.001799,
0.342591,0.037400,0.019176,-0.000228,
0.327835,0.035694,0.012584,0.001168,
0.327779,0.035845,-0.011660,0.001864,
0.325551,0.036004,-0.031070,0.001312,
0.322462,0.035971,-0.030459,-0.001696,
0.315908,0.035882,-0.094626,-0.000212,
TIME: 3010 - SYSTEM: Plan 758
0.025942,0.000321,0.387194,0.031058,
0.074868,0.004381,0.571139,0.048297,
0.135465,0.009540,0.629891,0.053916,
0.190910,0.014670,0.485498,0.048607,
0.205497,0.018561,-0.142965,0.030328,
0.177262,0.017046,0.019710,0.025575,
0.179644,0.020417,0.027085,0.040261,
0.184451,0.024743,0.065378,0.045341,
0.191014,0.029217,0.065240,0.043916,
0.196098,0.032536,0.038180,0.023854,
0.163290,0.027429,0.033856,0.018776,
0.165357,0.029894,0.009327,0.029360,
0.165981,0.033065,0.003573,0.033389,
0.166378,0.036342,0.004260,0.032052,
0.164452,0.038992,-0.038989,0.021637,
0.178389,0.037214,0.390118,0.001198,
0.223902,0.037372,0.505971,0.001912,
0.275485,0.037532,0.519429,0.001334,
0.322234,0.037498,0.419233,-0.001797,
0.342591,0.037406,0.019148,-0.000228,
0.327835,0.035698,0.012585,0.001166,
0.327780,0.035852,-0.011658,0.001861,
0.325552,0.036009,-0.031068,0.001309,
0.322462,0.035976,-0.030457,-0.001697,
0.315908,0.035888,-0.094626,-0.000211,
TIME: 3013 - SYSTEM: Plan 759
0.025942,0.000321,0.387191,0.031058,
0.074867,0.004379,0.571135,0.048297,
0.135465,0.009539,0.629887,0.053917,
0.190910,0.014669,0.485495,0.048609,
0.205496,0.018560,-0.142965,0.030329,
0.177262,0.017045,0.019707,0.025571,
0.179643,0.020420,0.027081,0.040265,
0.184449,0.024745,0.065373,0.045339,
0.191012,0.029230,0.065237,0.043913,
0.196096,0.032544,0.038179,0.023794,
0.163289,0.027433,0.033874,0.018800,
0.165359,0.029902,0.009358,0.029408,
0.165984,0.033095,0.003576,0.033454,
0.166383,0.036389,0.004286,0.032100,
0.164462,0.039037,-0.038916,0.021660,
0.178399,0.037256,0.390109,0.001198,
0.223911,0.037417,0.505959,0.001915,
0.275492,0.037576,0.519409,0.001332,
0.322239,0.037539,0.419205,-0.001801,
0.342591,0.037443,0.019092,-0.000230,
0.327835,0.035734,0.012585,0.001166,
0.327780,0.035887,-0.011659,0.001865,
0.325551,0.036047,-0.031069,0.001312,
0.322462,0.036015,-0.030458,-0.001697,
0.315908,0.035924,-0.094626,-0.000209,
TIME: 3017 - SYSTEM: Plan 760
0.025942,0.000321,0.387191,0.031058,
0.074867,0.004381,0.571136,0.048296,
0.135465,0.009541,0.629888,0.053915,
0.190910,0.014672,0.485496,0.048606,
0.205496,0.018561,-0.142965,0.030327,
0.177262,0.017044,0.019707,0.025573,
0.179644,0.020421,0.027081,0.040259,
0.184449,0.024742,0.065373,0.045339,
0.191012,0.029224,0.065237,0.043915,
0.196096,0.032540,0.038179,0.023828,
0.163289,0.027430,0.033871,0.018786,
0.165358,0.029883,0.009354,0.029367,
0.165984,0.033066,0.003576,0.033417,
0.166382,0.036365,0.004277,0.032078,
0.164459,0.039027,-0.038939,0.021650,
0.178396,0.037249,0.390106,0.001196,
0.223908,0.037410,0.505956,0.001914,
0.275489,0.037570,0.519408,0.001330,
0.322235,0.037531,0.419209,-0.001804,
0.342590,0.037436,0.019118,-0.000232,
0.327834,0.035724,0.012586,0.001167,
0.327779,0.035885,-0.011657,0.001866,
0.325551,0.036045,-0.031067,0.001312,
0.322462,0.036008,-0.030456,-0.001697,
0.315909,0.035918,-0.094624,-0.000211,
TIME: 3021 - SYSTEM: Plan 761
0.025942,0.000320,0.387192,0.031058,
0.074867,0.004379,0.571137,0.048298,
0.135465,0.009541,0.629888,0.053917,
0.190910,0.014672,0.485496,0.048607,
0.205497,0.018562,-0.142966,0.030327,
0.177262,0.017048,0.019708,0.025575,
0.179644,0.020420,0.027083,0.040258,
0.184450,0.024744,0.065376,0.045339,
0.191013,0.029223,0.065239,0.043913,
0.196097,0.032540,0.038180,0.023809,
0.163289,0.027423,0.033865,0.018802,
0.165358,0.029891,0.009341,0.029398,
0.165983,0.033077,0.003574,0.033447,
0.166380,0.036362,0.004275,0.032101,
0.164457,0.039027,-0.038945,0.021665,
0.178394,0.037249,0.390117,0.001199,
0.223907,0.037408,0.505971,0.001913,
0.275489,0.037571,0.519420,0.001330,
0.322237,0.037532,0.419210,-0.001802,
0.342591,0.037438,0.019088,-0.000233,
0.327834,0.035729,0.012583,0.001165,
0.327780,0.035887,-0.011661,0.001860,
0.325551,0.036041,-0.031071,0.001308,
0.322462,0.036007,-0.030459,-0.001699,
0.315908,0.035919,-0.094625,-0.000209,
TIME: 3025 - SYSTEM: Plan 762
0.025942,0.000321,0.387192,0.031057,
0.074868,0.004380,0.571138,0.048296,
0.135465,0.009541,0.629889,0.053915,
0.190910,0.014671,0.485497,0.048606,
0.205497,0.018562,-0.142966,0.030327,
0.177262,0.017048,0.019709,0.025572,
0.179644,0.020420,0.027083,0.040261,
0.184450,0.024745,0.065375,0.045338,
0.191013,0.029224,0.065239,0.043915,
0.196097,0.032542,0.038180,0.023837,
0.163289,0.027435,0.033862,0.018776,
0.165357,0.029894,0.009337,0.029367,
0.165982,0.033068,0.003574,0.033404,
0.166379,0.036352,0.004267,0.032068,
0.164455,0.039019,-0.038967,0.021644,
0.178393,0.037240,0.390114,0.001198,
0.223904,0.037401,0.505965,0.001916,
0.275487,0.037562,0.519420,0.001333,
0.322234,0.037524,0.419222,-0.001802,
0.342590,0.037431,0.019132,-0.000231,
0.327834,0.035722,0.012586,0.001166,
0.327780,0.035877,-0.011658,0.001863,
0.325551,0.036032,-0.031067,0.001311,
0.322462,0.035998,-0.030456,-0.001697,
0.315909,0.035907,-0.094626,-0.000208,
TIME: 3028 - SYSTEM: Plan 763
0.025942,0.000321,0.387192,0.031058,
0.074867,0.004381,0.571137,0.048298,
0.135465,0.009540,0.629889,0.053916,
0.190910,0.014670,0.485497,0.048608,
0.205497,0.018561,-0.142965,0.030328,
0.177262,0.017047,0.019708,0.025572,
0.179644,0.020423,0.027083,0.040262,
0.184450,0.024746,0.065375,0.045339,
0.191013,0.029220,0.065238,0.043912,
0.196097,0.032537,0.038179,0.023788,
0.163289,0.027430,0.033867,0.018808,
0.165358,0.029898,0.009345,0.029413,
0.165983,0.033086,0.003574,0.033457,
0.166381,0.036367,0.004282,0.032116,
0.164459,0.039028,-0.038931,0.021676,
0.178395,0.037247,0.390114,0.001198,
0.223908,0.037408,0.505968,0.001913,
0.275491,0.037568,0.519417,0.001331,
0.322239,0.037528,0.419200,-0.001802,
0.342590,0.037433,0.019066,-0.000229,
0.327834,0.035724,0.012585,0.001166,
0.327779,0.035876,-0.011658,0.001864,
0.325551,0.036032,-0.031068,0.001312,
0.322462,0.035996,-0.030457,-0.001694,
0.315909,0.035908,-0.094625,-0.000204,
TIME: 3032 - SYSTEM: Plan 764
0.025942,0.000321,0.387192,0.031058,
0.074867,0.004380,0.571136,0.048296,
0.135465,0.009540,0.629888,0.053914,
0.190910,0.014670,0.485496,0.048606,
0.205496,0.018561,-0.142966,0.030327,
0.177262,0.017045,0.019706,0.025575,
0.179643,0.020420,0.027080,0.040261,
0.184449,0.024744,0.065372,0.045338,
0.191012,0.029223,0.065237,0.043916,
0.196096,0.032540,0.038179,0.023842,
0.163289,0.027427,0.033874,0.018779,
0.165359,0.029898,0.009360,0.029371,
0.165985,0.033069,0.003578,0.033406,
0.166382,0.036362,0.004278,0.032064,
0.164460,0.039027,-0.038939,0.021631,
0.178396,0.037250,0.390101,0.001197,
0.223907,0.037409,0.505947,0.001914,
0.275487,0.037568,0.519403,0.001331,
0.322235,0.037531,0.419215,-0.001799,
0.342591,0.037436,0.019147,-0.000229,
0.327835,0.035728,0.012582,0.001166,
0.327780,0.035884,-0.011663,0.001863,
0.325551,0.036038,-0.031073,0.001310,
0.322462,0.036005,-0.030461,-0.001697,
0.315908,0.035916,-0.094627,-0.000210,
TIME: 3035 - SYSTEM: Plan 765
0.025942,0.000321,0.387192,0.031059,
0.074867,0.004380,0.571137,0.048298,
0.135465,0.009540,0.629889,0.053916,
0.190910,0.014670,0.485497,0.048607,
0.205497,0.018561,-0.142965,0.030328,
0.177262,0.017049,0.019708,0.025573,
0.179644,0.020421,0.027082,0.040259,
0.184450,0.024742,0.065375,0.045338,
0.191013,0.029219,0.065238,0.043913,
0.196097,0.032538,0.038179,0.023806,
0.163289,0.027425,0.033867,0.018797,
0.165358,0.029899,0.009345,0.029395,
0.165983,0.033058,0.003575,0.033438,
0.166381,0.036350,0.004278,0.032103,
0.164458,0.039022,-0.038939,0.021678,
0.178395,0.037244,0.390117,0.001196,
0.223908,0.037403,0.505972,0.001914,
0.275491,0.037564,0.519421,0.001333,
0.322237,0.037527,0.419203,-0.001800,
0.342589,0.037432,0.019068,-0.000231,
0.327833,0.035723,0.012587,0.001165,
0.327779,0.035878,-0.011655,0.001864,
0.325551,0.036034,-0.031065,0.001312,
0.322462,0.036003,-0.030453,-0.001697,
0.315909,0.035911,-0.094623,-0.000209,
TIME: 3039 - SYSTEM: Plan 766
0.025942,0.000321,0.387193,0.031057,
0.074868,0.004380,0.571138,0.048296,
0.135465,0.009539,0.629890,0.053915,
0.190910,0.014669,0.485497,0.048607,
0.205497,0.018561,-0.142967,0.030328,
0.177262,0.017047,0.019710,0.025572,
0.179644,0.020423,0.027085,0.040262,
0.184451,0.024746,0.065378,0.045339,
0.191014,0.029220,0.065241,0.043912,
0.196098,0.032537,0.038180,0.023788,
0.163290,0.027427,0.033860,0.018807,
0.165357,0.029886,0.009331,0.029413,
0.165982,0.033067,0.003572,0.033456,
0.166379,0.036351,0.004275,0.032125,
0.164456,0.039010,-0.038949,0.021689,
0.178393,0.037231,0.390128,0.001198,
0.223907,0.037393,0.505987,0.001913,
0.275491,0.037556,0.519434,0.001332,
0.322239,0.037519,0.419206,-0.001802,
0.342589,0.037429,0.019048,-0.000234,
0.327833,0.035719,0.012587,0.001165,
0.327779,0.035871,-0.011656,0.001864,
0.325551,0.036032,-0.031065,0.001312,
0.322462,0.035999,-0.030454,-0.001697,
0.315909,0.035909,-0.094624,-0.000209,
TIME: 3043 - SYSTEM: Plan 767
0.025942,0.000321,0.387191,0.031057,
0.074867,0.004380,0.571136,0.048296,
0.135465,0.009540,0.629887,0.053915,
0.190910,0.014670,0.485495,0.048607,
0.205496,0.018561,-0.142967,0.030327,
0.177262,0.017045,0.019707,0.025576,
0.179643,0.020421,0.027081,0.040260,
0.184449,0.024746,0.065374,0.045340,
0.191012,0.029222,0.065238,0.043914,
0.196096,0.032537,0.038179,0.023809,
0.163289,0.027427,0.033872,0.018800,
0.165359,0.029898,0.009355,0.029389,
0.165984,0.033068,0.003576,0.033429,
0.166382,0.036347,0.004282,0.032095,
0.164460,0.039024,-0.038928,0.021669,
0.178397,0.037245,0.390107,0.001199,
0.223908,0.037405,0.505959,0.001913,
0.275490,0.037565,0.519409,0.001331,
0.322236,0.037527,0.419198,-0.001803,
0.342589,0.037435,0.019083,-0.000231,
0.327833,0.035725,0.012588,0.001164,
0.327779,0.035880,-0.011655,0.001863,
0.325551,0.036034,-0.031064,0.001312,
0.322462,0.036003,-0.030453,-0.001694,
0.315909,0.035910,-0.094623,-0.000206,
TIME: 3047 - SYSTEM: Plan 768
0.025942,0.000321,0.387191,0.031057,
0.074867,0.004381,0.571135,0.048297,
0.135465,0.009541,0.629887,0.053915,
0.190910,0.014671,0.485495,0.048605,
0.205496,0.018562,-0.142966,0.030326,
0.177262,0.017048,0.019707,0.025575,
0.179644,0.020420,0.027081,0.040258,
0.184450,0.024744,0.065374,0.045339,
0.191012,0.029223,0.065237,0.043913,
0.196096,0.032540,0.038179,0.023808,
0.163289,0.027426,0.033872,0.018789,
0.165358,0.029891,0.009355,0.029389,
0.165984,0.033068,0.003576,0.033439,
0.166382,0.036352,0.004282,0.032101,
0.164460,0.039014,-0.038928,0.021666,
0.178397,0.037237,0.390109,0.001198,
0.223909,0.037398,0.505961,0.001912,
0.275492,0.037559,0.519411,0.001332,
0.322238,0.037519,0.419201,-0.001801,
0.342590,0.037426,0.019085,-0.000232,
0.327834,0.035718,0.012587,0.001165,
0.327779,0.035873,-0.011656,0.001865,
0.325551,0.036032,-0.031065,0.001313,
0.322462,0.036000,-0.030454,-0.001698,
0.315909,0.035911,-0.094624,-0.000211,
TIME: 3051 - SYSTEM: Plan 769
0.025942,0.000321,0.387192,0.031057,
0.074867,0.004380,0.571137,0.048297,
0.135465,0.009540,0.629889,0.053915,
0.190910,0.014670,0.485496,0.048606,
0.205497,0.018562,-0.142966,0.030327,
0.177262,0.017048,0.019708,0.025569,
0.179644,0.020419,0.027083,0.040258,
0.184450,0.024747,0.065375,0.045337,
0.191013,0.029228,0.065238,0.043914,
0.196097,0.032544,0.038179,0.023818,
0.163289,0.027430,0.033865,0.018793,
0.165358,0.029902,0.009343,0.029384,
0.165983,0.033073,0.003574,0.033418,
0.166380,0.036350,0.004274,0.032077,
0.164457,0.039011,-0.038948,0.021660,
0.178394,0.037232,0.390110,0.001199,
0.223906,0.037390,0.505962,0.001915,
0.275488,0.037557,0.519415,0.001333,
0.322236,0.037517,0.419209,-0.001802,
0.342590,0.037422,0.019103,-0.000232,
0.327834,0.035714,0.012587,0.001166,
0.327779,0.035871,-0.011656,0.001865,
0.325551,0.036028,-0.031066,0.001308,
0.322462,0.035996,-0.030455,-0.001699,
0.315909,0.035904,-0.094625,-0.000212,
TIME: 3054 - SYSTEM: Plan 770
0.025942,0.000321,0.387192,0.031057,
0.074867,0.004380,0.571137,0.048296,
0.135465,0.009541,0.629889,0.053916,
0.190910,0.014671,0.485496,0.048607,
0.205497,0.018561,-0.142966,0.030327,
0.177262,0.017046,0.019708,0.025577,
0.179644,0.020421,0.027082,0.040255,
0.184450,0.024745,0.065375,0.045336,
0.191013,0.029224,0.065238,0.043913,
0.196096,0.032540,0.038179,0.023796,
0.163289,0.027430,0.033868,0.018803,
0.165358,0.029895,0.009347,0.029407,
0.165983,0.033077,0.003574,0.033453,
0.166381,0.036358,0.004281,0.032107,
0.164459,0.039010,-0.038931,0.021673,
0.178396,0.037232,0.390112,0.001199,
0.223908,0.037396,0.505964,0.001915,
0.275491,0.037553,0.519413,0.001331,
0.322239,0.037516,0.419200,-0.001801,
0.342590,0.037423,0.019072,-0.000232,
0.327834,0.035714,0.012586,0.001166,
0.327779,0.035867,-0.011657,0.001865,
0.325551,0.036025,-0.031067,0.001313,
0.322462,0.035993,-0.030456,-0.001693,
0.315909,0.035905,-0.094625,-0.000207,
TIME: 3058 - SYSTEM: Plan 771
0.025942,0.000321,0.387191,0.031057,
0.074867,0.004379,0.571136,0.048298,
0.135465,0.009539,0.629888,0.053917,
0.190910,0.014670,0.485496,0.048608,
0.205496,0.018561,-0.142966,0.030328,
0.177262,0.017047,0.019707,0.025573,
0.179644,0.020421,0.027081,0.040261,
0.184450,0.024743,0.065373,0.045340,
0.191012,0.029220,0.065237,0.043914,
0.196096,0.032533,0.038179,0.023815,
0.163289,0.027427,0.033870,0.018794,
0.165358,0.029897,0.009353,0.029391,
0.165984,0.033068,0.003576,0.033434,
0.166382,0.036358,0.004279,0.032091,
0.164460,0.039017,-0.038934,0.021661,
0.178396,0.037240,0.390111,0.001198,
0.223908,0.037401,0.505963,0.001914,
0.275489,0.037558,0.519413,0.001332,
0.322236,0.037521,0.419206,-0.001802,
0.342590,0.037427,0.019095,-0.000231,
0.327834,0.035717,0.012586,0.001165,
0.327779,0.035873,-0.011657,0.001865,
0.325551,0.036032,-0.031066,0.001312,
0.322462,0.035997,-0.030455,-0.001698,
0.315909,0.035907,-0.094625,-0.000210,
TIME: 3061 - SYSTEM: Plan 772
0.025942,0.000322,0.387191,0.031057,
0.074867,0.004381,0.571136,0.048296,
0.135465,0.009541,0.629887,0.053915,
0.190910,0.014671,0.485495,0.048607,
0.205496,0.018561,-0.142966,0.030328,
0.177261,0.017049,0.019706,0.025573,
0.179643,0.020421,0.027080,0.040259,
0.184449,0.024742,0.065372,0.045338,
0.191012,0.029219,0.065236,0.043913,
0.196095,0.032538,0.038179,0.023806,
0.163289,0.027431,0.033876,0.018799,
0.165359,0.029898,0.009363,0.029399,
0.165985,0.033059,0.003577,0.033435,
0.166383,0.036352,0.004286,0.032100,
0.164462,0.039020,-0.038915,0.021671,
0.178399,0.037242,0.390108,0.001198,
0.223910,0.037401,0.505959,0.001914,
0.275491,0.037560,0.519409,0.001331,
0.322238,0.037520,0.419196,-0.001800,
0.342589,0.037422,0.019077,-0.000228,
0.327833,0.035713,0.012589,0.001164,
0.327779,0.035868,-0.011654,0.001864,
0.325551,0.036025,-0.031063,0.001312,
0.322462,0.035993,-0.030452,-0.001695,
0.315909,0.035900,-0.094623,-0.000206,
TIME: 3065 - SYSTEM: Plan 773
0.025942,0.000321,0.387191,0.031057,
0.074867,0.004380,0.571135,0.048296,
0.135465,0.009540,0.629887,0.053916,
0.190910,0.014670,0.485495,0.048606,
0.205496,0.018560,-0.142966,0.030327,
0.177261,0.017045,0.019706,0.025574,
0.179643,0.020415,0.027080,0.040261,
0.184449,0.024741,0.065372,0.045337,
0.191012,0.029220,0.065236,0.043916,
0.196095,0.032535,0.038179,0.023836,
0.163289,0.027421,0.033876,0.018775,
0.165359,0.029887,0.009363,0.029375,
0.165985,0.033040,0.003578,0.033414,
0.166383,0.036325,0.004280,0.032088,
0.164461,0.038981,-0.038931,0.021666,
0.178398,0.037203,0.390105,0.001198,
0.223909,0.037367,0.505956,0.001914,
0.275490,0.037528,0.519406,0.001332,
0.322237,0.037485,0.419196,-0.001801,
0.342588,0.037396,0.019089,-0.000231,
0.327833,0.035691,0.012590,0.001167,
0.327778,0.035842,-0.011652,0.001863,
0.325551,0.036000,-0.031061,0.001312,
0.322462,0.035969,-0.030451,-0.001695,
0.315909,0.035878,-0.094622,-0.000210,
TIME: 3068 - SYSTEM: Plan 774
0.025942,0.000321,0.387192,0.031057,
0.074867,0.004381,0.571136,0.048296,
0.135465,0.009541,0.629888,0.053915,
0.190910,0.014671,0.485496,0.048606,
0.205496,0.018561,-0.142966,0.030326,
0.177262,0.017046,0.019708,0.025575,
0.179644,0.020418,0.027082,0.040262,
0.184450,0.024742,0.065374,0.045341,
0.191013,0.029217,0.065238,0.043916,
0.196096,0.032535,0.038179,0.023842,
0.163289,0.027428,0.033869,0.018781,
0.165358,0.029887,0.009352,0.029376,
0.165984,0.033066,0.003576,0.033412,
0.166381,0.036345,0.004273,0.032071,
0.164458,0.039017,-0.038950,0.021644,
0.178394,0.037239,0.390108,0.001197,
0.223906,0.037399,0.505958,0.001913,
0.275488,0.037557,0.519412,0.001330,
0.322235,0.037519,0.419215,-0.001801,
0.342590,0.037422,0.019128,-0.000229,
0.327834,0.035716,0.012585,0.001166,
0.327779,0.035871,-0.011659,0.001863,
0.325551,0.036029,-0.031069,0.001312,
0.322462,0.035993,-0.030458,-0.001698,
0.315908,0.035901,-0.094626,-0.000210,
TIME: 3072 - SYSTEM: Plan 775
0.025942,0.000321,0.387192,0.031057,
0.074867,0.004380,0.571137,0.048296,
0.135465,0.009539,0.629888,0.053915,
0.190910,0.014669,0.485496,0.048608,
0.205497,0.018559,-0.142965,0.030329,
0.177262,0.017045,0.019708,0.025574,
0.179644,0.020415,0.027082,0.040258,
0.184450,0.024743,0.065375,0.045341,
0.191013,0.029221,0.065238,0.043914,
0.196096,0.032539,0.038179,0.023814,
0.163289,0.027426,0.033867,0.018787,
0.165358,0.029897,0.009346,0.029382,
0.165983,0.033061,0.003575,0.033428,
0.166381,0.036345,0.004277,0.032097,
0.164458,0.039009,-0.038941,0.021669,
0.178395,0.037229,0.390112,0.001198,
0.223907,0.037387,0.505966,0.001912,
0.275489,0.037547,0.519415,0.001334,
0.322237,0.037512,0.419202,-0.001799,
0.342589,0.037418,0.019085,-0.000229,
0.327833,0.035711,0.012588,0.001166,
0.327779,0.035863,-0.011654,0.001864,
0.325551,0.036023,-0.031064,0.001310,
0.322462,0.035989,-0.030453,-0.001698,
0.315909,0.035896,-0.094623,-0.000210,
TIME: 3076 - SYSTEM: Plan 776
0.025942,0.000321,0.387192,0.031057,
0.074867,0.004380,0.571136,0.048297,
0.135465,0.009539,0.629888,0.053916,
0.190910,0.014670,0.485496,0.048608,
0.205496,0.018561,-0.142966,0.030328,
0.177262,0.017044,0.019707,0.025574,
0.179644,0.020421,0.027081,0.040259,
0.184450,0.024742,0.065374,0.045339,
0.191012,0.029223,0.065238,0.043911,
0.196096,0.032538,0.038179,0.023767,
0.163289,0.027425,0.033873,0.018824,
0.165359,0.029893,0.009355,0.029428,
0.165984,0.033061,0.003574,0.033472,
0.166382,0.036359,0.004290,0.032145,
0.164462,0.039019,-0.038905,0.021701,
0.178399,0.037239,0.390115,0.001196,
0.223911,0.037403,0.505971,0.001913,
0.275494,0.037563,0.519416,0.001332,
0.322241,0.037525,0.419183,-0.001802,
0.342589,0.037429,0.019020,-0.000232,
0.327833,0.035722,0.012590,0.001166,
0.327779,0.035875,-0.011652,0.001863,
0.325551,0.036033,-0.031061,0.001311,
0.322462,0.036001,-0.030451,-0.001699,
0.315909,0.035912,-0.094622,-0.000210,
TIME: 3080 - SYSTEM: Plan 777
0.025942,0.000321,0.387193,0.031058,
0.074868,0.004380,0.571139,0.048297,
0.135465,0.009539,0.629890,0.053916,
0.190910,0.014670,0.485497,0.048607,
0.205497,0.018560,-0.142967,0.030328,
0.177262,0.017046,0.019710,0.025571,
0.179644,0.020417,0.027085,0.040259,
0.184451,0.024746,0.065377,0.045337,
0.191014,0.029224,0.065240,0.043915,
0.196098,0.032542,0.038180,0.023839,
0.163289,0.027429,0.033859,0.018778,
0.165357,0.029888,0.009332,0.029366,
0.165982,0.033056,0.003573,0.033406,
0.166379,0.036349,0.004265,0.032070,
0.164454,0.039010,-0.038973,0.021648,
0.178391,0.037232,0.390115,0.001199,
0.223903,0.037391,0.505967,0.001914,
0.275486,0.037554,0.519421,0.001332,
0.322235,0.037515,0.419220,-0.001800,
0.342590,0.037419,0.019126,-0.000229,
0.327834,0.035711,0.012585,0.001165,
0.327780,0.035862,-0.011658,0.001864,
0.325551,0.036018,-0.031067,0.001312,
0.322462,0.035988,-0.030457,-0.001695,
0.315909,0.035898,-0.094626,-0.000208,
TIME: 3085 - SYSTEM: Plan 778
0.025942,0.000321,0.387191,0.031058,
0.074867,0.004381,0.571136,0.048297,
0.135465,0.009541,0.629888,0.053915,
0.190910,0.014670,0.485496,0.048607,
0.205497,0.018561,-0.142966,0.030328,
0.177262,0.017047,0.019708,0.025574,
0.179644,0.020421,0.027082,0.040263,
0.184450,0.024743,0.065375,0.045338,
0.191013,0.029219,0.065238,0.043914,
0.196097,0.032537,0.038179,0.023816,
0.163289,0.027427,0.033867,0.018789,
0.165358,0.029904,0.009345,0.029386,
0.165983,0.033072,0.003575,0.033428,
0.166381,0.036368,0.004276,0.032093,
0.164458,0.039021,-0.038944,0.021657,
0.178395,0.037243,0.390108,0.001199,
0.223906,0.037402,0.505959,0.001914,
0.275488,0.037562,0.519410,0.001333,
0.322236,0.037528,0.419205,-0.001800,
0.342590,0.037435,0.019103,-0.000232,
0.327834,0.035724,0.012585,0.001166,
0.327780,0.035878,-0.011658,0.001864,
0.325551,0.036038,-0.031068,0.001315,
0.322462,0.036003,-0.030457,-0.001694,
0.315909,0.035913,-0.094626,-0.000207,
TIME: 3088 - SYSTEM: Plan 779
0.025942,0.000321,0.387192,0.031057,
0.074867,0.004380,0.571138,0.048296,
0.135465,0.009539,0.629889,0.053914,
0.190910,0.014670,0.485497,0.048608,
0.205497,0.018560,-0.142966,0.030328,
0.177262,0.017047,0.019708,0.025572,
0.179644,0.020415,0.027083,0.040261,
0.184450,0.024740,0.065376,0.045341,
0.191013,0.029220,0.065239,0.043915,
0.196097,0.032536,0.038179,0.023823,
0.163289,0.027422,0.033864,0.018793,
0.165358,0.029878,0.009341,0.029390,
0.165983,0.033059,0.003575,0.033440,
0.166380,0.036358,0.004273,0.032094,
0.164457,0.039021,-0.038953,0.021663,
0.178393,0.037241,0.390117,0.001197,
0.223906,0.037399,0.505971,0.001912,
0.275488,0.037561,0.519421,0.001332,
0.322236,0.037526,0.419212,-0.001800,
0.342590,0.037432,0.019093,-0.000231,
0.327834,0.035723,0.012585,0.001166,
0.327779,0.035878,-0.011659,0.001864,
0.325551,0.036037,-0.031068,0.001311,
0.322462,0.036005,-0.030457,-0.001698,
0.315909,0.035913,-0.094625,-0.000212,
TIME: 3092 - SYSTEM: Plan 780
0.025942,0.000321,0.387192,0.031057,
0.074868,0.004380,0.571137,0.048296,
0.135465,0.009541,0.629889,0.053916,
0.190910,0.014672,0.485496,0.048606,
0.205497,0.018562,-0.142966,0.030327,
0.177262,0.017049,0.019709,0.025573,
0.179644,0.020421,0.027083,0.040259,
0.184450,0.024745,0.065376,0.045336,
0.191013,0.029225,0.065239,0.043911,
0.196097,0.032540,0.038180,0.023776,
0.163289,0.027426,0.033864,0.018817,
0.165358,0.029891,0.009339,0.029433,
0.165983,0.033085,0.003572,0.033481,
0.166380,0.036391,0.004281,0.032140,
0.164458,0.039048,-0.038930,0.021688,
0.178396,0.037270,0.390124,0.001198,
0.223910,0.037426,0.505981,0.001915,
0.275494,0.037585,0.519428,0.001334,
0.322242,0.037549,0.419202,-0.001798,
0.342590,0.037454,0.019042,-0.000227,
0.327834,0.035745,0.012585,0.001166,
0.327779,0.035896,-0.011658,0.001867,
0.325551,0.036056,-0.031068,0.001312,
0.322462,0.036025,-0.030457,-0.001697,
0.315909,0.035933,-0.094626,-0.000208,
TIME: 3096 - SYSTEM: Plan 781
0.025942,0.000321,0.387193,0.031057,
0.074867,0.004380,0.571138,0.048297,
0.135465,0.009539,0.629889,0.053915,
0.190910,0.014670,0.485496,0.048609,
0.205497,0.018560,-0.142967,0.030329,
0.177262,0.017047,0.019709,0.025572,
0.179644,0.020421,0.027083,0.040260,
0.184450,0.024747,0.065376,0.045339,
0.191013,0.029221,0.065239,0.043913,
0.196097,0.032536,0.038180,0.023807,
0.163289,0.027426,0.033862,0.018794,
0.165358,0.029891,0.009335,0.029395,
0.165982,0.033056,0.003573,0.033447,
0.166379,0.036336,0.004273,0.032111,
0.164456,0.038996,-0.038952,0.021687,
0.178394,0.037218,0.390119,0.001198,
0.223907,0.037378,0.505976,0.001915,
0.275490,0.037541,0.519422,0.001332,
0.322238,0.037503,0.419199,-0.001801,
0.342589,0.037415,0.019054,-0.000232,
0.327833,0.035708,0.012588,0.001166,
0.327778,0.035861,-0.011654,0.001863,
0.325551,0.036019,-0.031064,0.001312,
0.322462,0.035985,-0.030453,-0.001696,
0.315909,0.035894,-0.094623,-0.000207,
TIME: 3099 - SYSTEM: Plan 782
0.025942,0.000321,0.387192,0.031057,
0.074867,0.004380,0.571137,0.048297,
0.135465,0.009540,0.629888,0.053917,
0.190910,0.014670,0.485496,0.048608,
0.205496,0.018561,-0.142966,0.030328,
0.177262,0.017048,0.019707,0.025575,
0.179644,0.020418,0.027081,0.040261,
0.184450,0.024740,0.065374,0.045339,
0.191013,0.029221,0.065238,0.043913,
0.196096,0.032541,0.038179,0.023822,
0.163289,0.027434,0.033870,0.018783,
0.165358,0.029902,0.009353,0.029386,
0.165984,0.033073,0.003576,0.033426,
0.166381,0.036378,0.004278,0.032083,
0.164459,0.039034,-0.038937,0.021644,
0.178395,0.037255,0.390106,0.001196,
0.223907,0.037415,0.505954,0.001914,
0.275488,0.037574,0.519407,0.001331,
0.322236,0.037539,0.419211,-0.001801,
0.342591,0.037443,0.019124,-0.000231,
0.327835,0.035735,0.012583,0.001167,
0.327780,0.035892,-0.011661,0.001862,
0.325551,0.036052,-0.031071,0.001308,
0.322462,0.036019,-0.030460,-0.001702,
0.315908,0.035929,-0.094627,-0.000217,
TIME: 3103 - SYSTEM: Plan 783
0.025942,0.000322,0.387192,0.031056,
0.074867,0.004381,0.571136,0.048297,
0.135465,0.009541,0.629888,0.053916,
0.190910,0.014671,0.485496,0.048607,
0.205497,0.018562,-0.142965,0.030327,
0.177262,0.017049,0.019708,0.025574,
0.179644,0.020417,0.027082,0.040262,
0.184450,0.024739,0.065375,0.045339,
0.191013,0.029219,0.065238,0.043918,
0.196096,0.032540,0.038179,0.023871,
0.163289,0.027427,0.033866,0.018757,
0.165358,0.029893,0.009347,0.029334,
0.165983,0.033060,0.003577,0.033374,
0.166380,0.036332,0.004265,0.032032,
0.164456,0.038987,-0.038971,0.021625,
0.178392,0.037212,0.390103,0.001196,
0.223903,0.037368,0.505950,0.001911,
0.275484,0.037531,0.519407,0.001330,
0.322232,0.037493,0.419224,-0.001800,
0.342590,0.037398,0.019170,-0.000231,
0.327834,0.035690,0.012585,0.001167,
0.327779,0.035850,-0.011659,0.001865,
0.325551,0.036001,-0.031069,0.001312,
0.322462,0.035969,-0.030457,-0.001696,
0.315909,0.035878,-0.094625,-0.000211,
TIME: 3107 - SYSTEM: Plan 784
0.025942,0.000321,0.387191,0.031058,
0.074867,0.004379,0.571136,0.048297,
0.135465,0.009538,0.629888,0.053917,
0.190910,0.014668,0.485496,0.048609,
0.205496,0.018558,-0.142965,0.030330,
0.177262,0.017045,0.019708,0.025573,
0.179644,0.020419,0.027082,0.040262,
0.184450,0.024747,0.065375,0.045336,
0.191013,0.029220,0.065238,0.043910,
0.196096,0.032536,0.038179,0.023757,
0.163289,0.027432,0.033870,0.018831,
0.165358,0.029891,0.009349,0.029446,
0.165984,0.033083,0.003573,0.033501,
0.166382,0.036376,0.004289,0.032155,
0.164461,0.039041,-0.038908,0.021704,
0.178398,0.037260,0.390122,0.001197,
0.223912,0.037421,0.505979,0.001914,
0.275496,0.037581,0.519423,0.001333,
0.322242,0.037541,0.419188,-0.001800,
0.342590,0.037447,0.019011,-0.000229,
0.327834,0.035736,0.012586,0.001167,
0.327779,0.035888,-0.011656,0.001866,
0.325551,0.036050,-0.031066,0.001312,
0.322462,0.036015,-0.030455,-0.001699,
0.315909,0.035927,-0.094624,-0.000207,
TIME: 3110 - SYSTEM: Plan 785
0.025942,0.000321,0.387192,0.031057,
0.074867,0.004380,0.571136,0.048297,
0.135465,0.009540,0.629888,0.053916,
0.190910,0.014671,0.485495,0.048607,
0.205496,0.018561,-0.142967,0.030327,
0.177261,0.017046,0.019707,0.025573,
0.179643,0.020417,0.027080,0.040261,
0.184449,0.024740,0.065373,0.045340,
0.191012,0.029223,0.065237,0.043913,
0.196096,0.032538,0.038179,0.023817,
0.163289,0.027428,0.033874,0.018790,
0.165359,0.029899,0.009359,0.029386,
0.165985,0.033068,0.003577,0.033426,
0.166382,0.036357,0.004282,0.032087,
0.164461,0.039009,-0.038927,0.021662,
0.178397,0.037228,0.390104,0.001196,
0.223908,0.037388,0.505953,0.001914,
0.275490,0.037548,0.519405,0.001334,
0.322236,0.037512,0.419199,-0.001798,
0.342589,0.037416,0.019095,-0.000228,
0.327834,0.035708,0.012587,0.001168,
0.327779,0.035863,-0.011656,0.001865,
0.325551,0.036021,-0.031065,0.001311,
0.322462,0.035985,-0.030454,-0.001698,
0.315909,0.035893,-0.094624,-0.000210,
TIME: 3114 - SYSTEM: Plan 786
0.025942,0.000321,0.387193,0.031057,
0.074868,0.004382,0.571139,0.048297,
0.135465,0.009541,0.629890,0.053914,
0.190910,0.014671,0.485498,0.048606,
0.205497,0.018562,-0.142966,0.030327,
0.177262,0.017047,0.019709,0.025575,
0.179644,0.020421,0.027084,0.040260,
0.184451,0.024745,0.065377,0.045340,
0.191014,0.029222,0.065240,0.043915,
0.196098,0.032538,0.038180,0.023838,
0.163289,0.027425,0.033859,0.018773,
0.165357,0.029894,0.009331,0.029371,
0.165982,0.033061,0.003573,0.033410,
0.166378,0.036331,0.004265,0.032075,
0.164454,0.038999,-0.038974,0.021655,
0.178391,0.037220,0.390118,0.001198,
0.223904,0.037380,0.505971,0.001914,
0.275486,0.037542,0.519424,0.001330,
0.322235,0.037503,0.419219,-0.001802,
0.342590,0.037408,0.019114,-0.000230,
0.327834,0.035699,0.012586,0.001167,
0.327779,0.035853,-0.011658,0.001867,
0.325551,0.036011,-0.031067,0.001314,
0.322462,0.035978,-0.030456,-0.001692,
0.315909,0.035883,-0.094625,-0.000207,
TIME: 3119 - SYSTEM: Plan 787
0.025942,0.000321,0.387191,0.031057,
0.074867,0.004380,0.571136,0.048297,
0.135465,0.009539,0.629888,0.053915,
0.190910,0.014669,0.485496,0.048607,
0.205496,0.018560,-0.142966,0.030328,
0.177262,0.017045,0.019707,0.025571,
0.179644,0.020420,0.027081,0.040266,
0.184450,0.024746,0.065374,0.045340,
0.191013,0.029230,0.065238,0.043911,
0.196096,0.032542,0.038179,0.023768,
0.163289,0.027438,0.033871,0.018818,
0.165358,0.029899,0.009351,0.029425,
0.165984,0.033076,0.003574,0.033477,
0.166382,0.036357,0.004289,0.032146,
0.164462,0.039020,-0.038911,0.021707,
0.178398,0.037239,0.390117,0.001198,
0.223912,0.037402,0.505975,0.001912,
0.275494,0.037560,0.519418,0.001331,
0.322240,0.037523,0.419181,-0.001802,
0.342588,0.037430,0.019012,-0.000231,
0.327832,0.035721,0.012590,0.001166,
0.327778,0.035878,-0.011652,0.001867,
0.325551,0.036034,-0.031061,0.001313,
0.322462,0.036000,-0.030451,-0.001698,
0.315909,0.035910,-0.094622,-0.000210,
TIME: 3122 - SYSTEM: Plan 788
0.025942,0.000321,0.387192,0.031057,
0.074867,0.004380,0.571137,0.048296,
0.135465,0.009540,0.629888,0.053916,
0.190910,0.014670,0.485496,0.048607,
0.205496,0.018561,-0.142967,0.030327,
0.177262,0.017050,0.019708,0.025572,
0.179644,0.020418,0.027082,0.040259,
0.184450,0.024739,0.065374,0.045340,
0.191013,0.029221,0.065238,0.043914,
0.196096,0.032534,0.038179,0.023815,
0.163289,0.027424,0.033868,0.018788,
0.165358,0.029883,0.009347,0.029399,
0.165983,0.033048,0.003575,0.033440,
0.166381,0.036353,0.004277,0.032104,
0.164458,0.039007,-0.038941,0.021673,
0.178396,0.037228,0.390114,0.001197,
0.223907,0.037392,0.505966,0.001915,
0.275490,0.037549,0.519417,0.001331,
0.322238,0.037511,0.419202,-0.001803,
0.342590,0.037416,0.019076,-0.000231,
0.327834,0.035707,0.012587,0.001166,
0.327779,0.035865,-0.011656,0.001867,
0.325551,0.036019,-0.031066,0.001311,
0.322462,0.035988,-0.030455,-0.001696,
0.315909,0.035895,-0.094624,-0.000209,
TIME: 3126 - SYSTEM: Plan 789
0.025942,0.000321,0.387191,0.031057,
0.074867,0.004380,0.571136,0.048298,
0.135465,0.009539,0.629887,0.053917,
0.190910,0.014669,0.485495,0.048608,
0.205496,0.018558,-0.142966,0.030328,
0.177262,0.017044,0.019707,0.025572,
0.179644,0.020419,0.027081,0.040262,
0.184450,0.024742,0.065374,0.045340,
0.191012,0.029218,0.065238,0.043913,
0.196096,0.032538,0.038179,0.023807,
0.163289,0.027424,0.033872,0.018793,
0.165358,0.029895,0.009354,0.029403,
0.165984,0.033051,0.003576,0.033446,
0.166382,0.036344,0.004282,0.032113,
0.164460,0.039005,-0.038928,0.021682,
0.178396,0.037228,0.390110,0.001198,
0.223909,0.037386,0.505963,0.001914,
0.275491,0.037546,0.519410,0.001331,
0.322238,0.037509,0.419191,-0.001801,
0.342589,0.037414,0.019058,-0.000230,
0.327833,0.035705,0.012588,0.001164,
0.327779,0.035859,-0.011654,0.001865,
0.325551,0.036020,-0.031064,0.001313,
0.322462,0.035985,-0.030453,-0.001697,
0.315909,0.035894,-0.094623,-0.000209,
TIME: 3130 - SYSTEM: Plan 790
0.025942,0.000321,0.387192,0.031058,
0.074867,0.004380,0.571136,0.048296,
0.135465,0.009540,0.629888,0.053915,
0.190910,0.014670,0.485496,0.048607,
0.205496,0.018561,-0.142966,0.030327,
0.177262,0.017046,0.019708,0.025573,
0.179644,0.020418,0.027082,0.040260,
0.184450,0.024743,0.065374,0.045342,
0.191013,0.029222,0.065238,0.043914,
0.196096,0.032535,0.038179,0.023814,
0.163289,0.027425,0.033870,0.018797,
0.165358,0.029885,0.009352,0.029393,
0.165984,0.033067,0.003576,0.033441,
0.166381,0.036358,0.004279,0.032095,
0.164459,0.039009,-0.038935,0.021661,
0.178396,0.037230,0.390110,0.001198,
0.223908,0.037390,0.505962,0.001913,
0.275490,0.037552,0.519412,0.001332,
0.322236,0.037515,0.419206,-0.001802,
0.342590,0.037420,0.019094,-0.000232,
0.327834,0.035713,0.012585,0.001166,
0.327779,0.035868,-0.011658,0.001862,
0.325551,0.036027,-0.031067,0.001309,
0.322462,0.035991,-0.030456,-0.001698,
0.315909,0.035900,-0.094625,-0.000211,
TIME: 3134 - SYSTEM: Plan 791
0.025942,0.000322,0.387191,0.031057,
0.074867,0.004380,0.571136,0.048297,
0.135465,0.009540,0.629887,0.053915,
0.190910,0.014670,0.485496,0.048607,
0.205496,0.018560,-0.142966,0.030328,
0.177262,0.017046,0.019707,0.025569,
0.179644,0.020418,0.027080,0.040261,
0.184449,0.024742,0.065373,0.045340,
0.191012,0.029220,0.065237,0.043916,
0.196096,0.032535,0.038179,0.023836,
0.163289,0.027425,0.033871,0.018778,
0.165358,0.029892,0.009354,0.029368,
0.165984,0.033063,0.003576,0.033415,
0.166382,0.036362,0.004275,0.032072,
0.164459,0.039008,-0.038944,0.021638,
0.178395,0.037230,0.390107,0.001198,
0.223906,0.037391,0.505956,0.001913,
0.275488,0.037555,0.519409,0.001333,
0.322235,0.037517,0.419216,-0.001803,
0.342591,0.037419,0.019136,-0.000233,
0.327835,0.035713,0.012584,0.001165,
0.327780,0.035868,-0.011660,0.001862,
0.325551,0.036022,-0.031070,0.001308,
0.322462,0.035990,-0.030459,-0.001699,
0.315908,0.035897,-0.094626,-0.000211,
TIME: 3137 - SYSTEM: Plan 792
0.025942,0.000321,0.387191,0.031057,
0.074867,0.004379,0.571136,0.048297,
0.135465,0.009539,0.629888,0.053916,
0.190910,0.014670,0.485496,0.048608,
0.205496,0.018561,-0.142965,0.030328,
0.177262,0.017044,0.019708,0.025573,
0.179644,0.020421,0.027082,0.040259,
0.184450,0.024742,0.065374,0.045339,
0.191013,0.029224,0.065238,0.043915,
0.196096,0.032540,0.038179,0.023829,
0.163289,0.027433,0.033870,0.018780,
0.165358,0.029886,0.009352,0.029371,
0.165984,0.033064,0.003576,0.033416,
0.166381,0.036339,0.004276,0.032082,
0.164459,0.039021,-0.038942,0.021659,
0.178396,0.037243,0.390112,0.001198,
0.223907,0.037403,0.505965,0.001913,
0.275488,0.037563,0.519415,0.001332,
0.322236,0.037525,0.419208,-0.001801,
0.342589,0.037427,0.019104,-0.000230,
0.327833,0.035720,0.012588,0.001164,
0.327779,0.035877,-0.011654,0.001861,
0.325551,0.036033,-0.031063,0.001309,
0.322462,0.036000,-0.030452,-0.001701,
0.315909,0.035910,-0.094623,-0.000213,
TIME: 3141 - SYSTEM: Plan 793
0.025942,0.000321,0.387192,0.031057,
0.074867,0.004379,0.571137,0.048297,
0.135465,0.009540,0.629888,0.053916,
0.190910,0.014669,0.485496,0.048608,
0.205496,0.018560,-0.142966,0.030328,
0.177262,0.017046,0.019707,0.025572,
0.179644,0.020416,0.027081,0.040261,
0.184449,0.024741,0.065374,0.045341,
0.191012,0.029220,0.065238,0.043914,
0.196096,0.032535,0.038179,0.023817,
0.163289,0.027425,0.033871,0.018794,
0.165359,0.029884,0.009355,0.029400,
0.165984,0.033064,0.003576,0.033434,
0.166382,0.036348,0.004280,0.032100,
0.164460,0.039019,-0.038932,0.021670,
0.178397,0.037240,0.390109,0.001198,
0.223909,0.037399,0.505960,0.001915,
0.275491,0.037563,0.519411,0.001332,
0.322238,0.037528,0.419199,-0.001801,
0.342589,0.037434,0.019079,-0.000233,
0.327834,0.035725,0.012587,0.001165,
0.327779,0.035879,-0.011656,0.001864,
0.325551,0.036039,-0.031065,0.001313,
0.322462,0.036006,-0.030454,-0.001696,
0.315909,0.035916,-0.094624,-0.000210,
TIME: 3145 - SYSTEM: Plan 794
0.025942,0.000321,0.387191,0.031057,
0.074867,0.004380,0.571136,0.048297,
0.135465,0.009539,0.629888,0.053916,
0.190910,0.014670,0.485496,0.048607,
0.205496,0.018561,-0.142966,0.030328,
0.177262,0.017047,0.019707,0.025578,
0.179644,0.020418,0.027081,0.040259,
0.184449,0.024740,0.065373,0.045339,
0.191012,0.029217,0.065238,0.043912,
0.196096,0.032529,0.038179,0.023785,
0.163289,0.027420,0.033874,0.018811,
0.165359,0.029887,0.009358,0.029420,
0.165984,0.033051,0.003575,0.033470,
0.166383,0.036347,0.004288,0.032138,
0.164462,0.039009,-0.038911,0.021698,
0.178399,0.037231,0.390117,0.001198,
0.223912,0.037392,0.505973,0.001913,
0.275494,0.037553,0.519417,0.001330,
0.322240,0.037511,0.419187,-0.001803,
0.342588,0.037419,0.019026,-0.000230,
0.327833,0.035712,0.012590,0.001167,
0.327778,0.035867,-0.011652,0.001863,
0.325551,0.036021,-0.031061,0.001310,
0.322462,0.035988,-0.030450,-0.001698,
0.315909,0.035898,-0.094622,-0.000210,
TIME: 3149 - SYSTEM: Plan 795
0.025942,0.000321,0.387192,0.031057,
0.074867,0.004380,0.571137,0.048296,
0.135465,0.009541,0.629888,0.053915,
0.190910,0.014671,0.485496,0.048607,
0.205497,0.018561,-0.142967,0.030327,
0.177262,0.017046,0.019708,0.025575,
0.179644,0.020418,0.027082,0.040261,
0.184450,0.024743,0.065375,0.045341,
0.191013,0.029217,0.065238,0.043916,
0.196097,0.032536,0.038179,0.023854,
0.163289,0.027426,0.033866,0.018773,
0.165358,0.029882,0.009346,0.029358,
0.165983,0.033058,0.003577,0.033390,
0.166380,0.036340,0.004269,0.032056,
0.164456,0.038996,-0.038964,0.021640,
0.178393,0.037218,0.390106,0.001197,
0.223904,0.037379,0.505955,0.001914,
0.275486,0.037540,0.519411,0.001330,
0.322234,0.037500,0.419217,-0.001800,
0.342590,0.037408,0.019141,-0.000231,
0.327834,0.035701,0.012586,0.001167,
0.327779,0.035854,-0.011657,0.001865,
0.325551,0.036011,-0.031066,0.001312,
0.322462,0.035977,-0.030456,-0.001696,
0.315909,0.035887,-0.094625,-0.000210,
TIME: 3153 - SYSTEM: Plan 796
0.025942,0.000321,0.387191,0.031057,
0.074867,0.004381,0.571136,0.048297,
0.135465,0.009541,0.629888,0.053915,
0.190910,0.014671,0.485496,0.048607,
0.205497,0.018562,-0.142965,0.030327,
0.177262,0.017048,0.019708,0.025573,
0.179644,0.020420,0.027083,0.040261,
0.184450,0.024743,0.065375,0.045338,
0.191013,0.029223,0.065238,0.043913,
0.196097,0.032537,0.038180,0.023803,
0.163289,0.027433,0.033865,0.018799,
0.165358,0.029898,0.009341,0.029404,
0.165983,0.033072,0.003573,0.033445,
0.166380,0.036365,0.004276,0.032101,
0.164458,0.039025,-0.038942,0.021668,
0.178394,0.037246,0.390118,0.001197,
0.223907,0.037406,0.505972,0.001914,
0.275490,0.037568,0.519422,0.001332,
0.322238,0.037528,0.419210,-0.001802,
0.342590,0.037435,0.019083,-0.000232,
0.327834,0.035726,0.012585,0.001165,
0.327779,0.035882,-0.011658,0.001862,
0.325552,0.036038,-0.031068,0.001310,
0.322462,0.036003,-0.030457,-0.001698,
0.315909,0.035915,-0.094625,-0.000209,
TIME: 3157 - SYSTEM: Plan 797
0.025942,0.000320,0.387194,0.031058,
0.074868,0.004379,0.571139,0.048297,
0.135465,0.009539,0.629891,0.053916,
0.190910,0.014671,0.485498,0.048608,
0.205497,0.018562,-0.142966,0.030328,
0.177262,0.017047,0.019709,0.025573,
0.179644,0.020421,0.027084,0.040263,
0.184450,0.024746,0.065376,0.045339,
0.191014,0.029223,0.065239,0.043914,
0.196097,0.032541,0.038179,0.023816,
0.163289,0.027428,0.033863,0.018786,
0.165358,0.029890,0.009339,0.029382,
0.165982,0.033069,0.003573,0.033432,
0.166380,0.036365,0.004273,0.032097,
0.164456,0.039028,-0.038952,0.021666,
0.178393,0.037247,0.390116,0.001197,
0.223906,0.037406,0.505969,0.001912,
0.275489,0.037570,0.519419,0.001331,
0.322236,0.037534,0.419208,-0.001802,
0.342590,0.037439,0.019090,-0.000232,
0.327834,0.035731,0.012586,0.001166,
0.327779,0.035890,-0.011657,0.001865,
0.325551,0.036046,-0.031067,0.001310,
0.322462,0.036012,-0.030455,-0.001700,
0.315909,0.035927,-0.094624,-0.000213,
TIME: 3161 - SYSTEM: Plan 798
0.025942,0.000322,0.387192,0.031057,
0.074867,0.004380,0.571138,0.048298,
0.135465,0.009540,0.629889,0.053917,
0.190910,0.014671,0.485496,0.048608,
0.205497,0.018562,-0.142966,0.030327,
0.177262,0.017047,0.019709,0.025572,
0.179644,0.020420,0.027083,0.040260,
0.184450,0.024745,0.065376,0.045337,
0.191013,0.029227,0.065239,0.043912,
0.196097,0.032548,0.038180,0.023800,
0.163289,0.027428,0.033864,0.018798,
0.165358,0.029891,0.009339,0.029394,
0.165983,0.033068,0.003573,0.033446,
0.166380,0.036361,0.004277,0.032114,
0.164457,0.039026,-0.038943,0.021682,
0.178394,0.037244,0.390118,0.001197,
0.223908,0.037403,0.505975,0.001914,
0.275491,0.037568,0.519422,0.001332,
0.322238,0.037529,0.419201,-0.001800,
0.342589,0.037430,0.019061,-0.000227,
0.327833,0.035721,0.012588,0.001165,
0.327779,0.035874,-0.011655,0.001863,
0.325551,0.036034,-0.031064,0.001311,
0.322462,0.036003,-0.030453,-0.001696,
0.315909,0.035913,-0.094623,-0.000209,
TIME: 3165 - SYSTEM: Plan 799
0.025942,0.000321,0.387191,0.031057,
0.074867,0.004380,0.571136,0.048296,
0.135465,0.009539,0.629887,0.053915,
0.190910,0.014668,0.485495,0.048608,
0.205496,0.018559,-0.142966,0.030329,
0.177262,0.017043,0.019708,0.025574,
0.179644,0.020420,0.027082,0.040260,
0.184450,0.024738,0.065375,0.045338,
0.191013,0.029220,0.065238,0.043915,
0.196096,0.032539,0.038179,0.023835,
0.163289,0.027435,0.033867,0.018785,
0.165358,0.029891,0.009348,0.029377,
0.165983,0.033074,0.003575,0.033421,
0.166381,0.036360,0.004273,0.032073,
0.164457,0.039022,-0.038951,0.021643,
0.178394,0.037243,0.390112,0.001199,
0.223906,0.037401,0.505962,0.001914,
0.275487,0.037563,0.519415,0.001333,
0.322235,0.037525,0.419220,-0.001798,
0.342591,0.037430,0.019129,-0.000228,
0.327835,0.035720,0.012585,0.001166,
0.327780,0.035874,-0.011658,0.001864,
0.325552,0.036034,-0.031068,0.001312,
0.322462,0.035999,-0.030457,-0.001698,
0.315908,0.035910,-0.094627,-0.000209,
TIME: 3169 - SYSTEM: Plan 800
0.025942,0.000321,0.387192,0.031057,
0.074867,0.004380,0.571137,0.048296,
0.135465,0.009541,0.629888,0.053915,
0.190910,0.014671,0.485496,0.048607,
0.205496,0.018561,-0.142965,0.030327,
0.177262,0.017050,0.019708,0.025574,
0.179644,0.020417,0.027082,0.040262,
0.184450,0.024739,0.065375,0.045342,
0.191013,0.029220,0.065238,0.043915,
0.196096,0.032532,0.038179,0.023831,
0.163289,0.027418,0.033868,0.018794,
0.165358,0.029877,0.009349,0.029390,
0.165983,0.033048,0.003576,0.033429,
0.166381,0.036354,0.004274,0.032091,
0.164458,0.039001,-0.038948,0.021659,
0.178395,0.037224,0.390110,0.001198,
0.223907,0.037385,0.505961,0.001913,
0.275489,0.037546,0.519412,0.001330,
0.322236,0.037508,0.419207,-0.001802,
0.342590,0.037415,0.019099,-0.000232,
0.327834,0.035708,0.012584,0.001165,
0.327780,0.035862,-0.011659,0.001862,
0.325551,0.036020,-0.031069,0.001312,
0.322462,0.035984,-0.030457,-0.001697,
0.315909,0.035897,-0.094625,-0.000210,
TIME: 3172 - SYSTEM: Plan 801
0.025942,0.000321,0.387191,0.031057,
0.074867,0.004379,0.571136,0.048296,
0.135465,0.009539,0.629887,0.053916,
0.190910,0.014669,0.485495,0.048608,
0.205496,0.018560,-0.142966,0.030328,
0.177262,0.017045,0.019707,0.025576,
0.179644,0.020416,0.027081,0.040263,
0.184450,0.024744,0.065374,0.045340,
0.191012,0.029221,0.065238,0.043916,
0.196096,0.032538,0.038179,0.023857,
0.163289,0.027425,0.033871,0.018764,
0.165358,0.029900,0.009355,0.029343,
0.165984,0.033070,0.003577,0.033377,
0.166382,0.036346,0.004272,0.032040,
0.164458,0.039003,-0.038953,0.021626,
0.178394,0.037225,0.390100,0.001197,
0.223905,0.037386,0.505946,0.001913,
0.275485,0.037547,0.519403,0.001328,
0.322233,0.037511,0.419217,-0.001803,
0.342590,0.037419,0.019164,-0.000234,
0.327834,0.035710,0.012586,0.001169,
0.327779,0.035867,-0.011658,0.001862,
0.325551,0.036022,-0.031067,0.001309,
0.322462,0.035987,-0.030456,-0.001698,
0.315909,0.035898,-0.094625,-0.000211,
TIME: 3176 - SYSTEM: Plan 802
0.025942,0.000321,0.387192,0.031057,
0.074867,0.004381,0.571137,0.048296,
0.135465,0.009541,0.629889,0.053916,
0.190910,0.014671,0.485497,0.048608,
0.205497,0.018562,-0.142965,0.030328,
0.177262,0.017047,0.019709,0.025573,
0.179644,0.020421,0.027084,0.040263,
0.184451,0.024746,0.065377,0.045339,
0.191014,0.029223,0.065239,0.043914,
0.196097,0.032541,0.038180,0.023816,
0.163289,0.027430,0.033860,0.018784,
0.165357,0.029895,0.009333,0.029378,
0.165982,0.033078,0.003573,0.033424,
0.166379,0.036373,0.004270,0.032081,
0.164455,0.039027,-0.038960,0.021651,
0.178393,0.037249,0.390116,0.001197,
0.223905,0.037408,0.505968,0.001910,
0.275487,0.037568,0.519420,0.001331,
0.322236,0.037532,0.419218,-0.001801,
0.342591,0.037435,0.019117,-0.000231,
0.327835,0.035728,0.012583,0.001167,
0.327780,0.035886,-0.011661,0.001865,
0.325551,0.036039,-0.031071,0.001312,
0.322462,0.036004,-0.030459,-0.001697,
0.315908,0.035914,-0.094626,-0.000209,
TIME: 3180 - SYSTEM: Plan 803
0.025942,0.000321,0.387192,0.031058,
0.074867,0.004380,0.571137,0.048297,
0.135465,0.009540,0.629888,0.053916,
0.190910,0.014670,0.485496,0.048607,
0.205496,0.018560,-0.142966,0.030328,
0.177262,0.017046,0.019708,0.025574,
0.179644,0.020416,0.027082,0.040262,
0.184450,0.024741,0.065374,0.045341,
0.191013,0.029220,0.065238,0.043913,
0.196096,0.032535,0.038179,0.023818,
0.163289,0.027422,0.033868,0.018787,
0.165358,0.029890,0.009349,0.029386,
0.165983,0.033054,0.003575,0.033432,
0.166381,0.036335,0.004277,0.032095,
0.164458,0.039002,-0.038941,0.021670,
0.178396,0.037224,0.390113,0.001197,
0.223907,0.037384,0.505966,0.001914,
0.275490,0.037545,0.519415,0.001331,
0.322236,0.037507,0.419202,-0.001803,
0.342589,0.037415,0.019083,-0.000232,
0.327833,0.035709,0.012588,0.001166,
0.327779,0.035863,-0.011655,0.001863,
0.325551,0.036018,-0.031064,0.001311,
0.322462,0.035985,-0.030454,-0.001697,
0.315909,0.035894,-0.094623,-0.000209,
TIME: 3184 - SYSTEM: Plan 804
0.025942,0.000321,0.387192,0.031058,
0.074867,0.004380,0.571137,0.048297,
0.135465,0.009540,0.629889,0.053916,
0.190910,0.014670,0.485496,0.048607,
0.205497,0.018560,-0.142966,0.030328,
0.177262,0.017046,0.019708,0.025574,
0.179644,0.020417,0.027082,0.040263,
0.184450,0.024744,0.065375,0.045341,
0.191013,0.029219,0.065239,0.043916,
0.196097,0.032537,0.038179,0.023855,
0.163289,0.027430,0.033864,0.018768,
0.165358,0.029892,0.009341,0.029361,
0.165983,0.033069,0.003575,0.033395,
0.166380,0.036358,0.004266,0.032042,
0.164455,0.038997,-0.038970,0.021622,
0.178392,0.037217,0.390107,0.001199,
0.223904,0.037378,0.505954,0.001915,
0.275484,0.037536,0.519412,0.001333,
0.322233,0.037499,0.419229,-0.001798,
0.342592,0.037406,0.019169,-0.000226,
0.327835,0.035700,0.012582,0.001166,
0.327780,0.035853,-0.011663,0.001865,
0.325552,0.036010,-0.031073,0.001312,
0.322462,0.035975,-0.030462,-0.001695,
0.315908,0.035882,-0.094628,-0.000208,
TIME: 3187 - SYSTEM: Plan 805
0.025942,0.000321,0.387192,0.031057,
0.074867,0.004380,0.571137,0.048297,
0.135465,0.009539,0.629889,0.053916,
0.190910,0.014670,0.485497,0.048608,
0.205497,0.018560,-0.142965,0.030329,
0.177262,0.017048,0.019709,0.025570,
0.179644,0.020416,0.027083,0.040260,
0.184450,0.024749,0.065376,0.045339,
0.191013,0.029223,0.065239,0.043913,
0.196097,0.032541,0.038180,0.023813,
0.163289,0.027428,0.033864,0.018789,
0.165358,0.029896,0.009341,0.029393,
0.165983,0.033058,0.003574,0.033438,
0.166380,0.036348,0.004275,0.032107,
0.164457,0.039019,-0.038948,0.021677,
0.178394,0.037240,0.390118,0.001198,
0.223907,0.037403,0.505973,0.001913,
0.275490,0.037563,0.519421,0.001330,
0.322237,0.037530,0.419202,-0.001804,
0.342589,0.037433,0.019070,-0.000236,
0.327833,0.035724,0.012588,0.001165,
0.327779,0.035880,-0.011655,0.001863,
0.325551,0.036036,-0.031064,0.001310,
0.322462,0.036004,-0.030453,-0.001699,
0.315909,0.035912,-0.094623,-0.000210,
TIME: 3191 - SYSTEM: Plan 806
0.025942,0.000321,0.387192,0.031057,
0.074867,0.004380,0.571137,0.048296,
0.135465,0.009540,0.629888,0.053915,
0.190910,0.014670,0.485496,0.048607,
0.205496,0.018560,-0.142966,0.030328,
0.177262,0.017047,0.019708,0.025571,
0.179644,0.020420,0.027082,0.040260,
0.184450,0.024747,0.065374,0.045338,
0.191013,0.029221,0.065238,0.043913,
0.196096,0.032538,0.038179,0.023793,
0.163289,0.027428,0.033868,0.018803,
0.165358,0.029908,0.009347,0.029409,
0.165983,0.033073,0.003574,0.033450,
0.166381,0.036372,0.004281,0.032108,
0.164459,0.039039,-0.038929,0.021670,
0.178396,0.037257,0.390115,0.001198,
0.223909,0.037419,0.505968,0.001916,
0.275492,0.037579,0.519418,0.001331,
0.322238,0.037541,0.419205,-0.001802,
0.342590,0.037443,0.019078,-0.000229,
0.327834,0.035733,0.012585,0.001165,
0.327779,0.035887,-0.011658,0.001863,
0.325551,0.036046,-0.031068,0.001310,
0.322462,0.036012,-0.030457,-0.001694,
0.315909,0.035920,-0.094625,-0.000206,
TIME: 3195 - SYSTEM: Plan 807
0.025942,0.000321,0.387192,0.031058,
0.074867,0.004380,0.571137,0.048296,
0.135465,0.009541,0.629889,0.053916,
0.190910,0.014670,0.485496,0.048606,
0.205497,0.018560,-0.142966,0.030328,
0.177262,0.017045,0.019708,0.025573,
0.179644,0.020416,0.027083,0.040261,
0.184450,0.024743,0.065375,0.045339,
0.191013,0.029222,0.065238,0.043915,
0.196097,0.032539,0.038179,0.023839,
0.163289,0.027425,0.033864,0.018781,
0.165358,0.029881,0.009341,0.029374,
0.165983,0.033044,0.003575,0.033407,
0.166380,0.036337,0.004269,0.032073,
0.164456,0.038983,-0.038962,0.021657,
0.178392,0.037205,0.390112,0.001199,
0.223905,0.037362,0.505964,0.001915,
0.275487,0.037519,0.519418,0.001333,
0.322235,0.037482,0.419212,-0.001796,
0.342590,0.037386,0.019111,-0.000223,
0.327834,0.035679,0.012587,0.001165,
0.327779,0.035835,-0.011656,0.001866,
0.325551,0.035992,-0.031065,0.001312,
0.322462,0.035956,-0.030455,-0.001696,
0.315909,0.035868,-0.094624,-0.000210,
TIME: 3199 - SYSTEM: Plan 808
0.025942,0.000321,0.387191,0.031057,
0.074867,0.004381,0.571136,0.048297,
0.135465,0.009540,0.629887,0.053916,
0.190910,0.014671,0.485495,0.048608,
0.205496,0.018562,-0.142966,0.030327,
0.177262,0.017048,0.019707,0.025572,
0.179644,0.020421,0.027081,0.040260,
0.184450,0.024744,0.065374,0.045338,
0.191012,0.029226,0.065238,0.043912,
0.196096,0.032549,0.038179,0.023801,
0.163289,0.027432,0.033871,0.018800,
0.165358,0.029900,0.009353,0.029404,
0.165984,0.033065,0.003576,0.033440,
0.166382,0.036355,0.004283,0.032105,
0.164460,0.039023,-0.038926,0.021675,
0.178397,0.037244,0.390112,0.001199,
0.223909,0.037404,0.505965,0.001915,
0.275491,0.037566,0.519415,0.001331,
0.322238,0.037528,0.419198,-0.001803,
0.342589,0.037430,0.019071,-0.000231,
0.327833,0.035722,0.012587,0.001165,
0.327779,0.035883,-0.011655,0.001861,
0.325551,0.036040,-0.031065,0.001309,
0.322462,0.036007,-0.030454,-0.001701,
0.315909,0.035919,-0.094623,-0.000215,
TIME: 3203 - SYSTEM: Plan 809
0.025942,0.000321,0.387193,0.031057,
0.074868,0.004379,0.571139,0.048297,
0.135465,0.009539,0.629890,0.053916,
0.190910,0.014671,0.485497,0.048608,
0.205497,0.018561,-0.142966,0.030328,
0.177262,0.017046,0.019710,0.025575,
0.179644,0.020418,0.027085,0.040261,
0.184451,0.024743,0.065377,0.045341,
0.191014,0.029217,0.065240,0.043916,
0.196098,0.032536,0.038180,0.023854,
0.163289,0.027426,0.033858,0.018773,
0.165357,0.029882,0.009331,0.029358,
0.165982,0.033058,0.003574,0.033390,
0.166378,0.036340,0.004262,0.032056,
0.164453,0.038996,-0.038982,0.021640,
0.178390,0.037219,0.390112,0.001198,
0.223902,0.037377,0.505964,0.001916,
0.275485,0.037539,0.519420,0.001336,
0.322234,0.037500,0.419225,-0.001798,
0.342590,0.037407,0.019143,-0.000229,
0.327834,0.035699,0.012586,0.001166,
0.327779,0.035857,-0.011657,0.001865,
0.325551,0.036017,-0.031067,0.001309,
0.322462,0.035982,-0.030456,-0.001701,
0.315909,0.035890,-0.094626,-0.000215,
TIME: 3207 - SYSTEM: Plan 810
0.025942,0.000321,0.387192,0.031057,
0.074867,0.004379,0.571136,0.048299,
0.135465,0.009540,0.629888,0.053916,
0.190910,0.014671,0.485496,0.048609,
0.205497,0.018561,-0.142966,0.030328,
0.177262,0.017046,0.019708,0.025573,
0.179644,0.020418,0.027083,0.040259,
0.184450,0.024743,0.065375,0.045342,
0.191013,0.029222,0.065238,0.043913,
0.196097,0.032535,0.038179,0.023814,
0.163289,0.027422,0.033867,0.018788,
0.165358,0.029894,0.009346,0.029395,
0.165983,0.033064,0.003575,0.033441,
0.166381,0.036361,0.004276,0.032100,
0.164458,0.039019,-0.038942,0.021664,
0.178395,0.037241,0.390115,0.001197,
0.223908,0.037402,0.505967,0.001912,
0.275489,0.037568,0.519417,0.001330,
0.322237,0.037529,0.419208,-0.001803,
0.342590,0.037434,0.019090,-0.000235,
0.327834,0.035725,0.012585,0.001166,
0.327779,0.035880,-0.011659,0.001860,
0.325551,0.036037,-0.031068,0.001310,
0.322462,0.036005,-0.030457,-0.001700,
0.315909,0.035912,-0.094625,-0.000212,
TIME: 3211 - SYSTEM: Plan 811
0.025942,0.000321,0.387191,0.031059,
0.074867,0.004381,0.571136,0.048298,
0.135465,0.009540,0.629888,0.053915,
0.190910,0.014670,0.485496,0.048606,
0.205496,0.018561,-0.142966,0.030328,
0.177262,0.017045,0.019708,0.025576,
0.179644,0.020422,0.027082,0.040259,
0.184450,0.024745,0.065374,0.045340,
0.191013,0.029222,0.065238,0.043914,
0.196096,0.032538,0.038179,0.023813,
0.163289,0.027428,0.033868,0.018795,
0.165358,0.029908,0.009349,0.029395,
0.165983,0.033070,0.003575,0.033433,
0.166381,0.036354,0.004278,0.032090,
0.164459,0.039028,-0.038938,0.021662,
0.178396,0.037248,0.390111,0.001197,
0.223908,0.037405,0.505962,0.001913,
0.275490,0.037563,0.519414,0.001334,
0.322237,0.037528,0.419207,-0.001798,
0.342590,0.037429,0.019095,-0.000226,
0.327834,0.035720,0.012585,0.001165,
0.327779,0.035873,-0.011658,0.001862,
0.325551,0.036032,-0.031067,0.001308,
0.322462,0.035998,-0.030456,-0.001701,
0.315909,0.035907,-0.094625,-0.000211,
TIME: 3215 - SYSTEM: Plan 812
0.025942,0.000321,0.387192,0.031057,
0.074867,0.004380,0.571137,0.048297,
0.135465,0.009539,0.629889,0.053915,
0.190910,0.014669,0.485497,0.048607,
0.205497,0.018560,-0.142966,0.030329,
0.177262,0.017044,0.019709,0.025573,
0.179644,0.020415,0.027083,0.040260,
0.184450,0.024740,0.065376,0.045339,
0.191013,0.029219,0.065239,0.043917,
0.196097,0.032537,0.038180,0.023855,
0.163289,0.027420,0.033861,0.018773,
0.165358,0.029886,0.009337,0.029354,
0.165982,0.033055,0.003575,0.033394,
0.166379,0.036339,0.004264,0.032058,
0.164454,0.038991,-0.038975,0.021640,
0.178391,0.037214,0.390110,0.001198,
0.223903,0.037376,0.505961,0.001913,
0.275486,0.037536,0.519416,0.001332,
0.322234,0.037501,0.419221,-0.001801,
0.342590,0.037406,0.019141,-0.000233,
0.327834,0.035700,0.012586,0.001166,
0.327780,0.035853,-0.011657,0.001860,
0.325552,0.036010,-0.031067,0.001312,
0.322462,0.035978,-0.030456,-0.001695,
0.315909,0.035887,-0.094625,-0.000210,
TIME: 3219 - SYSTEM: Plan 813
0.025942,0.000321,0.387193,0.031059,
0.074867,0.004380,0.571138,0.048298,
0.135465,0.009540,0.629890,0.053916,
0.190910,0.014671,0.485497,0.048607,
0.205497,0.018562,-0.142966,0.030328,
0.177262,0.017048,0.019709,0.025572,
0.179644,0.020421,0.027084,0.040260,
0.184451,0.024744,0.065377,0.045338,
0.191014,0.029227,0.065240,0.043912,
0.196098,0.032549,0.038180,0.023801,
0.163290,0.027435,0.033860,0.018798,
0.165357,0.029898,0.009332,0.029402,
0.165982,0.033069,0.003572,0.033448,
0.166379,0.036362,0.004273,0.032110,
0.164456,0.039015,-0.038954,0.021676,
0.178393,0.037236,0.390121,0.001198,
0.223906,0.037398,0.505976,0.001917,
0.275490,0.037556,0.519425,0.001333,
0.322238,0.037518,0.419208,-0.001799,
0.342590,0.037424,0.019071,-0.000229,
0.327834,0.035715,0.012587,0.001165,
0.327779,0.035869,-0.011656,0.001865,
0.325551,0.036026,-0.031066,0.001311,
0.322462,0.035993,-0.030455,-0.001695,
0.315909,0.035898,-0.094625,-0.000205,
TIME: 3223 - SYSTEM: Plan 814
0.025942,0.000321,0.387192,0.031057,
0.074867,0.004380,0.571137,0.048296,
0.135465,0.009540,0.629888,0.053915,
0.190910,0.014669,0.485496,0.048608,
0.205496,0.018559,-0.142966,0.030329,
0.177262,0.017045,0.019708,0.025574,
0.179644,0.020415,0.027082,0.040258,
0.184450,0.024743,0.065375,0.045340,
0.191013,0.029221,0.065238,0.043914,
0.196096,0.032540,0.038179,0.023819,
0.163289,0.027427,0.033868,0.018788,
0.165358,0.029895,0.009348,0.029385,
0.165983,0.033064,0.003576,0.033422,
0.166381,0.036342,0.004277,0.032092,
0.164458,0.038996,-0.038942,0.021667,
0.178395,0.037218,0.390111,0.001199,
0.223908,0.037378,0.505964,0.001916,
0.275489,0.037536,0.519415,0.001333,
0.322236,0.037499,0.419203,-0.001800,
0.342589,0.037403,0.019088,-0.000230,
0.327833,0.035695,0.012588,0.001164,
0.327779,0.035850,-0.011654,0.001864,
0.325551,0.036004,-0.031063,0.001311,
0.322462,0.035970,-0.030453,-0.001696,
0.315909,0.035883,-0.094623,-0.000208,
TIME: 3227 - SYSTEM: Plan 815
0.025942,0.000321,0.387191,0.031057,
0.074867,0.004380,0.571136,0.048297,
0.135465,0.009539,0.629888,0.053916,
0.190910,0.014669,0.485496,0.048608,
0.205496,0.018560,-0.142966,0.030329,
0.177262,0.017044,0.019707,0.025571,
0.179643,0.020417,0.027081,0.040262,
0.184449,0.024741,0.065373,0.045340,
0.191012,0.029222,0.065238,0.043915,
0.196096,0.032540,0.038179,0.023838,
0.163289,0.027433,0.033872,0.018780,
0.165359,0.029889,0.009357,0.029371,
0.165984,0.033063,0.003577,0.033407,
0.166382,0.036353,0.004276,0.032064,
0.164460,0.039000,-0.038941,0.021645,
0.178396,0.037222,0.390101,0.001197,
0.223907,0.037381,0.505948,0.001916,
0.275487,0.037543,0.519401,0.001333,
0.322234,0.037506,0.419206,-0.001800,
0.342590,0.037410,0.019127,-0.000231,
0.327834,0.035704,0.012585,0.001167,
0.327779,0.035861,-0.011659,0.001863,
0.325551,0.036020,-0.031068,0.001307,
0.322462,0.035986,-0.030457,-0.001700,
0.315909,0.035893,-0.094625,-0.000214,
TIME: 3231 - SYSTEM: Plan 816
0.025942,0.000321,0.387191,0.031058,
0.074867,0.004380,0.571136,0.048297,
0.135465,0.009540,0.629888,0.053916,
0.190910,0.014671,0.485496,0.048608,
0.205496,0.018561,-0.142965,0.030328,
0.177262,0.017051,0.019707,0.025573,
0.179644,0.020418,0.027081,0.040261,
0.184450,0.024738,0.065374,0.045340,
0.191013,0.029223,0.065238,0.043915,
0.196096,0.032535,0.038179,0.023827,
0.163289,0.027421,0.033870,0.018782,
0.165358,0.029895,0.009352,0.029376,
0.165984,0.033061,0.003577,0.033414,
0.166381,0.036360,0.004277,0.032075,
0.164459,0.039012,-0.038941,0.021648,
0.178395,0.037234,0.390104,0.001197,
0.223907,0.037394,0.505953,0.001912,
0.275488,0.037552,0.519407,0.001331,
0.322236,0.037516,0.419208,-0.001802,
0.342590,0.037421,0.019120,-0.000230,
0.327834,0.035714,0.012586,0.001166,
0.327780,0.035870,-0.011657,0.001863,
0.325552,0.036024,-0.031066,0.001310,
0.322462,0.035989,-0.030455,-0.001697,
0.315909,0.035900,-0.094625,-0.000210,
TIME: 3235 - SYSTEM: Plan 817
0.025942,0.000321,0.387192,0.031058,
0.074867,0.004381,0.571137,0.048297,
0.135465,0.009540,0.629888,0.053915,
0.190910,0.014671,0.485496,0.048606,
0.205497,0.018562,-0.142965,0.030327,
0.177262,0.017048,0.019708,0.025574,
0.179644,0.020421,0.027082,0.040258,
0.184450,0.024745,0.065375,0.045338,
0.191013,0.029224,0.065239,0.043913,
0.196097,0.032546,0.038179,0.023805,
0.163289,0.027430,0.033866,0.018802,
0.165358,0.029892,0.009345,0.029409,
0.165983,0.033063,0.003574,0.033450,
0.166381,0.036362,0.004278,0.032115,
0.164458,0.039028,-0.038939,0.021675,
0.178395,0.037247,0.390121,0.001200,
0.223909,0.037405,0.505976,0.001916,
0.275491,0.037563,0.519426,0.001337,
0.322239,0.037528,0.419207,-0.001796,
0.342590,0.037435,0.019068,-0.000225,
0.327834,0.035726,0.012587,0.001164,
0.327779,0.035881,-0.011656,0.001863,
0.325551,0.036037,-0.031066,0.001309,
0.322462,0.036003,-0.030455,-0.001698,
0.315909,0.035913,-0.094625,-0.000208,
TIME: 3239 - SYSTEM: Plan 818
0.025942,0.000321,0.387193,0.031058,
0.074868,0.004381,0.571138,0.048297,
0.135465,0.009541,0.629889,0.053914,
0.190910,0.014670,0.485497,0.048606,
0.205497,0.018561,-0.142967,0.030327,
0.177262,0.017049,0.019710,0.025573,
0.179644,0.020416,0.027085,0.040260,
0.184451,0.024739,0.065377,0.045341,
0.191014,0.029221,0.065240,0.043915,
0.196098,0.032532,0.038180,0.023837,
0.163289,0.027422,0.033859,0.018778,
0.165357,0.029875,0.009332,0.029375,
0.165982,0.033046,0.003574,0.033415,
0.166379,0.036339,0.004266,0.032084,
0.164454,0.038994,-0.038972,0.021655,
0.178391,0.037216,0.390119,0.001198,
0.223905,0.037378,0.505973,0.001915,
0.275488,0.037537,0.519426,0.001333,
0.322236,0.037500,0.419219,-0.001801,
0.342590,0.037407,0.019111,-0.000231,
0.327834,0.035700,0.012586,0.001166,
0.327779,0.035858,-0.011657,0.001864,
0.325551,0.036017,-0.031067,0.001309,
0.322462,0.035981,-0.030456,-0.001700,
0.315909,0.035893,-0.094625,-0.000214,
TIME: 3243 - SYSTEM: Plan 819
0.025942,0.000321,0.387193,0.031058,
0.074868,0.004380,0.571138,0.048298,
0.135465,0.009539,0.629890,0.053917,
0.190910,0.014670,0.485497,0.048608,
0.205497,0.018561,-0.142966,0.030328,
0.177262,0.017048,0.019709,0.025572,
0.179644,0.020421,0.027084,0.040261,
0.184451,0.024745,0.065376,0.045339,
0.191014,0.029225,0.065239,0.043915,
0.196097,0.032538,0.038180,0.023824,
0.163289,0.027428,0.033861,0.018788,
0.165358,0.029888,0.009336,0.029385,
0.165982,0.033059,0.003573,0.033425,
0.166379,0.036352,0.004270,0.032088,
0.164455,0.039002,-0.038961,0.021662,
0.178392,0.037223,0.390111,0.001197,
0.223905,0.037388,0.505963,0.001914,
0.275488,0.037547,0.519415,0.001330,
0.322236,0.037510,0.419207,-0.001804,
0.342590,0.037419,0.019098,-0.000233,
0.327834,0.035709,0.012585,0.001166,
0.327780,0.035865,-0.011658,0.001866,
0.325552,0.036021,-0.031068,0.001313,
0.322462,0.035989,-0.030456,-0.001695,
0.315909,0.035898,-0.094625,-0.000209,
TIME: 3246 - SYSTEM: Plan 820
0.025942,0.000322,0.387191,0.031057,
0.074867,0.004381,0.571136,0.048296,
0.135465,0.009541,0.629888,0.053914,
0.190910,0.014671,0.485496,0.048606,
0.205496,0.018561,-0.142966,0.030327,
0.177262,0.017044,0.019707,0.025573,
0.179644,0.020421,0.027081,0.040259,
0.184449,0.024742,0.065374,0.045339,
0.191012,0.029224,0.065238,0.043915,
0.196096,0.032540,0.038179,0.023828,
0.163289,0.027427,0.033871,0.018782,
0.165358,0.029886,0.009355,0.029379,
0.165984,0.033048,0.003576,0.033424,
0.166382,0.036332,0.004277,0.032094,
0.164459,0.038985,-0.038938,0.021674,
0.178395,0.037208,0.390110,0.001199,
0.223908,0.037367,0.505962,0.001916,
0.275489,0.037525,0.519411,0.001335,
0.322237,0.037489,0.419196,-0.001797,
0.342588,0.037396,0.019077,-0.000227,
0.327832,0.035686,0.012589,0.001168,
0.327778,0.035840,-0.011653,0.001866,
0.325551,0.036000,-0.031062,0.001315,
0.322462,0.035963,-0.030451,-0.001694,
0.315909,0.035871,-0.094622,-0.000206,
TIME: 3250 - SYSTEM: Plan 821
0.025942,0.000321,0.387193,0.031057,
0.074868,0.004379,0.571138,0.048297,
0.135465,0.009539,0.629890,0.053917,
0.190910,0.014670,0.485497,0.048608,
0.205497,0.018560,-0.142966,0.030329,
0.177262,0.017044,0.019710,0.025572,
0.179644,0.020416,0.027085,0.040259,
0.184451,0.024739,0.065377,0.045340,
0.191014,0.029220,0.065240,0.043916,
0.196098,0.032538,0.038180,0.023851,
0.163289,0.027432,0.033858,0.018767,
0.165357,0.029891,0.009330,0.029357,
0.165982,0.033063,0.003573,0.033393,
0.166378,0.036350,0.004262,0.032057,
0.164453,0.039001,-0.038982,0.021636,
0.178390,0.037223,0.390112,0.001198,
0.223902,0.037382,0.505962,0.001912,
0.275484,0.037545,0.519418,0.001332,
0.322233,0.037506,0.419225,-0.001800,
0.342591,0.037412,0.019149,-0.000230,
0.327835,0.035705,0.012585,0.001166,
0.327780,0.035860,-0.011659,0.001864,
0.325552,0.036015,-0.031068,0.001313,
0.322462,0.035983,-0.030458,-0.001696,
0.315908,0.035890,-0.094627,-0.000209,
TIME: 3253 - SYSTEM: Plan 822
0.025942,0.000321,0.387192,0.031057,
0.074868,0.004380,0.571137,0.048297,
0.135465,0.009540,0.629888,0.053916,
0.190910,0.014670,0.485496,0.048607,
0.205496,0.018561,-0.142965,0.030328,
0.177262,0.017046,0.019708,0.025575,
0.179644,0.020418,0.027082,0.040262,
0.184450,0.024742,0.065374,0.045341,
0.191013,0.029217,0.065238,0.043916,
0.196096,0.032535,0.038179,0.023842,
0.163289,0.027428,0.033869,0.018781,
0.165358,0.029874,0.009350,0.029368,
0.165984,0.033057,0.003576,0.033402,
0.166381,0.036337,0.004273,0.032071,
0.164458,0.038998,-0.038952,0.021650,
0.178394,0.037219,0.390108,0.001197,
0.223906,0.037377,0.505958,0.001913,
0.275487,0.037537,0.519412,0.001334,
0.322235,0.037501,0.419211,-0.001798,
0.342589,0.037405,0.019120,-0.000226,
0.327834,0.035697,0.012587,0.001167,
0.327779,0.035852,-0.011656,0.001863,
0.325551,0.036011,-0.031065,0.001311,
0.322462,0.035978,-0.030454,-0.001699,
0.315909,0.035890,-0.094624,-0.000213,
TIME: 3257 - SYSTEM: Plan 823
0.025942,0.000321,0.387193,0.031057,
0.074868,0.004380,0.571139,0.048297,
0.135465,0.009539,0.629890,0.053916,
0.190910,0.014670,0.485498,0.048608,
0.205497,0.018559,-0.142966,0.030329,
0.177262,0.017045,0.019709,0.025573,
0.179644,0.020415,0.027084,0.040260,
0.184451,0.024737,0.065377,0.045339,
0.191014,0.029219,0.065240,0.043915,
0.196098,0.032535,0.038180,0.023846,
0.163289,0.027428,0.033859,0.018776,
0.165357,0.029887,0.009332,0.029366,
0.165982,0.033064,0.003574,0.033403,
0.166378,0.036342,0.004264,0.032066,
0.164453,0.039002,-0.038977,0.021645,
0.178391,0.037223,0.390115,0.001198,
0.223903,0.037382,0.505967,0.001914,
0.275486,0.037546,0.519422,0.001333,
0.322235,0.037508,0.419224,-0.001801,
0.342591,0.037410,0.019132,-0.000232,
0.327834,0.035704,0.012585,0.001165,
0.327780,0.035862,-0.011658,0.001862,
0.325551,0.036019,-0.031068,0.001308,
0.322462,0.035985,-0.030457,-0.001700,
0.315909,0.035892,-0.094626,-0.000213,
TIME: 3262 - SYSTEM: Plan 824
0.025942,0.000321,0.387192,0.031059,
0.074867,0.004381,0.571137,0.048299,
0.135465,0.009540,0.629888,0.053918,
0.190910,0.014671,0.485496,0.048608,
0.205497,0.018561,-0.142965,0.030328,
0.177262,0.017050,0.019708,0.025574,
0.179644,0.020416,0.027082,0.040262,
0.184450,0.024739,0.065375,0.045342,
0.191013,0.029220,0.065238,0.043916,
0.196097,0.032532,0.038179,0.023837,
0.163289,0.027419,0.033867,0.018785,
0.165358,0.029875,0.009346,0.029374,
0.165983,0.033041,0.003575,0.033414,
0.166380,0.036322,0.004272,0.032079,
0.164457,0.038978,-0.038954,0.021662,
0.178394,0.037199,0.390108,0.001197,
0.223906,0.037359,0.505960,0.001915,
0.275487,0.037519,0.519411,0.001334,
0.322235,0.037486,0.419204,-0.001798,
0.342589,0.037390,0.019100,-0.000230,
0.327833,0.035681,0.012587,0.001165,
0.327779,0.035838,-0.011655,0.001865,
0.325551,0.035996,-0.031065,0.001312,
0.322462,0.035959,-0.030454,-0.001697,
0.315909,0.035871,-0.094624,-0.000210,
TIME: 3267 - SYSTEM: Plan 825
0.025942,0.000321,0.387192,0.031057,
0.074867,0.004380,0.571137,0.048296,
0.135465,0.009540,0.629889,0.053915,
0.190910,0.014669,0.485496,0.048607,
0.205497,0.018560,-0.142966,0.030329,
0.177262,0.017045,0.019709,0.025575,
0.179644,0.020419,0.027083,0.040260,
0.184450,0.024746,0.065376,0.045338,
0.191013,0.029222,0.065239,0.043912,
0.196097,0.032539,0.038180,0.023784,
0.163289,0.027426,0.033863,0.018814,
0.165358,0.029901,0.009337,0.029426,
0.165982,0.033074,0.003572,0.033472,
0.166380,0.036361,0.004278,0.032133,
0.164457,0.039034,-0.038938,0.021689,
0.178395,0.037253,0.390124,0.001198,
0.223908,0.037414,0.505981,0.001914,
0.275492,0.037576,0.519428,0.001332,
0.322240,0.037541,0.419201,-0.001802,
0.342590,0.037444,0.019042,-0.000233,
0.327834,0.035734,0.012586,0.001166,
0.327779,0.035886,-0.011657,0.001863,
0.325551,0.036045,-0.031066,0.001312,
0.322462,0.036013,-0.030455,-0.001696,
0.315909,0.035923,-0.094625,-0.000207,
TIME: 3272 - SYSTEM: Plan 826
0.025942,0.000321,0.387192,0.031058,
0.074867,0.004380,0.571137,0.048297,
0.135465,0.009539,0.629888,0.053916,
0.190910,0.014669,0.485496,0.048607,
0.205497,0.018559,-0.142967,0.030328,
0.177262,0.017045,0.019708,0.025569,
0.179644,0.020419,0.027082,0.040262,
0.184450,0.024736,0.065375,0.045339,
0.191013,0.029223,0.065238,0.043916,
0.196096,0.032541,0.038179,0.023848,
0.163289,0.027434,0.033867,0.018777,
0.165358,0.029908,0.009347,0.029353,
0.165983,0.033074,0.003576,0.033385,
0.166380,0.036354,0.004270,0.032047,
0.164457,0.039012,-0.038959,0.021630,
0.178393,0.037233,0.390105,0.001199,
0.223905,0.037393,0.505954,0.001913,
0.275485,0.037558,0.519411,0.001332,
0.322233,0.037520,0.419222,-0.001802,
0.342590,0.037423,0.019157,-0.000233,
0.327834,0.035715,0.012584,0.001166,
0.327779,0.035871,-0.011659,0.001860,
0.325551,0.036026,-0.031069,0.001309,
0.322462,0.035992,-0.030458,-0.001698,
0.315908,0.035903,-0.094625,-0.000211,
TIME: 3276 - SYSTEM: Plan 827
0.025942,0.000321,0.387192,0.031057,
0.074867,0.004381,0.571137,0.048296,
0.135465,0.009541,0.629889,0.053915,
0.190910,0.014671,0.485497,0.048606,
0.205497,0.018562,-0.142965,0.030326,
0.177262,0.017048,0.019708,0.025575,
0.179644,0.020420,0.027083,0.040259,
0.184450,0.024744,0.065375,0.045339,
0.191013,0.029223,0.065238,0.043913,
0.196097,0.032540,0.038179,0.023809,
0.163289,0.027426,0.033864,0.018797,
0.165358,0.029894,0.009341,0.029399,
0.165983,0.033059,0.003574,0.033444,
0.166380,0.036341,0.004275,0.032110,
0.164457,0.039008,-0.038946,0.021677,
0.178394,0.037229,0.390118,0.001198,
0.223908,0.037393,0.505973,0.001915,
0.275491,0.037552,0.519422,0.001332,
0.322238,0.037514,0.419203,-0.001801,
0.342589,0.037422,0.019068,-0.000232,
0.327833,0.035713,0.012587,0.001166,
0.327779,0.035870,-0.011655,0.001866,
0.325551,0.036025,-0.031065,0.001311,
0.322462,0.035992,-0.030454,-0.001696,
0.315909,0.035901,-0.094624,-0.000208,
TIME: 3280 - SYSTEM: Plan 828
0.025942,0.000321,0.387192,0.031058,
0.074867,0.004379,0.571138,0.048297,
0.135465,0.009539,0.629889,0.053916,
0.190910,0.014670,0.485497,0.048607,
0.205497,0.018561,-0.142966,0.030328,
0.177262,0.017045,0.019709,0.025575,
0.179644,0.020421,0.027083,0.040261,
0.184450,0.024744,0.065376,0.045340,
0.191013,0.029221,0.065239,0.043914,
0.196097,0.032535,0.038180,0.023814,
0.163289,0.027419,0.033865,0.018787,
0.165358,0.029888,0.009342,0.029390,
0.165983,0.033062,0.003574,0.033434,
0.166380,0.036352,0.004274,0.032098,
0.164457,0.039017,-0.038948,0.021667,
0.178394,0.037237,0.390115,0.001197,
0.223907,0.037398,0.505967,0.001912,
0.275488,0.037557,0.519417,0.001330,
0.322236,0.037519,0.419205,-0.001801,
0.342590,0.037426,0.019087,-0.000230,
0.327834,0.035718,0.012586,0.001164,
0.327779,0.035876,-0.011657,0.001863,
0.325551,0.036028,-0.031067,0.001310,
0.322462,0.035997,-0.030456,-0.001698,
0.315909,0.035905,-0.094624,-0.000209,
TIME: 3283 - SYSTEM: Plan 829
0.025942,0.000321,0.387192,0.031058,
0.074868,0.004380,0.571138,0.048298,
0.135465,0.009540,0.629889,0.053916,
0.190910,0.014671,0.485497,0.048608,
0.205497,0.018562,-0.142966,0.030327,
0.177262,0.017046,0.019709,0.025573,
0.179644,0.020422,0.027083,0.040262,
0.184450,0.024746,0.065376,0.045340,
0.191013,0.029227,0.065239,0.043914,
0.196097,0.032541,0.038180,0.023819,
0.163289,0.027425,0.033864,0.018791,
0.165358,0.029905,0.009340,0.029394,
0.165983,0.033074,0.003574,0.033429,
0.166380,0.036365,0.004273,0.032089,
0.164456,0.039020,-0.038954,0.021653,
0.178393,0.037242,0.390117,0.001196,
0.223906,0.037400,0.505969,0.001913,
0.275488,0.037563,0.519423,0.001332,
0.322235,0.037523,0.419218,-0.001802,
0.342591,0.037428,0.019110,-0.000232,
0.327835,0.035719,0.012585,0.001168,
0.327780,0.035875,-0.011659,0.001864,
0.325552,0.036033,-0.031069,0.001310,
0.322462,0.035997,-0.030458,-0.001698,
0.315908,0.035908,-0.094627,-0.000211,
TIME: 3288 - SYSTEM: Plan 830
0.025942,0.000322,0.387193,0.031056,
0.074867,0.004381,0.571138,0.048297,
0.135465,0.009540,0.629889,0.053915,
0.190910,0.014671,0.485497,0.048607,
0.205497,0.018561,-0.142966,0.030328,
0.177262,0.017045,0.019709,0.025574,
0.179644,0.020418,0.027083,0.040262,
0.184450,0.024744,0.065376,0.045341,
0.191013,0.029223,0.065239,0.043913,
0.196097,0.032535,0.038180,0.023801,
0.163289,0.027424,0.033862,0.018807,
0.165358,0.029883,0.009336,0.029413,
0.165982,0.033058,0.003572,0.033457,
0.166379,0.036342,0.004274,0.032115,
0.164456,0.039009,-0.038949,0.021686,
0.178394,0.037231,0.390121,0.001197,
0.223908,0.037391,0.505978,0.001914,
0.275491,0.037556,0.519426,0.001332,
0.322238,0.037519,0.419203,-0.001803,
0.342590,0.037426,0.019053,-0.000234,
0.327834,0.035717,0.012587,0.001165,
0.327779,0.035871,-0.011656,0.001862,
0.325551,0.036030,-0.031066,0.001311,
0.322462,0.035997,-0.030455,-0.001697,
0.315909,0.035909,-0.094624,-0.000210,
TIME: 3292 - SYSTEM: Plan 831
0.025942,0.000321,0.387193,0.031057,
0.074868,0.004380,0.571139,0.048296,
0.135465,0.009540,0.629890,0.053915,
0.190910,0.014670,0.485497,0.048606,
0.205497,0.018560,-0.142967,0.030327,
0.177262,0.017047,0.019710,0.025571,
0.179644,0.020420,0.027085,0.040260,
0.184451,0.024747,0.065378,0.045338,
0.191014,0.029221,0.065241,0.043913,
0.196098,0.032538,0.038180,0.023793,
0.163290,0.027434,0.033859,0.018809,
0.165357,0.029908,0.009330,0.029415,
0.165982,0.033090,0.003572,0.033450,
0.166379,0.036383,0.004274,0.032108,
0.164456,0.039028,-0.038951,0.021668,
0.178392,0.037247,0.390122,0.001198,
0.223906,0.037409,0.505976,0.001915,
0.275490,0.037571,0.519428,0.001333,
0.322239,0.037533,0.419214,-0.001803,
0.342591,0.037439,0.019082,-0.000232,
0.327835,0.035729,0.012583,0.001165,
0.327780,0.035885,-0.011660,0.001862,
0.325551,0.036043,-0.031070,0.001311,
0.322462,0.036009,-0.030459,-0.001699,
0.315909,0.035919,-0.094627,-0.000210,
TIME: 3295 - SYSTEM: Plan 832
0.025942,0.000321,0.387193,0.031058,
0.074868,0.004381,0.571138,0.048297,
0.135465,0.009539,0.629890,0.053916,
0.190910,0.014669,0.485497,0.048608,
0.205497,0.018558,-0.142966,0.030328,
0.177262,0.017044,0.019709,0.025573,
0.179644,0.020418,0.027084,0.040259,
0.184450,0.024743,0.065376,0.045337,
0.191013,0.029222,0.065239,0.043915,
0.196097,0.032543,0.038180,0.023839,
0.163289,0.027432,0.033862,0.018779,
0.165358,0.029892,0.009338,0.029362,
0.165982,0.033072,0.003574,0.033405,
0.166379,0.036337,0.004268,0.032067,
0.164455,0.038981,-0.038966,0.021650,
0.178392,0.037205,0.390113,0.001198,
0.223904,0.037361,0.505966,0.001915,
0.275486,0.037525,0.519418,0.001332,
0.322234,0.037489,0.419216,-0.001799,
0.342590,0.037396,0.019123,-0.000231,
0.327834,0.035690,0.012587,0.001166,
0.327779,0.035843,-0.011656,0.001864,
0.325551,0.036003,-0.031065,0.001313,
0.322462,0.035966,-0.030454,-0.001696,
0.315909,0.035878,-0.094625,-0.000210,
TIME: 3299 - SYSTEM: Plan 833
0.025942,0.000321,0.387191,0.031057,
0.074867,0.004380,0.571135,0.048298,
0.135465,0.009540,0.629887,0.053916,
0.190910,0.014669,0.485495,0.048608,
0.205496,0.018560,-0.142966,0.030329,
0.177262,0.017045,0.019706,0.025574,
0.179643,0.020417,0.027080,0.040262,
0.184449,0.024741,0.065372,0.045340,
0.191012,0.029219,0.065237,0.043916,
0.196095,0.032542,0.038179,0.023860,
0.163289,0.027429,0.033874,0.018758,
0.165359,0.029894,0.009361,0.029342,
0.165985,0.033062,0.003579,0.033378,
0.166382,0.036344,0.004274,0.032051,
0.164459,0.038997,-0.038948,0.021633,
0.178395,0.037219,0.390099,0.001198,
0.223907,0.037381,0.505946,0.001916,
0.275486,0.037536,0.519402,0.001333,
0.322233,0.037502,0.419211,-0.001798,
0.342589,0.037407,0.019152,-0.000229,
0.327833,0.035700,0.012587,0.001166,
0.327779,0.035850,-0.011656,0.001865,
0.325551,0.036010,-0.031066,0.001312,
0.322462,0.035979,-0.030454,-0.001696,
0.315909,0.035886,-0.094624,-0.000210,
TIME: 3303 - SYSTEM: Plan 834
0.025942,0.000321,0.387192,0.031056,
0.074867,0.004379,0.571137,0.048297,
0.135465,0.009538,0.629888,0.053917,
0.190910,0.014669,0.485497,0.048609,
0.205497,0.018561,-0.142965,0.030329,
0.177262,0.017047,0.019708,0.025578,
0.179644,0.020418,0.027082,0.040259,
0.184450,0.024740,0.065375,0.045339,
0.191013,0.029217,0.065238,0.043912,
0.196097,0.032529,0.038179,0.023780,
0.163289,0.027420,0.033868,0.018817,
0.165358,0.029890,0.009345,0.029429,
0.165983,0.033063,0.003574,0.033475,
0.166381,0.036353,0.004283,0.032138,
0.164460,0.039010,-0.038925,0.021699,
0.178396,0.037233,0.390118,0.001199,
0.223909,0.037391,0.505974,0.001915,
0.275492,0.037549,0.519419,0.001334,
0.322240,0.037517,0.419188,-0.001799,
0.342589,0.037419,0.019025,-0.000228,
0.327833,0.035713,0.012587,0.001166,
0.327779,0.035871,-0.011655,0.001863,
0.325551,0.036027,-0.031065,0.001309,
0.322462,0.035996,-0.030454,-0.001704,
0.315909,0.035907,-0.094623,-0.000214,
TIME: 3307 - SYSTEM: Plan 835
0.025942,0.000321,0.387193,0.031058,
0.074868,0.004380,0.571138,0.048297,
0.135465,0.009540,0.629890,0.053916,
0.190910,0.014669,0.485497,0.048608,
0.205497,0.018559,-0.142967,0.030329,
0.177262,0.017045,0.019709,0.025573,
0.179644,0.020414,0.027083,0.040261,
0.184450,0.024740,0.065376,0.045342,
0.191013,0.029224,0.065239,0.043915,
0.196097,0.032538,0.038180,0.023841,
0.163289,0.027427,0.033862,0.018776,
0.165358,0.029892,0.009338,0.029354,
0.165982,0.033059,0.003575,0.033390,
0.166379,0.036346,0.004267,0.032062,
0.164455,0.039010,-0.038967,0.021642,
0.178392,0.037231,0.390111,0.001197,
0.223904,0.037389,0.505963,0.001913,
0.275485,0.037548,0.519418,0.001334,
0.322234,0.037512,0.419220,-0.001796,
0.342590,0.037420,0.019137,-0.000227,
0.327834,0.035712,0.012586,0.001167,
0.327779,0.035867,-0.011657,0.001865,
0.325551,0.036026,-0.031066,0.001311,
0.322462,0.035990,-0.030455,-0.001698,
0.315909,0.035900,-0.094625,-0.000210,
TIME: 3311 - SYSTEM: Plan 836
0.025942,0.000321,0.387192,0.031056,
0.074867,0.004381,0.571137,0.048297,
0.135465,0.009540,0.629888,0.053915,
0.190910,0.014669,0.485496,0.048608,
0.205496,0.018559,-0.142965,0.030328,
0.177262,0.017044,0.019708,0.025574,
0.179644,0.020414,0.027082,0.040263,
0.184450,0.024737,0.065374,0.045339,
0.191013,0.029225,0.065238,0.043917,
0.196096,0.032541,0.038179,0.023853,
0.163289,0.027434,0.033869,0.018765,
0.165358,0.029890,0.009352,0.029345,
0.165984,0.033060,0.003577,0.033385,
0.166381,0.036348,0.004271,0.032050,
0.164457,0.038999,-0.038956,0.021632,
0.178394,0.037220,0.390101,0.001196,
0.223905,0.037380,0.505948,0.001914,
0.275485,0.037540,0.519403,0.001332,
0.322233,0.037504,0.419215,-0.001800,
0.342590,0.037414,0.019154,-0.000231,
0.327834,0.035706,0.012585,0.001168,
0.327779,0.035866,-0.011658,0.001864,
0.325551,0.036021,-0.031068,0.001308,
0.322462,0.035985,-0.030457,-0.001700,
0.315909,0.035896,-0.094625,-0.000213,
TIME: 3314 - SYSTEM: Plan 837
0.025942,0.000320,0.387191,0.031059,
0.074867,0.004380,0.571136,0.048298,
0.135465,0.009540,0.629888,0.053916,
0.190910,0.014670,0.485496,0.048607,
0.205496,0.018561,-0.142965,0.030328,
0.177262,0.017044,0.019707,0.025573,
0.179644,0.020421,0.027081,0.040259,
0.184450,0.024742,0.065374,0.045339,
0.191012,0.029224,0.065238,0.043915,
0.196096,0.032540,0.038179,0.023829,
0.163289,0.027430,0.033870,0.018785,
0.165358,0.029883,0.009353,0.029377,
0.165984,0.033063,0.003576,0.033425,
0.166382,0.036362,0.004277,0.032090,
0.164459,0.039018,-0.038940,0.021657,
0.178396,0.037236,0.390106,0.001199,
0.223907,0.037399,0.505956,0.001915,
0.275489,0.037558,0.519407,0.001335,
0.322236,0.037523,0.419203,-0.001798,
0.342590,0.037426,0.019104,-0.000228,
0.327834,0.035719,0.012586,0.001165,
0.327779,0.035870,-0.011657,0.001864,
0.325551,0.036027,-0.031067,0.001312,
0.322462,0.035992,-0.030456,-0.001698,
0.315909,0.035901,-0.094625,-0.000208,
TIME: 3319 - SYSTEM: Plan 838
0.025942,0.000321,0.387192,0.031057,
0.074867,0.004380,0.571137,0.048298,
0.135465,0.009540,0.629888,0.053916,
0.190910,0.014670,0.485496,0.048608,
0.205496,0.018561,-0.142966,0.030328,
0.177262,0.017046,0.019708,0.025573,
0.179644,0.020417,0.027082,0.040260,
0.184450,0.024740,0.065374,0.045341,
0.191013,0.029222,0.065238,0.043915,
0.196096,0.032540,0.038179,0.023836,
0.163289,0.027429,0.033867,0.018779,
0.165358,0.029895,0.009347,0.029369,
0.165983,0.033060,0.003576,0.033411,
0.166381,0.036355,0.004273,0.032081,
0.164457,0.039007,-0.038952,0.021652,
0.178394,0.037228,0.390106,0.001198,
0.223906,0.037389,0.505956,0.001914,
0.275488,0.037551,0.519408,0.001329,
0.322235,0.037511,0.419207,-0.001802,
0.342590,0.037417,0.019115,-0.000230,
0.327834,0.035711,0.012586,0.001166,
0.327779,0.035864,-0.011657,0.001862,
0.325551,0.036014,-0.031066,0.001309,
0.322462,0.035983,-0.030455,-0.001696,
0.315909,0.035887,-0.094625,-0.000206,
TIME: 3322 - SYSTEM: Plan 839
0.025942,0.000321,0.387192,0.031057,
0.074867,0.004380,0.571137,0.048297,
0.135465,0.009540,0.629889,0.053916,
0.190910,0.014671,0.485496,0.048608,
0.205497,0.018561,-0.142966,0.030328,
0.177262,0.017049,0.019708,0.025573,
0.179644,0.020421,0.027082,0.040259,
0.184450,0.024742,0.065375,0.045338,
0.191013,0.029219,0.065238,0.043913,
0.196097,0.032538,0.038179,0.023806,
0.163289,0.027422,0.033867,0.018799,
0.165358,0.029893,0.009346,0.029401,
0.165983,0.033058,0.003574,0.033443,
0.166381,0.036356,0.004278,0.032102,
0.164458,0.039019,-0.038938,0.021671,
0.178395,0.037243,0.390114,0.001198,
0.223908,0.037403,0.505968,0.001913,
0.275489,0.037563,0.519418,0.001331,
0.322238,0.037528,0.419204,-0.001803,
0.342590,0.037434,0.019079,-0.000233,
0.327834,0.035723,0.012586,0.001164,
0.327779,0.035881,-0.011657,0.001863,
0.325551,0.036036,-0.031067,0.001312,
0.322462,0.036004,-0.030456,-0.001697,
0.315909,0.035913,-0.094625,-0.000209,
TIME: 3326 - SYSTEM: Plan 840
0.025942,0.000321,0.387192,0.031057,
0.074868,0.004380,0.571137,0.048296,
0.135465,0.009540,0.629889,0.053916,
0.190910,0.014670,0.485497,0.048607,
0.205497,0.018561,-0.142966,0.030328,
0.177262,0.017047,0.019709,0.025578,
0.179644,0.020418,0.027083,0.040259,
0.184450,0.024740,0.065376,0.045339,
0.191013,0.029217,0.065239,0.043912,
0.196097,0.032529,0.038180,0.023785,
0.163289,0.027419,0.033864,0.018807,
0.165358,0.029887,0.009339,0.029417,
0.165983,0.033063,0.003573,0.033468,
0.166380,0.036344,0.004279,0.032136,
0.164458,0.039006,-0.038935,0.021699,
0.178395,0.037227,0.390127,0.001197,
0.223909,0.037384,0.505987,0.001914,
0.275493,0.037543,0.519431,0.001334,
0.322240,0.037509,0.419198,-0.001798,
0.342589,0.037413,0.019027,-0.000228,
0.327833,0.035705,0.012590,0.001166,
0.327778,0.035857,-0.011652,0.001866,
0.325551,0.036017,-0.031061,0.001313,
0.322462,0.035980,-0.030451,-0.001698,
0.315909,0.035894,-0.094622,-0.000208,
TIME: 3329 - SYSTEM: Plan 841
0.025942,0.000321,0.387193,0.031058,
0.074868,0.004380,0.571138,0.048297,
0.135465,0.009540,0.629889,0.053915,
0.190910,0.014670,0.485496,0.048607,
0.205497,0.018561,-0.142967,0.030328,
0.177262,0.017049,0.019708,0.025573,
0.179644,0.020417,0.027083,0.040260,
0.184450,0.024741,0.065375,0.045341,
0.191013,0.029222,0.065238,0.043915,
0.196097,0.032536,0.038180,0.023839,
0.163289,0.027429,0.033866,0.018776,
0.165358,0.029891,0.009344,0.029370,
0.165983,0.033062,0.003575,0.033409,
0.166380,0.036344,0.004271,0.032067,
0.164456,0.039010,-0.038958,0.021647,
0.178394,0.037232,0.390114,0.001198,
0.223905,0.037394,0.505965,0.001914,
0.275487,0.037556,0.519419,0.001328,
0.322235,0.037517,0.419219,-0.001805,
0.342590,0.037424,0.019125,-0.000234,
0.327834,0.035715,0.012586,0.001164,
0.327779,0.035873,-0.011657,0.001862,
0.325551,0.036027,-0.031067,0.001309,
0.322462,0.035991,-0.030456,-0.001699,
0.315909,0.035904,-0.094625,-0.000210,
TIME: 3333 - SYSTEM: Plan 842
0.025942,0.000321,0.387192,0.031057,
0.074868,0.004379,0.571137,0.048297,
0.135465,0.009539,0.629888,0.053917,
0.190910,0.014669,0.485496,0.048609,
0.205497,0.018559,-0.142965,0.030329,
0.177262,0.017045,0.019708,0.025573,
0.179644,0.020415,0.027082,0.040260,
0.184450,0.024737,0.065375,0.045339,
0.191013,0.029219,0.065238,0.043915,
0.196097,0.032535,0.038179,0.023846,
0.163289,0.027424,0.033866,0.018777,
0.165358,0.029887,0.009347,0.029363,
0.165983,0.033070,0.003576,0.033405,
0.166380,0.036349,0.004270,0.032062,
0.164457,0.039019,-0.038958,0.021636,
0.178394,0.037241,0.390107,0.001196,
0.223906,0.037400,0.505955,0.001915,
0.275486,0.037565,0.519410,0.001333,
0.322234,0.037528,0.419219,-0.001802,
0.342591,0.037433,0.019144,-0.000233,
0.327835,0.035725,0.012585,0.001167,
0.327780,0.035884,-0.011659,0.001861,
0.325552,0.036042,-0.031069,0.001308,
0.322462,0.036006,-0.030458,-0.001701,
0.315908,0.035916,-0.094627,-0.000214,
TIME: 3337 - SYSTEM: Plan 843
0.025942,0.000321,0.387193,0.031059,
0.074868,0.004380,0.571138,0.048297,
0.135465,0.009540,0.629890,0.053917,
0.190910,0.014670,0.485498,0.048607,
0.205497,0.018561,-0.142966,0.030327,
0.177262,0.017046,0.019709,0.025575,
0.179644,0.020422,0.027084,0.040263,
0.184451,0.024745,0.065377,0.045338,
0.191014,0.029219,0.065240,0.043914,
0.196098,0.032537,0.038180,0.023810,
0.163290,0.027421,0.033860,0.018804,
0.165357,0.029895,0.009332,0.029395,
0.165982,0.033060,0.003572,0.033429,
0.166379,0.036358,0.004271,0.032092,
0.164455,0.039020,-0.038958,0.021661,
0.178392,0.037242,0.390119,0.001198,
0.223906,0.037402,0.505975,0.001911,
0.275488,0.037564,0.519428,0.001329,
0.322237,0.037524,0.419218,-0.001803,
0.342591,0.037431,0.019098,-0.000232,
0.327834,0.035723,0.012585,0.001164,
0.327780,0.035876,-0.011659,0.001865,
0.325551,0.036034,-0.031068,0.001313,
0.322462,0.036001,-0.030457,-0.001696,
0.315909,0.035910,-0.094626,-0.000208,
TIME: 3340 - SYSTEM: Plan 844
0.025942,0.000321,0.387192,0.031058,
0.074867,0.004380,0.571137,0.048295,
0.135465,0.009540,0.629888,0.053915,
0.190910,0.014671,0.485496,0.048607,
0.205496,0.018562,-0.142966,0.030327,
0.177262,0.017047,0.019707,0.025576,
0.179644,0.020421,0.027081,0.040260,
0.184450,0.024746,0.065374,0.045339,
0.191012,0.029223,0.065238,0.043915,
0.196096,0.032540,0.038179,0.023829,
0.163289,0.027433,0.033870,0.018783,
0.165358,0.029901,0.009353,0.029377,
0.165984,0.033075,0.003576,0.033416,
0.166381,0.036350,0.004277,0.032074,
0.164459,0.039014,-0.038941,0.021651,
0.178395,0.037233,0.390107,0.001198,
0.223907,0.037394,0.505957,0.001916,
0.275488,0.037554,0.519410,0.001333,
0.322236,0.037516,0.419210,-0.001797,
0.342590,0.037422,0.019116,-0.000228,
0.327834,0.035714,0.012587,0.001165,
0.327779,0.035868,-0.011656,0.001864,
0.325551,0.036026,-0.031066,0.001311,
0.322462,0.035993,-0.030455,-0.001696,
0.315909,0.035898,-0.094625,-0.000209,
TIME: 3344 - SYSTEM: Plan 845
0.025942,0.000321,0.387192,0.031057,
0.074867,0.004379,0.571137,0.048297,
0.135465,0.009539,0.629888,0.053916,
0.190910,0.014670,0.485496,0.048608,
0.205497,0.018559,-0.142966,0.030329,
0.177262,0.017044,0.019708,0.025574,
0.179644,0.020414,0.027082,0.040263,
0.184450,0.024737,0.065375,0.045339,
0.191013,0.029225,0.065239,0.043917,
0.196097,0.032541,0.038179,0.023853,
0.163289,0.027431,0.033866,0.018765,
0.165358,0.029887,0.009345,0.029353,
0.165983,0.033062,0.003576,0.033400,
0.166380,0.036343,0.004268,0.032057,
0.164456,0.039000,-0.038964,0.021639,
0.178392,0.037224,0.390108,0.001198,
0.223904,0.037382,0.505958,0.001912,
0.275486,0.037544,0.519411,0.001331,
0.322234,0.037509,0.419218,-0.001801,
0.342590,0.037413,0.019140,-0.000233,
0.327834,0.035707,0.012586,0.001167,
0.327780,0.035866,-0.011657,0.001861,
0.325552,0.036025,-0.031067,0.001308,
0.322462,0.035991,-0.030456,-0.001705,
0.315909,0.035900,-0.094625,-0.000218,
TIME: 3347 - SYSTEM: Plan 846
0.025942,0.000321,0.387192,0.031057,
0.074867,0.004380,0.571137,0.048298,
0.135465,0.009540,0.629888,0.053916,
0.190910,0.014671,0.485496,0.048607,
0.205496,0.018561,-0.142965,0.030328,
0.177262,0.017046,0.019708,0.025575,
0.179644,0.020418,0.027082,0.040261,
0.184450,0.024743,0.065375,0.045341,
0.191013,0.029217,0.065238,0.043916,
0.196096,0.032535,0.038179,0.023854,
0.163289,0.027426,0.033867,0.018773,
0.165358,0.029882,0.009348,0.029358,
0.165983,0.033058,0.003577,0.033390,
0.166380,0.036340,0.004270,0.032056,
0.164457,0.038996,-0.038961,0.021640,
0.178393,0.037219,0.390102,0.001197,
0.223904,0.037377,0.505949,0.001913,
0.275486,0.037538,0.519405,0.001333,
0.322233,0.037503,0.419212,-0.001798,
0.342590,0.037407,0.019141,-0.000229,
0.327834,0.035698,0.012586,0.001168,
0.327779,0.035854,-0.011657,0.001862,
0.325551,0.036014,-0.031066,0.001308,
0.322462,0.035980,-0.030456,-0.001699,
0.315909,0.035892,-0.094625,-0.000212,
TIME: 3351 - SYSTEM: Plan 847
0.025942,0.000322,0.387194,0.031057,
0.074867,0.004381,0.571139,0.048296,
0.135465,0.009540,0.629891,0.053915,
0.190910,0.014670,0.485498,0.048607,
0.205497,0.018561,-0.142966,0.030327,
0.177262,0.017049,0.019710,0.025573,
0.179645,0.020416,0.027085,0.040260,
0.184451,0.024741,0.065378,0.045341,
0.191014,0.029225,0.065240,0.043917,
0.196098,0.032540,0.038180,0.023863,
0.163290,0.027429,0.033855,0.018766,
0.165357,0.029904,0.009326,0.029346,
0.165981,0.033074,0.003573,0.033377,
0.166378,0.036364,0.004257,0.032031,
0.164451,0.039022,-0.038994,0.021610,
0.178388,0.037244,0.390107,0.001195,
0.223900,0.037401,0.505953,0.001913,
0.275482,0.037562,0.519414,0.001335,
0.322232,0.037530,0.419239,-0.001798,
0.342593,0.037434,0.019195,-0.000229,
0.327836,0.035725,0.012580,0.001166,
0.327781,0.035879,-0.011665,0.001865,
0.325552,0.036039,-0.031075,0.001313,
0.322462,0.036004,-0.030463,-0.001696,
0.315908,0.035913,-0.094630,-0.000211,
TIME: 3355 - SYSTEM: Plan 848
0.025942,0.000321,0.387192,0.031057,
0.074867,0.004380,0.571137,0.048296,
0.135465,0.009539,0.629888,0.053916,
0.190910,0.014671,0.485497,0.048609,
0.205497,0.018561,-0.142965,0.030328,
0.177262,0.017046,0.019708,0.025571,
0.179644,0.020420,0.027083,0.040259,
0.184450,0.024741,0.065375,0.045338,
0.191013,0.029222,0.065238,0.043915,
0.196097,0.032543,0.038179,0.023843,
0.163289,0.027427,0.033865,0.018768,
0.165358,0.029871,0.009343,0.029366,
0.165983,0.033053,0.003575,0.033419,
0.166380,0.036340,0.004269,0.032079,
0.164456,0.038986,-0.038961,0.021653,
0.178393,0.037209,0.390112,0.001198,
0.223906,0.037369,0.505964,0.001914,
0.275487,0.037533,0.519414,0.001333,
0.322235,0.037500,0.419212,-0.001801,
0.342590,0.037405,0.019114,-0.000234,
0.327834,0.035698,0.012586,0.001165,
0.327779,0.035855,-0.011657,0.001865,
0.325551,0.036014,-0.031066,0.001309,
0.322462,0.035980,-0.030456,-0.001700,
0.315909,0.035889,-0.094625,-0.000214,
TIME: 3358 - SYSTEM: Plan 849
0.025942,0.000321,0.387193,0.031057,
0.074867,0.004380,0.571138,0.048297,
0.135465,0.009541,0.629890,0.053916,
0.190910,0.014670,0.485497,0.048607,
0.205497,0.018561,-0.142966,0.030327,
0.177262,0.017044,0.019709,0.025574,
0.179644,0.020421,0.027083,0.040259,
0.184450,0.024742,0.065376,0.045339,
0.191013,0.029223,0.065239,0.043911,
0.196097,0.032538,0.038180,0.023767,
0.163289,0.027424,0.033864,0.018825,
0.165358,0.029886,0.009338,0.029443,
0.165982,0.033055,0.003572,0.033494,
0.166380,0.036351,0.004283,0.032167,
0.164459,0.039010,-0.038927,0.021722,
0.178396,0.037231,0.390127,0.001199,
0.223911,0.037393,0.505988,0.001918,
0.275495,0.037554,0.519429,0.001333,
0.322241,0.037515,0.419182,-0.001802,
0.342588,0.037425,0.018985,-0.000231,
0.327833,0.035716,0.012589,0.001165,
0.327779,0.035870,-0.011652,0.001862,
0.325551,0.036026,-0.031061,0.001312,
0.322462,0.035993,-0.030450,-0.001695,
0.315909,0.035903,-0.094622,-0.000205,
TIME: 3362 - SYSTEM: Plan 850
0.025942,0.000321,0.387192,0.031057,
0.074867,0.004380,0.571137,0.048295,
0.135465,0.009538,0.629889,0.053916,
0.190910,0.014669,0.485496,0.048609,
0.205497,0.018560,-0.142967,0.030329,
0.177262,0.017044,0.019708,0.025574,
0.179644,0.020415,0.027082,0.040262,
0.184450,0.024739,0.065375,0.045341,
0.191013,0.029217,0.065238,0.043917,
0.196096,0.032537,0.038179,0.023876,
0.163289,0.027420,0.033866,0.018757,
0.165358,0.029877,0.009347,0.029335,
0.165983,0.033046,0.003577,0.033371,
0.166380,0.036327,0.004264,0.032039,
0.164455,0.038993,-0.038974,0.021630,
0.178392,0.037215,0.390106,0.001198,
0.223903,0.037375,0.505955,0.001914,
0.275485,0.037537,0.519411,0.001332,
0.322233,0.037500,0.419223,-0.001801,
0.342590,0.037405,0.019162,-0.000232,
0.327834,0.035699,0.012587,0.001167,
0.327779,0.035857,-0.011655,0.001863,
0.325551,0.036015,-0.031065,0.001310,
0.322462,0.035981,-0.030454,-0.001698,
0.315909,0.035890,-0.094624,-0.000215,
TIME: 3366 - SYSTEM: Plan 851
0.025942,0.000321,0.387192,0.031059,
0.074867,0.004379,0.571137,0.048297,
0.135465,0.009538,0.629889,0.053915,
0.190910,0.014669,0.485497,0.048609,
0.205497,0.018558,-0.142965,0.030329,
0.177262,0.017045,0.019708,0.025574,
0.179644,0.020413,0.027082,0.040259,
0.184450,0.024735,0.065375,0.045340,
0.191013,0.029215,0.065238,0.043914,
0.196097,0.032528,0.038180,0.023803,
0.163289,0.027415,0.033865,0.018806,
0.165358,0.029880,0.009341,0.029409,
0.165983,0.033045,0.003573,0.033455,
0.166380,0.036335,0.004276,0.032119,
0.164458,0.038989,-0.038942,0.021687,
0.178395,0.037210,0.390118,0.001198,
0.223908,0.037370,0.505974,0.001914,
0.275491,0.037526,0.519421,0.001333,
0.322238,0.037495,0.419198,-0.001797,
0.342589,0.037399,0.019051,-0.000228,
0.327833,0.035692,0.012587,0.001164,
0.327779,0.035847,-0.011655,0.001864,
0.325551,0.036005,-0.031065,0.001309,
0.322462,0.035974,-0.030454,-0.001700,
0.315909,0.035886,-0.094624,-0.000213,
TIME: 3369 - SYSTEM: Plan 852
0.025942,0.000322,0.387192,0.031057,
0.074867,0.004380,0.571137,0.048297,
0.135465,0.009540,0.629889,0.053915,
0.190910,0.014671,0.485496,0.048607,
0.205497,0.018562,-0.142967,0.030327,
0.177262,0.017049,0.019708,0.025573,
0.179644,0.020416,0.027082,0.040262,
0.184450,0.024739,0.065375,0.045342,
0.191013,0.029222,0.065238,0.043917,
0.196097,0.032544,0.038179,0.023871,
0.163289,0.027434,0.033865,0.018752,
0.165358,0.029891,0.009345,0.029323,
0.165983,0.033060,0.003576,0.033368,
0.166380,0.036341,0.004264,0.032024,
0.164455,0.038983,-0.038973,0.021619,
0.178392,0.037204,0.390100,0.001196,
0.223902,0.037364,0.505946,0.001914,
0.275483,0.037525,0.519403,0.001334,
0.322232,0.037485,0.419224,-0.001796,
0.342590,0.037391,0.019182,-0.000226,
0.327834,0.035683,0.012585,0.001169,
0.327780,0.035841,-0.011659,0.001864,
0.325551,0.036000,-0.031069,0.001309,
0.322462,0.035961,-0.030458,-0.001700,
0.315909,0.035873,-0.094626,-0.000212,
TIME: 3373 - SYSTEM: Plan 853
0.025942,0.000320,0.387193,0.031057,
0.074868,0.004380,0.571138,0.048298,
0.135465,0.009539,0.629890,0.053917,
0.190910,0.014670,0.485498,0.048609,
0.205497,0.018561,-0.142965,0.030328,
0.177262,0.017046,0.019709,0.025571,
0.179644,0.020420,0.027084,0.040259,
0.184451,0.024741,0.065377,0.045338,
0.191014,0.029222,0.065240,0.043915,
0.196098,0.032543,0.038180,0.023843,
0.163289,0.027427,0.033859,0.018768,
0.165357,0.029883,0.009331,0.029368,
0.165982,0.033055,0.003573,0.033410,
0.166378,0.036342,0.004264,0.032070,
0.164453,0.039008,-0.038977,0.021648,
0.178391,0.037228,0.390116,0.001198,
0.223903,0.037388,0.505967,0.001915,
0.275486,0.037548,0.519421,0.001333,
0.322235,0.037510,0.419221,-0.001799,
0.342591,0.037416,0.019126,-0.000227,
0.327834,0.035710,0.012585,0.001165,
0.327780,0.035866,-0.011658,0.001863,
0.325551,0.036028,-0.031068,0.001308,
0.322462,0.035994,-0.030457,-0.001702,
0.315909,0.035905,-0.094626,-0.000216,
TIME: 3376 - SYSTEM: Plan 854
0.025942,0.000321,0.387193,0.031057,
0.074867,0.004380,0.571138,0.048297,
0.135465,0.009540,0.629890,0.053916,
0.190910,0.014671,0.485497,0.048607,
0.205497,0.018561,-0.142966,0.030327,
0.177262,0.017047,0.019709,0.025573,
0.179644,0.020423,0.027083,0.040260,
0.184450,0.024745,0.065376,0.045340,
0.191013,0.029226,0.065239,0.043915,
0.196097,0.032541,0.038179,0.023825,
0.163289,0.027428,0.033862,0.018784,
0.165358,0.029887,0.009337,0.029380,
0.165982,0.033056,0.003574,0.033428,
0.166379,0.036354,0.004270,0.032094,
0.164455,0.039018,-0.038960,0.021663,
0.178393,0.037240,0.390117,0.001198,
0.223906,0.037402,0.505971,0.001914,
0.275489,0.037563,0.519421,0.001330,
0.322237,0.037529,0.419211,-0.001804,
0.342590,0.037433,0.019097,-0.000234,
0.327834,0.035725,0.012585,0.001166,
0.327779,0.035878,-0.011659,0.001862,
0.325551,0.036034,-0.031068,0.001310,
0.322462,0.035998,-0.030457,-0.001696,
0.315909,0.035909,-0.094625,-0.000207,
TIME: 3380 - SYSTEM: Plan 855
0.025942,0.000321,0.387193,0.031057,
0.074868,0.004380,0.571139,0.048296,
0.135465,0.009540,0.629890,0.053915,
0.190910,0.014670,0.485498,0.048607,
0.205497,0.018562,-0.142967,0.030327,
0.177262,0.017047,0.019710,0.025573,
0.179644,0.020421,0.027085,0.040263,
0.184451,0.024746,0.065378,0.045339,
0.191014,0.029223,0.065240,0.043914,
0.196098,0.032541,0.038180,0.023816,
0.163290,0.027431,0.033859,0.018796,
0.165357,0.029893,0.009330,0.029385,
0.165982,0.033067,0.003572,0.033430,
0.166378,0.036349,0.004269,0.032094,
0.164454,0.039011,-0.038964,0.021670,
0.178391,0.037233,0.390122,0.001198,
0.223905,0.037389,0.505979,0.001914,
0.275488,0.037552,0.519429,0.001334,
0.322236,0.037517,0.419213,-0.001799,
0.342590,0.037421,0.019085,-0.000230,
0.327834,0.035714,0.012587,0.001165,
0.327779,0.035867,-0.011656,0.001864,
0.325551,0.036023,-0.031066,0.001310,
0.322462,0.035989,-0.030455,-0.001698,
0.315909,0.035898,-0.094624,-0.000209,
TIME: 3384 - SYSTEM: Plan 856
0.025942,0.000322,0.387193,0.031057,
0.074868,0.004380,0.571138,0.048298,
0.135465,0.009539,0.629890,0.053915,
0.190910,0.014669,0.485497,0.048608,
0.205497,0.018559,-0.142967,0.030329,
0.177262,0.017045,0.019710,0.025569,
0.179644,0.020419,0.027085,0.040260,
0.184451,0.024739,0.065377,0.045340,
0.191014,0.029219,0.065240,0.043915,
0.196098,0.032538,0.038180,0.023834,
0.163289,0.027425,0.033859,0.018784,
0.165357,0.029897,0.009332,0.029372,
0.165982,0.033066,0.003573,0.033409,
0.166379,0.036350,0.004267,0.032077,
0.164454,0.039011,-0.038970,0.021650,
0.178391,0.037230,0.390116,0.001198,
0.223905,0.037391,0.505969,0.001913,
0.275487,0.037551,0.519423,0.001333,
0.322235,0.037517,0.419220,-0.001800,
0.342590,0.037422,0.019121,-0.000231,
0.327834,0.035716,0.012585,0.001165,
0.327779,0.035872,-0.011658,0.001862,
0.325552,0.036027,-0.031068,0.001308,
0.322462,0.035994,-0.030457,-0.001699,
0.315909,0.035902,-0.094625,-0.000211,
TIME: 3387 - SYSTEM: Plan 857
0.025942,0.000321,0.387192,0.031056,
0.074867,0.004380,0.571138,0.048298,
0.135465,0.009540,0.629889,0.053916,
0.190910,0.014671,0.485497,0.048608,
0.205497,0.018561,-0.142966,0.030328,
0.177262,0.017050,0.019708,0.025572,
0.179644,0.020416,0.027083,0.040260,
0.184450,0.024741,0.065375,0.045341,
0.191013,0.029225,0.065238,0.043917,
0.196097,0.032540,0.038179,0.023869,
0.163289,0.027423,0.033865,0.018759,
0.165358,0.029889,0.009345,0.029342,
0.165983,0.033063,0.003576,0.033372,
0.166380,0.036344,0.004264,0.032034,
0.164455,0.038997,-0.038973,0.021619,
0.178391,0.037219,0.390103,0.001197,
0.223903,0.037381,0.505949,0.001914,
0.275484,0.037540,0.519408,0.001334,
0.322232,0.037505,0.419227,-0.001798,
0.342591,0.037411,0.019179,-0.000229,
0.327835,0.035705,0.012584,0.001168,
0.327780,0.035857,-0.011660,0.001863,
0.325551,0.036016,-0.031070,0.001314,
0.322462,0.035981,-0.030458,-0.001694,
0.315908,0.035893,-0.094626,-0.000210,
TIME: 3391 - SYSTEM: Plan 858
0.025942,0.000322,0.387192,0.031057,
0.074867,0.004381,0.571137,0.048297,
0.135465,0.009541,0.629889,0.053915,
0.190910,0.014671,0.485497,0.048607,
0.205497,0.018561,-0.142965,0.030327,
0.177262,0.017046,0.019708,0.025575,
0.179644,0.020418,0.027082,0.040261,
0.184450,0.024743,0.065375,0.045341,
0.191013,0.029217,0.065238,0.043916,
0.196097,0.032536,0.038179,0.023854,
0.163289,0.027426,0.033866,0.018773,
0.165358,0.029882,0.009346,0.029358,
0.165983,0.033058,0.003577,0.033390,
0.166380,0.036340,0.004269,0.032056,
0.164456,0.038996,-0.038963,0.021640,
0.178393,0.037218,0.390105,0.001197,
0.223905,0.037379,0.505955,0.001914,
0.275486,0.037540,0.519410,0.001330,
0.322234,0.037500,0.419217,-0.001800,
0.342590,0.037408,0.019141,-0.000231,
0.327834,0.035699,0.012587,0.001168,
0.327779,0.035855,-0.011656,0.001864,
0.325551,0.036013,-0.031066,0.001311,
0.322462,0.035979,-0.030455,-0.001696,
0.315909,0.035889,-0.094625,-0.000211,
TIME: 3394 - SYSTEM: Plan 859
0.025942,0.000321,0.387192,0.031058,
0.074867,0.004380,0.571136,0.048297,
0.135465,0.009540,0.629888,0.053917,
0.190910,0.014670,0.485496,0.048607,
0.205497,0.018561,-0.142965,0.030328,
0.177262,0.017046,0.019708,0.025573,
0.179644,0.020418,0.027083,0.040259,
0.184450,0.024743,0.065375,0.045342,
0.191013,0.029222,0.065239,0.043913,
0.196097,0.032535,0.038179,0.023814,
0.163289,0.027419,0.033866,0.018794,
0.165358,0.029884,0.009345,0.029400,
0.165983,0.033058,0.003575,0.033443,
0.166380,0.036351,0.004276,0.032108,
0.164458,0.039016,-0.038944,0.021670,
0.178395,0.037237,0.390116,0.001199,
0.223908,0.037399,0.505970,0.001912,
0.275490,0.037559,0.519419,0.001329,
0.322237,0.037525,0.419205,-0.001803,
0.342590,0.037428,0.019079,-0.000234,
0.327834,0.035719,0.012586,0.001164,
0.327779,0.035878,-0.011657,0.001864,
0.325551,0.036033,-0.031066,0.001310,
0.322462,0.035998,-0.030455,-0.001698,
0.315909,0.035906,-0.094625,-0.000210,
TIME: 3398 - SYSTEM: Plan 860
0.025942,0.000321,0.387192,0.031057,
0.074867,0.004380,0.571137,0.048297,
0.135465,0.009540,0.629888,0.053916,
0.190910,0.014671,0.485496,0.048607,
0.205496,0.018561,-0.142966,0.030328,
0.177262,0.017046,0.019707,0.025573,
0.179644,0.020418,0.027081,0.040262,
0.184449,0.024744,0.065374,0.045341,
0.191012,0.029224,0.065238,0.043913,
0.196096,0.032535,0.038179,0.023800,
0.163289,0.027421,0.033872,0.018807,
0.165358,0.029889,0.009355,0.029410,
0.165984,0.033048,0.003576,0.033448,
0.166382,0.036326,0.004284,0.032119,
0.164461,0.039001,-0.038924,0.021695,
0.178397,0.037223,0.390113,0.001198,
0.223910,0.037385,0.505968,0.001913,
0.275492,0.037546,0.519415,0.001331,
0.322239,0.037507,0.419187,-0.001801,
0.342588,0.037417,0.019038,-0.000232,
0.327832,0.035707,0.012590,0.001165,
0.327778,0.035859,-0.011651,0.001865,
0.325551,0.036018,-0.031061,0.001311,
0.322462,0.035986,-0.030450,-0.001696,
0.315909,0.035896,-0.094621,-0.000207,
TIME: 3402 - SYSTEM: Plan 861
0.025942,0.000321,0.387194,0.031057,
0.074868,0.004380,0.571139,0.048295,
0.135466,0.009540,0.629891,0.053916,
0.190911,0.014670,0.485498,0.048608,
0.205497,0.018561,-0.142967,0.030328,
0.177262,0.017047,0.019710,0.025573,
0.179644,0.020421,0.027085,0.040261,
0.184451,0.024743,0.065378,0.045340,
0.191014,0.029220,0.065240,0.043914,
0.196098,0.032533,0.038180,0.023815,
0.163290,0.027420,0.033858,0.018791,
0.165357,0.029901,0.009329,0.029394,
0.165982,0.033063,0.003572,0.033433,
0.166378,0.036365,0.004268,0.032093,
0.164454,0.039028,-0.038964,0.021657,
0.178391,0.037247,0.390120,0.001199,
0.223905,0.037411,0.505974,0.001913,
0.275489,0.037573,0.519427,0.001329,
0.322237,0.037537,0.419220,-0.001805,
0.342591,0.037443,0.019104,-0.000236,
0.327835,0.035734,0.012583,0.001167,
0.327780,0.035884,-0.011661,0.001864,
0.325552,0.036039,-0.031071,0.001313,
0.322462,0.036006,-0.030459,-0.001692,
0.315908,0.035916,-0.094627,-0.000204,
TIME: 3405 - SYSTEM: Plan 862
0.025942,0.000321,0.387192,0.031057,
0.074868,0.004380,0.571138,0.048297,
0.135465,0.009540,0.629889,0.053915,
0.190910,0.014670,0.485497,0.048607,
0.205497,0.018561,-0.142966,0.030328,
0.177262,0.017047,0.019709,0.025578,
0.179644,0.020418,0.027083,0.040259,
0.184450,0.024740,0.065376,0.045339,
0.191013,0.029217,0.065239,0.043912,
0.196097,0.032529,0.038180,0.023785,
0.163289,0.027419,0.033863,0.018811,
0.165358,0.029888,0.009337,0.029421,
0.165982,0.033058,0.003572,0.033477,
0.166380,0.036347,0.004278,0.032135,
0.164457,0.039010,-0.038938,0.021697,
0.178395,0.037234,0.390127,0.001198,
0.223909,0.037392,0.505986,0.001914,
0.275492,0.037552,0.519430,0.001332,
0.322241,0.037514,0.419199,-0.001800,
0.342589,0.037422,0.019030,-0.000230,
0.327833,0.035716,0.012587,0.001166,
0.327779,0.035871,-0.011656,0.001864,
0.325551,0.036031,-0.031065,0.001308,
0.322462,0.035996,-0.030454,-0.001701,
0.315909,0.035904,-0.094623,-0.000212,
TIME: 3409 - SYSTEM: Plan 863
0.025942,0.000321,0.387193,0.031057,
0.074868,0.004381,0.571138,0.048297,
0.135465,0.009541,0.629890,0.053915,
0.190910,0.014671,0.485496,0.048606,
0.205497,0.018561,-0.142967,0.030327,
0.177262,0.017045,0.019709,0.025576,
0.179644,0.020422,0.027084,0.040259,
0.184450,0.024745,0.065376,0.045340,
0.191013,0.029222,0.065239,0.043914,
0.196097,0.032538,0.038180,0.023813,
0.163289,0.027421,0.033862,0.018795,
0.165358,0.029899,0.009337,0.029388,
0.165982,0.033070,0.003574,0.033436,
0.166379,0.036354,0.004273,0.032087,
0.164456,0.039016,-0.038953,0.021661,
0.178393,0.037237,0.390115,0.001197,
0.223907,0.037394,0.505969,0.001913,
0.275489,0.037557,0.519420,0.001329,
0.322237,0.037518,0.419213,-0.001803,
0.342590,0.037423,0.019099,-0.000230,
0.327834,0.035713,0.012585,0.001165,
0.327780,0.035870,-0.011658,0.001861,
0.325551,0.036026,-0.031068,0.001312,
0.322462,0.035992,-0.030457,-0.001695,
0.315908,0.035900,-0.094626,-0.000208,
TIME: 3413 - SYSTEM: Plan 864
0.025942,0.000321,0.387191,0.031056,
0.074867,0.004379,0.571136,0.048298,
0.135465,0.009540,0.629887,0.053917,
0.190910,0.014671,0.485495,0.048607,
0.205496,0.018561,-0.142966,0.030328,
0.177261,0.017046,0.019706,0.025575,
0.179643,0.020418,0.027079,0.040262,
0.184449,0.024742,0.065372,0.045341,
0.191012,0.029217,0.065236,0.043916,
0.196095,0.032535,0.038179,0.023842,
0.163288,0.027425,0.033876,0.018778,
0.165359,0.029885,0.009365,0.029368,
0.165985,0.033055,0.003578,0.033403,
0.166383,0.036334,0.004279,0.032069,
0.164461,0.038992,-0.038933,0.021650,
0.178396,0.037217,0.390102,0.001198,
0.223907,0.037372,0.505951,0.001912,
0.275488,0.037534,0.519405,0.001332,
0.322235,0.037498,0.419204,-0.001798,
0.342589,0.037404,0.019119,-0.000228,
0.327833,0.035698,0.012588,0.001165,
0.327779,0.035853,-0.011655,0.001862,
0.325551,0.036011,-0.031065,0.001309,
0.322462,0.035977,-0.030454,-0.001700,
0.315909,0.035887,-0.094623,-0.000213,
TIME: 3416 - SYSTEM: Plan 865
0.025942,0.000321,0.387193,0.031057,
0.074868,0.004380,0.571139,0.048298,
0.135465,0.009540,0.629890,0.053917,
0.190910,0.014670,0.485498,0.048607,
0.205497,0.018561,-0.142966,0.030328,
0.177262,0.017043,0.019710,0.025572,
0.179644,0.020421,0.027085,0.040260,
0.184451,0.024742,0.065378,0.045338,
0.191014,0.029223,0.065240,0.043915,
0.196098,0.032541,0.038180,0.023834,
0.163290,0.027430,0.033856,0.018779,
0.165357,0.029895,0.009326,0.029368,
0.165981,0.033069,0.003572,0.033406,
0.166378,0.036347,0.004264,0.032070,
0.164453,0.039002,-0.038978,0.021651,
0.178390,0.037223,0.390116,0.001198,
0.223902,0.037382,0.505970,0.001915,
0.275485,0.037545,0.519424,0.001334,
0.322235,0.037507,0.419221,-0.001800,
0.342590,0.037412,0.019123,-0.000230,
0.327834,0.035704,0.012585,0.001165,
0.327779,0.035862,-0.011658,0.001864,
0.325551,0.036020,-0.031068,0.001309,
0.322462,0.035985,-0.030457,-0.001700,
0.315909,0.035894,-0.094625,-0.000212,
TIME: 3420 - SYSTEM: Plan 866
0.025942,0.000321,0.387192,0.031058,
0.074867,0.004380,0.571137,0.048298,
0.135465,0.009540,0.629889,0.053915,
0.190910,0.014670,0.485497,0.048607,
0.205497,0.018561,-0.142966,0.030328,
0.177262,0.017049,0.019709,0.025573,
0.179644,0.020417,0.027083,0.040259,
0.184450,0.024740,0.065376,0.045341,
0.191013,0.029225,0.065239,0.043916,
0.196097,0.032539,0.038180,0.023862,
0.163289,0.027429,0.033862,0.018766,
0.165358,0.029894,0.009339,0.029339,
0.165982,0.033063,0.003575,0.033371,
0.166379,0.036337,0.004263,0.032033,
0.164454,0.038991,-0.038978,0.021621,
0.178391,0.037213,0.390107,0.001197,
0.223902,0.037372,0.505956,0.001914,
0.275483,0.037533,0.519415,0.001334,
0.322232,0.037494,0.419230,-0.001799,
0.342591,0.037400,0.019176,-0.000228,
0.327835,0.035694,0.012584,0.001168,
0.327779,0.035845,-0.011660,0.001864,
0.325551,0.036004,-0.031070,0.001312,
0.322462,0.035971,-0.030459,-0.001696,
0.315908,0.035882,-0.094626,-0.000212,
TIME: 3424 - SYSTEM: Plan 867
0.025942,0.000321,0.387194,0.031058,
0.074868,0.004381,0.571139,0.048297,
0.135465,0.009540,0.629891,0.053916,
0.190910,0.014670,0.485498,0.048607,
0.205497,0.018561,-0.142965,0.030328,
0.177262,0.017046,0.019710,0.025575,
0.179644,0.020417,0.027085,0.040261,
0.184451,0.024743,0.065378,0.045341,
0.191014,0.029217,0.065240,0.043916,
0.196098,0.032536,0.038180,0.023854,
0.163290,0.027429,0.033856,0.018776,
0.165357,0.029894,0.009327,0.029360,
0.165981,0.033065,0.003573,0.033389,
0.166378,0.036342,0.004260,0.032052,
0.164452,0.038992,-0.038989,0.021637,
0.178389,0.037214,0.390118,0.001198,
0.223902,0.037372,0.505971,0.001912,
0.275485,0.037532,0.519429,0.001334,
0.322234,0.037498,0.419233,-0.001797,
0.342591,0.037406,0.019148,-0.000228,
0.327835,0.035698,0.012585,0.001166,
0.327780,0.035852,-0.011658,0.001861,
0.325552,0.036009,-0.031068,0.001309,
0.322462,0.035976,-0.030457,-0.001697,
0.315908,0.035888,-0.094626,-0.000211,
TIME: 3428 - SYSTEM: Plan 868
0.025942,0.000321,0.387191,0.031058,
0.074867,0.004379,0.571135,0.048297,
0.135465,0.009539,0.629887,0.053917,
0.190910,0.014669,0.485495,0.048609,
0.205496,0.018560,-0.142965,0.030329,
0.177262,0.017045,0.019707,0.025571,
0.179643,0.020420,0.027081,0.040265,
0.184449,0.024745,0.065373,0.045339,
0.191012,0.029230,0.065237,0.043913,
0.196096,0.032544,0.038179,0.023794,
0.163289,0.027433,0.033874,0.018800,
0.165359,0.029902,0.009358,0.029408,
0.165984,0.033095,0.003576,0.033454,
0.166383,0.036389,0.004286,0.032100,
0.164462,0.039037,-0.038916,0.021660,
0.178399,0.037256,0.390109,0.001198,
0.223911,0.037417,0.505959,0.001915,
0.275492,0.037576,0.519409,0.001332,
0.322239,0.037539,0.419205,-0.001801,
0.342591,0.037443,0.019092,-0.000230,
0.327835,0.035734,0.012585,0.001166,
0.327780,0.035887,-0.011659,0.001865,
0.325551,0.036047,-0.031069,0.001312,
0.322462,0.036015,-0.030458,-0.001697,
0.315908,0.035924,-0.094626,-0.000209,
TIME: 3432 - SYSTEM: Plan 869
0.025942,0.000321,0.387191,0.031058,
0.074867,0.004381,0.571136,0.048296,
0.135465,0.009541,0.629888,0.053915,
0.190910,0.014672,0.485496,0.048606,
0.205496,0.018561,-0.142965,0.030327,
0.177262,0.017044,0.019707,0.025573,
0.179644,0.020421,0.027081,0.040259,
0.184449,0.024742,0.065373,0.045339,
0.191012,0.029224,0.065237,0.043915,
0.196096,0.032540,0.038179,0.023828,
0.163289,0.027430,0.033871,0.018786,
0.165358,0.029883,0.009354,0.029367,
0.165984,0.033066,0.003576,0.033417,
0.166382,0.036365,0.004277,0.032078,
0.164459,0.039027,-0.038939,0.021650,
0.178396,0.037249,0.390106,0.001196,
0.223908,0.037410,0.505956,0.001914,
0.275489,0.037570,0.519408,0.001330,
0.322235,0.037531,0.419209,-0.001804,
0.342590,0.037436,0.019118,-0.000232,
0.327834,0.035724,0.012586,0.001167,
0.327779,0.035885,-0.011657,0.001866,
0.325551,0.036045,-0.031067,0.001312,
0.322462,0.036008,-0.030456,-0.001697,
0.315909,0.035918,-0.094624,-0.000211,
TIME: 3435 - SYSTEM: Plan 870
0.025942,0.000320,0.387192,0.031058,
0.074867,0.004379,0.571137,0.048298,
0.135465,0.009541,0.629888,0.053917,
0.190910,0.014672,0.485496,0.048607,
0.205497,0.018562,-0.142966,0.030327,
0.177262,0.017048,0.019708,0.025575,
0.179644,0.020420,0.027083,0.040258,
0.184450,0.024744,0.065376,0.045339,
0.191013,0.029223,0.065239,0.043913,
0.196097,0.032540,0.038180,0.023809,
0.163289,0.027423,0.033865,0.018802,
0.165358,0.029891,0.009341,0.029398,
0.165983,0.033077,0.003574,0.033447,
0.166380,0.036362,0.004275,0.032101,
0.164457,0.039027,-0.038945,0.021665,
0.178394,0.037249,0.390117,0.001199,
0.223907,0.037408,0.505971,0.001913,
0.275489,0.037571,0.519420,0.001330,
0.322237,0.037532,0.419210,-0.001802,
0.342591,0.037438,0.019088,-0.000233,
0.327834,0.035729,0.012583,0.001165,
0.327780,0.035887,-0.011661,0.001860,
0.325551,0.036041,-0.031071,0.001308,
0.322462,0.036007,-0.030459,-0.001699,
0.315908,0.035919,-0.094625,-0.000209,
TIME: 3439 - SYSTEM: Plan 871
0.025942,0.000321,0.387192,0.031057,
0.074868,0.004380,0.571138,0.048296,
0.135465,0.009541,0.629889,0.053915,
0.190910,0.014671,0.485497,0.048606,
0.205497,0.018562,-0.142966,0.030327,
0.177262,0.017048,0.019709,0.025572,
0.179644,0.020420,0.027083,0.040261,
0.184450,0.024745,0.065375,0.045338,
0.191013,0.029224,0.065239,0.043915,
0.196097,0.032542,0.038180,0.023837,
0.163289,0.027435,0.033862,0.018776,
0.165357,0.029894,0.009337,0.029367,
0.165982,0.033068,0.003574,0.033404,
0.166379,0.036352,0.004267,0.032068,
0.164455,0.039019,-0.038967,0.021644,
0.178393,0.037240,0.390114,0.001198,
0.223904,0.037401,0.505965,0.001916,
0.275487,0.037562,0.519420,0.001333,
0.322234,0.037524,0.419222,-0.001802,
0.342590,0.037431,0.019132,-0.000231,
0.327834,0.035722,0.012586,0.001166,
0.327780,0.035877,-0.011658,0.001863,
0.325551,0.036032,-0.031067,0.001311,
0.322462,0.035998,-0.030456,-0.001697,
0.315909,0.035907,-0.094626,-0.000208,
TIME: 3443 - SYSTEM: Plan 872
0.025942,0.000321,0.387192,0.031058,
0.074867,0.004381,0.571137,0.048298,
0.135465,0.009540,0.629889,0.053916,
0.190910,0.014670,0.485497,0.048608,
0.205497,0.018561,-0.142965,0.030328,
0.177262,0.017047,0.019708,0.025572,
0.179644,0.020423,0.027083,0.040262,
0.184450,0.024746,0.065375,0.045339,
0.191013,0.029220,0.065238,0.043912,
0.196097,0.032537,0.038179,0.023788,
0.163289,0.027430,0.033867,0.018808,
0.165358,0.029898,0.009345,0.029413,
0.165983,0.033086,0.003574,0.033457,
0.166381,0.036367,0.004282,0.032116,
0.164459,0.039028,-0.038931,0.021676,
0.178395,0.037247,0.390114,0.001198,
0.223908,0.037408,0.505968,0.001913,
0.275491,0.037568,0.519417,0.001331,
0.322239,0.037528,0.419200,-0.001802,
0.342590,0.037433,0.019066,-0.000229,
0.327834,0.035724,0.012585,0.001166,
0.327779,0.035876,-0.011658,0.001864,
0.325551,0.036032,-0.031068,0.001312,
0.322462,0.035996,-0.030457,-0.001694,
0.315909,0.035908,-0.094625,-0.000204,
TIME: 3446 - SYSTEM: Plan 873
0.025942,0.000321,0.387192,0.031058,
0.074867,0.004380,0.571136,0.048296,
0.135465,0.009540,0.629888,0.053914,
0.190910,0.014670,0.485496,0.048606,
0.205496,0.018561,-0.142966,0.030327,
0.177262,0.017045,0.019706,0.025575,
0.179643,0.020420,0.027080,0.040261,
0.184449,0.024744,0.065372,0.045338,
0.191012,0.029223,0.065237,0.043916,
0.196096,0.032540,0.038179,0.023842,
0.163289,0.027427,0.033874,0.018779,
0.165359,0.029898,0.009360,0.029371,
0.165985,0.033069,0.003578,0.033406,
0.166382,0.036362,0.004278,0.032064,
0.164460,0.039027,-0.038939,0.021631,
0.178396,0.037250,0.390101,0.001197,
0.223907,0.037409,0.505947,0.001914,
0.275487,0.037568,0.519403,0.001331,
0.322235,0.037531,0.419215,-0.001799,
0.342591,0.037436,0.019147,-0.000229,
0.327835,0.035728,0.012582,0.001166,
0.327780,0.035884,-0.011663,0.001863,
0.325551,0.036038,-0.031073,0.001310,
0.322462,0.036005,-0.030461,-0.001697,
0.315908,0.035916,-0.094627,-0.000210,
TIME: 3450 - SYSTEM: Plan 874
0.025942,0.000321,0.387192,0.031059,
0.074867,0.004380,0.571137,0.048298,
0.135465,0.009540,0.629889,0.053916,
0.190910,0.014670,0.485497,0.048607,
0.205497,0.018561,-0.142965,0.030328,
0.177262,0.017049,0.019708,0.025573,
0.179644,0.020421,0.027082,0.040259,
0.184450,0.024742,0.065375,0.045338,
0.191013,0.029219,0.065238,0.043913,
0.196097,0.032538,0.038179,0.023806,
0.163289,0.027425,0.033867,0.018797,
0.165358,0.029899,0.009345,0.029395,
0.165983,0.033058,0.003575,0.033438,
0.166381,0.036350,0.004278,0.032103,
0.164458,0.039022,-0.038939,0.021678,
0.178395,0.037244,0.390117,0.001196,
0.223908,0.037403,0.505972,0.001914,
0.275491,0.037564,0.519421,0.001333,
0.322237,0.037527,0.419203,-0.001800,
0.342589,0.037432,0.019068,-0.000231,
0.327833,0.035723,0.012587,0.001165,
0.327779,0.035878,-0.011655,0.001864,
0.325551,0.036034,-0.031065,0.001312,
0.322462,0.036003,-0.030453,-0.001697,
0.315909,0.035911,-0.094623,-0.000209,
TIME: 3453 - SYSTEM: Plan 875
0.025942,0.000321,0.387193,0.031057,
0.074868,0.004380,0.571138,0.048296,
0.135465,0.009539,0.629890,0.053915,
0.190910,0.014669,0.485497,0.048607,
0.205497,0.018561,-0.142967,0.030328,
0.177262,0.017047,0.019710,0.025572,
0.179644,0.020423,0.027085,0.040262,
0.184451,0.024746,0.065378,0.045339,
0.191014,0.029220,0.065241,0.043912,
0.196098,0.032537,0.038180,0.023788,
0.163290,0.027427,0.033860,0.018807,
0.165357,0.029886,0.009331,0.029413,
0.165982,0.033067,0.003572,0.033456,
0.166379,0.036351,0.004275,0.032125,
0.164456,0.039010,-0.038949,0.021689,
0.178393,0.037231,0.390128,0.001198,
0.223907,0.037393,0.505987,0.001913,
0.275491,0.037556,0.519434,0.001332,
0.322239,0.037519,0.419206,-0.001802,
0.342589,0.037429,0.019048,-0.000234,
0.327833,0.035719,0.012587,0.001165,
0.327779,0.035871,-0.011656,0.001864,
0.325551,0.036032,-0.031065,0.001312,
0.322462,0.035999,-0.030454,-0.001697,
0.315909,0.035909,-0.094624,-0.000209,
TIME: 3457 - SYSTEM: Plan 876
0.025942,0.000321,0.387191,0.031057,
0.074867,0.004380,0.571136,0.048296,
0.135465,0.009540,0.629887,0.053915,
0.190910,0.014670,0.485495,0.048607,
0.205496,0.018561,-0.142967,0.030327,
0.177262,0.017045,0.019707,0.025576,
0.179643,0.020421,0.027081,0.040260,
0.184449,0.024746,0.065374,0.045340,
0.191012,0.029222,0.065238,0.043914,
0.196096,0.032537,0.038179,0.023809,
0.163289,0.027427,0.033872,0.018800,
0.165359,0.029898,0.009355,0.029389,
0.165984,0.033068,0.003576,0.033429,
0.166382,0.036347,0.004282,0.032095,
0.164460,0.039024,-0.038928,0.021669,
0.178397,0.037245,0.390107,0.001199,
0.223908,0.037405,0.505959,0.001913,
0.275490,0.037565,0.519409,0.001331,
0.322236,0.037527,0.419198,-0.001803,
0.342589,0.037435,0.019083,-0.000231,
0.327833,0.035725,0.012588,0.001164,
0.327779,0.035880,-0.011655,0.001863,
0.325551,0.036034,-0.031064,0.001312,
0.322462,0.036003,-0.030453,-0.001694,
0.315909,0.035910,-0.094623,-0.000206,
TIME: 3461 - SYSTEM: Plan 877
0.025942,0.000321,0.387191,0.031057,
0.074867,0.004381,0.571135,0.048297,
0.135465,0.009541,0.629887,0.053915,
0.190910,0.014671,0.485495,0.048605,
0.205496,0.018562,-0.142966,0.030326,
0.177262,0.017048,0.019707,0.025575,
0.179644,0.020420,0.027081,0.040258,
0.184450,0.024744,0.065374,0.045339,
0.191012,0.029223,0.065237,0.043913,
0.196096,0.032540,0.038179,0.023808,
0.163289,0.027426,0.033872,0.018789,
0.165358,0.029891,0.009355,0.029389,
0.165984,0.033068,0.003576,0.033439,
0.166382,0.036352,0.004282,0.032101,
0.164460,0.039014,-0.038928,0.021666,
0.178397,0.037237,0.390109,0.001198,
0.223909,0.037398,0.505961,0.001912,
0.275492,0.037559,0.519411,0.001332,
0.322238,0.037519,0.419201,-0.001801,
0.342590,0.037426,0.019085,-0.000232,
0.327834,0.035718,0.012587,0.001165,
0.327779,0.035873,-0.011656,0.001865,
0.325551,0.036032,-0.031065,0.001313,
0.322462,0.036000,-0.030454,-0.001698,
0.315909,0.035911,-0.094624,-0.000211,
TIME: 3467 - SYSTEM: Plan 878
0.025942,0.000321,0.387192,0.031057,
0.074867,0.004380,0.571137,0.048297,
0.135465,0.009540,0.629889,0.053915,
0.190910,0.014670,0.485496,0.048606,
0.205497,0.018562,-0.142966,0.030327,
0.177262,0.017048,0.019708,0.025569,
0.179644,0.020419,0.027083,0.040258,
0.184450,0.024747,0.065375,0.045337,
0.191013,0.029228,0.065238,0.043914,
0.196097,0.032544,0.038179,0.023818,
0.163289,0.027430,0.033865,0.018793,
0.165358,0.029902,0.009343,0.029384,
0.165983,0.033073,0.003574,0.033418,
0.166380,0.036350,0.004274,0.032077,
0.164457,0.039011,-0.038948,0.021660,
0.178394,0.037232,0.390110,0.001199,
0.223906,0.037390,0.505962,0.001915,
0.275488,0.037557,0.519415,0.001333,
0.322236,0.037517,0.419209,-0.001802,
0.342590,0.037422,0.019103,-0.000232,
0.327834,0.035714,0.012587,0.001166,
0.327779,0.035871,-0.011656,0.001865,
0.325551,0.036028,-0.031066,0.001308,
0.322462,0.035996,-0.030455,-0.001699,
0.315909,0.035904,-0.094625,-0.000212,
TIME: 3471 - SYSTEM: Plan 879
0.025942,0.000321,0.387192,0.031057,
0.074867,0.004380,0.571137,0.048296,
0.135465,0.009541,0.629889,0.053916,
0.190910,0.014671,0.485496,0.048607,
0.205497,0.018561,-0.142966,0.030327,
0.177262,0.017046,0.019708,0.025577,
0.179644,0.020421,0.027082,0.040255,
0.184450,0.024745,0.065375,0.045336,
0.191013,0.029224,0.065238,0.043913,
0.196096,0.032540,0.038179,0.023796,
0.163289,0.027430,0.033868,0.018803,
0.165358,0.029895,0.009347,0.029407,
0.165983,0.033077,0.003574,0.033453,
0.166381,0.036358,0.004281,0.032107,
0.164459,0.039010,-0.038931,0.021673,
0.178396,0.037232,0.390112,0.001199,
0.223908,0.037396,0.505964,0.001915,
0.275491,0.037553,0.519413,0.001331,
0.322239,0.037516,0.419200,-0.001801,
0.342590,0.037423,0.019072,-0.000232,
0.327834,0.035714,0.012586,0.001166,
0.327779,0.035867,-0.011657,0.001865,
0.325551,0.036025,-0.031067,0.001313,
0.322462,0.035993,-0.030456,-0.001693,
0.315909,0.035905,-0.094625,-0.000207,
TIME: 3476 - SYSTEM: Plan 880
0.025942,0.000321,0.387191,0.031057,
0.074867,0.004379,0.571136,0.048298,
0.135465,0.009539,0.629888,0.053917,
0.190910,0.014670,0.485496,0.048608,
0.205496,0.018561,-0.142966,0.030328,
0.177262,0.017047,0.019707,0.025573,
0.179644,0.020421,0.027081,0.040261,
0.184450,0.024743,0.065373,0.045340,
0.191012,0.029220,0.065237,0.043914,
0.196096,0.032533,0.038179,0.023815,
0.163289,0.027427,0.033870,0.018794,
0.165358,0.029897,0.009353,0.029391,
0.165984,0.033068,0.003576,0.033434,
0.166382,0.036358,0.004279,0.032091,
0.164460,0.039017,-0.038934,0.021661,
0.178396,0.037240,0.390111,0.001198,
0.223908,0.037401,0.505963,0.001914,
0.275489,0.037558,0.519413,0.001332,
0.322236,0.037521,0.419206,-0.001802,
0.342590,0.037427,0.019095,-0.000231,
0.327834,0.035717,0.012586,0.001165,
0.327779,0.035873,-0.011657,0.001865,
0.325551,0.036032,-0.031066,0.001312,
0.322462,0.035997,-0.030455,-0.001698,
0.315909,0.035907,-0.094625,-0.000210,
TIME: 3480 - SYSTEM: Plan 881
0.025942,0.000322,0.387191,0.031057,
0.074867,0.004381,0.571136,0.048296,
0.135465,0.009541,0.629887,0.053915,
0.190910,0.014671,0.485495,0.048607,
0.205496,0.018561,-0.142966,0.030328,
0.177261,0.017049,0.019706,0.025573,
0.179643,0.020421,0.027080,0.040259,
0.184449,0.024742,0.065372,0.045338,
0.191012,0.029219,0.065236,0.043913,
0.196095,0.032538,0.038179,0.023806,
0.163289,0.027431,0.033876,0.018799,
0.165359,0.029898,0.009363,0.029399,
0.165985,0.033059,0.003577,0.033435,
0.166383,0.036352,0.004286,0.032100,
0.164462,0.039020,-0.038915,0.021671,
0.178399,0.037242,0.390108,0.001198,
0.223910,0.037401,0.505959,0.001914,
0.275491,0.037560,0.519409,0.001331,
0.322238,0.037520,0.419196,-0.001800,
0.342589,0.037422,0.019077,-0.000228,
0.327833,0.035713,0.012589,0.001164,
0.327779,0.035868,-0.011654,0.001864,
0.325551,0.036025,-0.031063,0.001312,
0.322462,0.035993,-0.030452,-0.001695,
0.315909,0.035900,-0.094623,-0.000206,
TIME: 3485 - SYSTEM: Plan 882
0.025942,0.000321,0.387191,0.031057,
0.074867,0.004380,0.571135,0.048296,
0.135465,0.009540,0.629887,0.053916,
0.190910,0.014670,0.485495,0.048606,
0.205496,0.018560,-0.142966,0.030327,
0.177261,0.017045,0.019706,0.025574,
0.179643,0.020415,0.027080,0.040261,
0.184449,0.024741,0.065372,0.045337,
0.191012,0.029220,0.065236,0.043916,
0.196095,0.032535,0.038179,0.023836,
0.163289,0.027421,0.033876,0.018775,
0.165359,0.029887,0.009363,0.029375,
0.165985,0.033040,0.003578,0.033414,
0.166383,0.036325,0.004280,0.032088,
0.164461,0.038981,-0.038931,0.021666,
0.178398,0.037203,0.390105,0.001198,
0.223909,0.037367,0.505956,0.001914,
0.275490,0.037528,0.519406,0.001332,
0.322237,0.037485,0.419196,-0.001801,
0.342588,0.037396,0.019089,-0.000231,
0.327833,0.035691,0.012590,0.001167,
0.327778,0.035842,-0.011652,0.001863,
0.325551,0.036000,-0.031061,0.001312,
0.322462,0.035969,-0.030451,-0.001695,
0.315909,0.035878,-0.094622,-0.000210,
TIME: 3488 - SYSTEM: Plan 883
0.025942,0.000321,0.387192,0.031057,
0.074867,0.004381,0.571136,0.048296,
0.135465,0.009541,0.629888,0.053915,
0.190910,0.014671,0.485496,0.048606,
0.205496,0.018561,-0.142966,0.030326,
0.177262,0.017046,0.019708,0.025575,
0.179644,0.020418,0.027082,0.040262,
0.184450,0.024742,0.065374,0.045341,
0.191013,0.029217,0.065238,0.043916,
0.196096,0.032535,0.038179,0.023842,
0.163289,0.027428,0.033869,0.018781,
0.165358,0.029887,0.009352,0.029376,
0.165984,0.033066,0.003576,0.033412,
0.166381,0.036345,0.004273,0.032071,
0.164458,0.039017,-0.038950,0.021644,
0.178394,0.037239,0.390108,0.001197,
0.223906,0.037399,0.505958,0.001913,
0.275488,0.037557,0.519412,0.001330,
0.322235,0.037519,0.419215,-0.001801,
0.342590,0.037422,0.019128,-0.000229,
0.327834,0.035716,0.012585,0.001166,
0.327779,0.035871,-0.011659,0.001863,
0.325551,0.036029,-0.031069,0.001312,
0.322462,0.035993,-0.030458,-0.001698,
0.315908,0.035901,-0.094626,-0.000210,
TIME: 3491 - SYSTEM: Plan 884
0.025942,0.000321,0.387192,0.031057,
0.074867,0.004380,0.571137,0.048296,
0.135465,0.009539,0.629888,0.053915,
0.190910,0.014669,0.485496,0.048608,
0.205497,0.018559,-0.142965,0.030329,
0.177262,0.017045,0.019708,0.025574,
0.179644,0.020415,0.027082,0.040258,
0.184450,0.024743,0.065375,0.045341,
0.191013,0.029221,0.065238,0.043914,
0.196096,0.032539,0.038179,0.023814,
0.163289,0.027426,0.033867,0.018787,
0.165358,0.029897,0.009346,0.029382,
0.165983,0.033061,0.003575,0.033428,
0.166381,0.036345,0.004277,0.032097,
0.164458,0.039009,-0.038941,0.021669,
0.178395,0.037229,0.390112,0.001198,
0.223907,0.037387,0.505966,0.001912,
0.275489,0.037547,0.519415,0.001334,
0.322237,0.037512,0.419202,-0.001799,
0.342589,0.037418,0.019085,-0.000229,
0.327833,0.035711,0.012588,0.001166,
0.327779,0.035863,-0.011654,0.001864,
0.325551,0.036023,-0.031064,0.001310,
0.322462,0.035989,-0.030453,-0.001698,
0.315909,0.035896,-0.094623,-0.000210,
TIME: 3495 - SYSTEM: Plan 885
0.025942,0.000321,0.387192,0.031057,
0.074867,0.004380,0.571136,0.048297,
0.135465,0.009539,0.629888,0.053916,
0.190910,0.014670,0.485496,0.048608,
0.205496,0.018561,-0.142966,0.030328,
0.177262,0.017044,0.019707,0.025574,
0.179644,0.020421,0.027081,0.040259,
0.184450,0.024742,0.065374,0.045339,
0.191012,0.029223,0.065238,0.043911,
0.196096,0.032538,0.038179,0.023767,
0.163289,0.027425,0.033873,0.018824,
0.165359,0.029893,0.009355,0.029428,
0.165984,0.033061,0.003574,0.033472,
0.166382,0.036359,0.004290,0.032145,
0.164462,0.039019,-0.038905,0.021701,
0.178399,0.037239,0.390115,0.001196,
0.223911,0.037403,0.505971,0.001913,
0.275494,0.037563,0.519416,0.001332,
0.322241,0.037525,0.419183,-0.001802,
0.342589,0.037429,0.019020,-0.000232,
0.327833,0.035722,0.012590,0.001166,
0.327779,0.035875,-0.011652,0.001863,
0.325551,0.036033,-0.031061,0.001311,
0.322462,0.036001,-0.030451,-0.001699,
0.315909,0.035912,-0.094622,-0.000210,
TIME: 3499 - SYSTEM: Plan 886
0.025942,0.000321,0.387193,0.031058,
0.074868,0.004380,0.571139,0.048297,
0.135465,0.009539,0.629890,0.053916,
0.190910,0.014670,0.485497,0.048607,
0.205497,0.018560,-0.142967,0.030328,
0.177262,0.017046,0.019710,0.025571,
0.179644,0.020417,0.027085,0.040259,
0.184451,0.024746,0.065377,0.045337,
0.191014,0.029224,0.065240,0.043915,
0.196098,0.032542,0.038180,0.023839,
0.163289,0.027429,0.033859,0.018778,
0.165357,0.029888,0.009332,0.029366,
0.165982,0.033056,0.003573,0.033406,
0.166379,0.036349,0.004265,0.032070,
0.164454,0.039010,-0.038973,0.021648,
0.178391,0.037232,0.390115,0.001199,
0.223903,0.037391,0.505967,0.001914,
0.275486,0.037554,0.519421,0.001332,
0.322235,0.037515,0.419220,-0.001800,
0.342590,0.037419,0.019126,-0.000229,
0.327834,0.035711,0.012585,0.001165,
0.327780,0.035862,-0.011658,0.001864,
0.325551,0.036018,-0.031067,0.001312,
0.322462,0.035988,-0.030457,-0.001695,
0.315909,0.035898,-0.094626,-0.000208,
TIME: 3502 - SYSTEM: Plan 887
0.025942,0.000321,0.387191,0.031058,
0.074867,0.004381,0.571136,0.048297,
0.135465,0.009541,0.629888,0.053915,
0.190910,0.014670,0.485496,0.048607,
0.205497,0.018561,-0.142966,0.030328,
0.177262,0.017047,0.019708,0.025574,
0.179644,0.020421,0.027082,0.040263,
0.184450,0.024743,0.065375,0.045338,
0.191013,0.029219,0.065238,0.043914,
0.196097,0.032537,0.038179,0.023816,
0.163289,0.027427,0.033867,0.018789,
0.165358,0.029904,0.009345,0.029386,
0.165983,0.033072,0.003575,0.033428,
0.166381,0.036368,0.004276,0.032093,
0.164458,0.039021,-0.038944,0.021657,
0.178395,0.037243,0.390108,0.001199,
0.223906,0.037402,0.505959,0.001914,
0.275488,0.037562,0.519410,0.001333,
0.322236,0.037528,0.419205,-0.001800,
0.342590,0.037435,0.019103,-0.000232,
0.327834,0.035724,0.012585,0.001166,
0.327780,0.035878,-0.011658,0.001864,
0.325551,0.036038,-0.031068,0.001315,
0.322462,0.036003,-0.030457,-0.001694,
0.315909,0.035913,-0.094626,-0.000207,
TIME: 3506 - SYSTEM: Plan 888
0.025942,0.000321,0.387192,0.031057,
0.074867,0.004380,0.571138,0.048296,
0.135465,0.009539,0.629889,0.053914,
0.190910,0.014670,0.485497,0.048608,
0.205497,0.018560,-0.142966,0.030328,
0.177262,0.017047,0.019708,0.025572,
0.179644,0.020415,0.027083,0.040261,
0.184450,0.024740,0.065376,0.045341,
0.191013,0.029220,0.065239,0.043915,
0.196097,0.032536,0.038179,0.023823,
0.163289,0.027422,0.033864,0.018793,
0.165358,0.029878,0.009341,0.029390,
0.165983,0.033059,0.003575,0.033440,
0.166380,0.036358,0.004273,0.032094,
0.164457,0.039021,-0.038953,0.021663,
0.178393,0.037241,0.390117,0.001197,
0.223906,0.037399,0.505971,0.001912,
0.275488,0.037561,0.519421,0.001332,
0.322236,0.037526,0.419212,-0.001800,
0.342590,0.037432,0.019093,-0.000231,
0.327834,0.035723,0.012585,0.001166,
0.327779,0.035878,-0.011659,0.001864,
0.325551,0.036037,-0.031068,0.001311,
0.322462,0.036005,-0.030457,-0.001698,
0.315909,0.035913,-0.094625,-0.000212,
TIME: 3510 - SYSTEM: Plan 889
0.025942,0.000321,0.387192,0.031057,
0.074868,0.004380,0.571137,0.048296,
0.135465,0.009541,0.629889,0.053916,
0.190910,0.014672,0.485496,0.048606,
0.205497,0.018562,-0.142966,0.030327,
0.177262,0.017049,0.019709,0.025573,
0.179644,0.020421,0.027083,0.040259,
0.184450,0.024745,0.065376,0.045336,
0.191013,0.029225,0.065239,0.043911,
0.196097,0.032540,0.038180,0.023776,
0.163289,0.027426,0.033864,0.018817,
0.165358,0.029891,0.009339,0.029433,
0.165983,0.033085,0.003572,0.033481,
0.166380,0.036391,0.004281,0.032140,
0.164458,0.039048,-0.038930,0.021688,
0.178396,0.037270,0.390124,0.001198,
0.223910,0.037426,0.505981,0.001915,
0.275494,0.037585,0.519428,0.001334,
0.322242,0.037549,0.419202,-0.001798,
0.342590,0.037454,0.019042,-0.000227,
0.327834,0.035745,0.012585,0.001166,
0.327779,0.035896,-0.011658,0.001867,
0.325551,0.036056,-0.031068,0.001312,
0.322462,0.036025,-0.030457,-0.001697,
0.315909,0.035933,-0.094626,-0.000208,
TIME: 3514 - SYSTEM: Plan 890
0.025942,0.000321,0.387193,0.031057,
0.074867,0.004380,0.571138,0.048297,
0.135465,0.009539,0.629889,0.053915,
0.190910,0.014670,0.485496,0.048609,
0.205497,0.018560,-0.142967,0.030329,
0.177262,0.017047,0.019709,0.025572,
0.179644,0.020421,0.027083,0.040260,
0.184450,0.024747,0.065376,0.045339,
0.191013,0.029221,0.065239,0.043913,
0.196097,0.032536,0.038180,0.023807,
0.163289,0.027426,0.033862,0.018794,
0.165358,0.029891,0.009335,0.029395,
0.165982,0.033056,0.003573,0.033447,
0.166379,0.036336,0.004273,0.032111,
0.164456,0.038996,-0.038952,0.021687,
0.178394,0.037218,0.390119,0.001198,
0.223907,0.037378,0.505976,0.001915,
0.275490,0.037541,0.519422,0.001332,
0.322238,0.037503,0.419199,-0.001801,
0.342589,0.037415,0.019054,-0.000232,
0.327833,0.035708,0.012588,0.001166,
0.327778,0.035861,-0.011654,0.001863,
0.325551,0.036019,-0.031064,0.001312,
0.322462,0.035985,-0.030453,-0.001696,
0.315909,0.035894,-0.094623,-0.000207,
TIME: 3518 - SYSTEM: Plan 891
0.025942,0.000321,0.387192,0.031057,
0.074867,0.004380,0.571137,0.048297,
0.135465,0.009540,0.629888,0.053917,
0.190910,0.014670,0.485496,0.048608,
0.205496,0.018561,-0.142966,0.030328,
0.177262,0.017048,0.019707,0.025575,
0.179644,0.020418,0.027081,0.040261,
0.184450,0.024740,0.065374,0.045339,
0.191013,0.029221,0.065238,0.043913,
0.196096,0.032541,0.038179,0.023822,
0.163289,0.027434,0.033870,0.018783,
0.165358,0.029902,0.009353,0.029386,
0.165984,0.033073,0.003576,0.033426,
0.166381,0.036378,0.004278,0.032083,
0.164459,0.039034,-0.038937,0.021644,
0.178395,0.037255,0.390106,0.001196,
0.223907,0.037415,0.505954,0.001914,
0.275488,0.037574,0.519407,0.001331,
0.322236,0.037539,0.419211,-0.001801,
0.342591,0.037443,0.019124,-0.000231,
0.327835,0.035735,0.012583,0.001167,
0.327780,0.035892,-0.011661,0.001862,
0.325551,0.036052,-0.031071,0.001308,
0.322462,0.036019,-0.030460,-0.001702,
0.315908,0.035929,-0.094627,-0.000217,
TIME: 3522 - SYSTEM: Plan 892
0.025942,0.000322,0.387192,0.031056,
0.074867,0.004381,0.571136,0.048297,
0.135465,0.009541,0.629888,0.053916,
0.190910,0.014671,0.485496,0.048607,
0.205497,0.018562,-0.142965,0.030327,
0.177262,0.017049,0.019708,0.025574,
0.179644,0.020417,0.027082,0.040262,
0.184450,0.024739,0.065375,0.045339,
0.191013,0.029219,0.065238,0.043918,
0.196096,0.032540,0.038179,0.023871,
0.163289,0.027427,0.033866,0.018757,
0.165358,0.029893,0.009347,0.029334,
0.165983,0.033060,0.003577,0.033374,
0.166380,0.036332,0.004265,0.032032,
0.164456,0.038987,-0.038971,0.021625,
0.178392,0.037212,0.390103,0.001196,
0.223903,0.037368,0.505950,0.001911,
0.275484,0.037531,0.519407,0.001330,
0.322232,0.037493,0.419224,-0.001800,
0.342590,0.037398,0.019170,-0.000231,
0.327834,0.035690,0.012585,0.001167,
0.327779,0.035850,-0.011659,0.001865,
0.325551,0.036001,-0.031069,0.001312,
0.322462,0.035969,-0.030457,-0.001696,
0.315909,0.035878,-0.094625,-0.000211,
TIME: 3527 - SYSTEM: Plan 893
0.025942,0.000321,0.387191,0.031058,
0.074867,0.004379,0.571136,0.048297,
0.135465,0.009538,0.629888,0.053917,
0.190910,0.014668,0.485496,0.048609,
0.205496,0.018558,-0.142965,0.030330,
0.177262,0.017045,0.019708,0.025573,
0.179644,0.020419,0.027082,0.040262,
0.184450,0.024747,0.065375,0.045336,
0.191013,0.029220,0.065238,0.043910,
0.196096,0.032536,0.038179,0.023757,
0.163289,0.027432,0.033870,0.018831,
0.165358,0.029891,0.009349,0.029446,
0.165984,0.033083,0.003573,0.033501,
0.166382,0.036376,0.004289,0.032155,
0.164461,0.039041,-0.038908,0.021704,
0.178398,0.037260,0.390122,0.001197,
0.223912,0.037421,0.505979,0.001914,
0.275496,0.037581,0.519423,0.001333,
0.322242,0.037541,0.419188,-0.001800,
0.342590,0.037447,0.019011,-0.000229,
0.327834,0.035736,0.012586,0.001167,
0.327779,0.035888,-0.011656,0.001866,
0.325551,0.036050,-0.031066,0.001312,
0.322462,0.036015,-0.030455,-0.001699,
0.315909,0.035927,-0.094624,-0.000207,
TIME: 3531 - SYSTEM: Plan 894
0.025942,0.000321,0.387192,0.031057,
0.074867,0.004380,0.571136,0.048297,
0.135465,0.009540,0.629888,0.053916,
0.190910,0.014671,0.485495,0.048607,
0.205496,0.018561,-0.142967,0.030327,
0.177261,0.017046,0.019707,0.025573,
0.179643,0.020417,0.027080,0.040261,
0.184449,0.024740,0.065373,0.045340,
0.191012,0.029223,0.065237,0.043913,
0.196096,0.032538,0.038179,0.023817,
0.163289,0.027428,0.033874,0.018790,
0.165359,0.029899,0.009359,0.029386,
0.165985,0.033068,0.003577,0.033426,
0.166382,0.036357,0.004282,0.032087,
0.164461,0.039009,-0.038927,0.021662,
0.178397,0.037228,0.390104,0.001196,
0.223908,0.037388,0.505953,0.001914,
0.275490,0.037548,0.519405,0.001334,
0.322236,0.037512,0.419199,-0.001798,
0.342589,0.037416,0.019095,-0.000228,
0.327834,0.035708,0.012587,0.001168,
0.327779,0.035863,-0.011656,0.001865,
0.325551,0.036021,-0.031065,0.001311,
0.322462,0.035985,-0.030454,-0.001698,
0.315909,0.035893,-0.094624,-0.000210,
TIME: 3534 - SYSTEM: Plan 895
0.025942,0.000321,0.387193,0.031057,
0.074868,0.004382,0.571139,0.048297,
0.135465,0.009541,0.629890,0.053914,
0.190910,0.014671,0.485498,0.048606,
0.205497,0.018562,-0.142966,0.030327,
0.177262,0.017047,0.019709,0.025575,
0.179644,0.020421,0.027084,0.040260,
0.184451,0.024745,0.065377,0.045340,
0.191014,0.029222,0.065240,0.043915,
0.196098,0.032538,0.038180,0.023838,
0.163289,0.027425,0.033859,0.018773,
0.165357,0.029894,0.009331,0.029371,
0.165982,0.033061,0.003573,0.033410,
0.166378,0.036331,0.004265,0.032075,
0.164454,0.038999,-0.038974,0.021655,
0.178391,0.037220,0.390118,0.001198,
0.223904,0.037380,0.505971,0.001914,
0.275486,0.037542,0.519424,0.001330,
0.322235,0.037503,0.419219,-0.001802,
0.342590,0.037408,0.019114,-0.000230,
0.327834,0.035699,0.012586,0.001167,
0.327779,0.035853,-0.011658,0.001867,
0.325551,0.036011,-0.031067,0.001314,
0.322462,0.035978,-0.030456,-0.001692,
0.315909,0.035883,-0.094625,-0.000207,
TIME: 3539 - SYSTEM: Plan 896
0.025942,0.000321,0.387191,0.031057,
0.074867,0.004380,0.571136,0.048297,
0.135465,0.009539,0.629888,0.053915,
0.190910,0.014669,0.485496,0.048607,
0.205496,0.018560,-0.142966,0.030328,
0.177262,0.017045,0.019707,0.025571,
0.179644,0.020420,0.027081,0.040266,
0.184450,0.024746,0.065374,0.045340,
0.191013,0.029230,0.065238,0.043911,
0.196096,0.032542,0.038179,0.023768,
0.163289,0.027438,0.033871,0.018818,
0.165358,0.029899,0.009351,0.029425,
0.165984,0.033076,0.003574,0.033477,
0.166382,0.036357,0.004289,0.032146,
0.164462,0.039020,-0.038911,0.021707,
0.178398,0.037239,0.390117,0.001198,
0.223912,0.037402,0.505975,0.001912,
0.275494,0.037560,0.519418,0.001331,
0.322240,0.037523,0.419181,-0.001802,
0.342588,0.037430,0.019012,-0.000231,
0.327832,0.035721,0.012590,0.001166,
0.327778,0.035878,-0.011652,0.001867,
0.325551,0.036034,-0.031061,0.001313,
0.322462,0.036000,-0.030451,-0.001698,
0.315909,0.035910,-0.094622,-0.000210,
TIME: 3543 - SYSTEM: Plan 897
0.025942,0.000321,0.387192,0.031057,
0.074867,0.004380,0.571137,0.048296,
0.135465,0.009540,0.629888,0.053916,
0.190910,0.014670,0.485496,0.048607,
0.205496,0.018561,-0.142967,0.030327,
0.177262,0.017050,0.019708,0.025572,
0.179644,0.020418,0.027082,0.040259,
0.184450,0.024739,0.065374,0.045340,
0.191013,0.029221,0.065238,0.043914,
0.196096,0.032534,0.038179,0.023815,
0.163289,0.027424,0.033868,0.018788,
0.165358,0.029883,0.009347,0.029399,
0.165983,0.033048,0.003575,0.033440,
0.166381,0.036353,0.004277,0.032104,
0.164458,0.039007,-0.038941,0.021673,
0.178396,0.037228,0.390114,0.001197,
0.223907,0.037392,0.505966,0.001915,
0.275490,0.037549,0.519417,0.001331,
0.322238,0.037511,0.419202,-0.001803,
0.342590,0.037416,0.019076,-0.000231,
0.327834,0.035707,0.012587,0.001166,
0.327779,0.035865,-0.011656,0.001867,
0.325551,0.036019,-0.031066,0.001311,
0.322462,0.035988,-0.030455,-0.001696,
0.315909,0.035895,-0.094624,-0.000209,
TIME: 3547 - SYSTEM: Plan 898
0.025942,0.000321,0.387191,0.031057,
0.074867,0.004380,0.571136,0.048298,
0.135465,0.009539,0.629887,0.053917,
0.190910,0.014669,0.485495,0.048608,
0.205496,0.018558,-0.142966,0.030328,
0.177262,0.017044,0.019707,0.025572,
0.179644,0.020419,0.027081,0.040262,
0.184450,0.024742,0.065374,0.045340,
0.191012,0.029218,0.065238,0.043913,
0.196096,0.032538,0.038179,0.023807,
0.163289,0.027424,0.033872,0.018793,
0.165358,0.029895,0.009354,0.029403,
0.165984,0.033051,0.003576,0.033446,
0.166382,0.036344,0.004282,0.032113,
0.164460,0.039005,-0.038928,0.021682,
0.178396,0.037228,0.390110,0.001198,
0.223909,0.037386,0.505963,0.001914,
0.275491,0.037546,0.519410,0.001331,
0.322238,0.037509,0.419191,-0.001801,
0.342589,0.037414,0.019058,-0.000230,
0.327833,0.035705,0.012588,0.001164,
0.327779,0.035859,-0.011654,0.001865,
0.325551,0.036020,-0.031064,0.001313,
0.322462,0.035985,-0.030453,-0.001697,
0.315909,0.035894,-0.094623,-0.000209,
