1789261291528559,0.200000,0.200000,0.200000,-0.003772,0.200000,0.600000,0.200000,0.000000,0.200000,0.800000,0.200000,0.000000,0.400000,0.800000,0.200000,1.570796,0.400000,0.800000,0.400000,0.000000
1789261306441190,0.200000,0.200000,0.200000,-0.003567,0.200000,0.600000,0.200000,0.000000,0.200000,0.800000,0.200000,0.000000,0.400000,0.800000,0.200000,1.570796,0.400000,0.800000,0.400000,0.000000
1789261311099719,0.200000,0.200000,0.200000,-0.004311,0.200000,0.600000,0.200000,0.000000,0.200000,0.800000,0.200000,0.000000,0.400000,0.800000,0.200000,1.570796,0.400000,0.800000,0.400000,0.000000
1789261384370403,0.200000,0.200000,0.200000,-0.003820,0.200000,0.600000,0.200000,0.000000,0.200000,0.800000,0.200000,0.000000,0.400000,0.800000,0.200000,1.570796,0.400000,0.800000,0.400000,0.000000
1789261388372528,0.200000,0.200000,0.200000,-0.004027,0.200000,0.600000,0.200000,0.000000,0.200000,0.800000,0.200000,0.000000,0.400000,0.800000,0.200000,1.570796,0.400000,0.800000,0.400000,0.000000
1789261391812648,0.200000,0.200000,0.200000,-0.004027,0.200000,0.600000,0.200000,0.000000,0.200000,0.800000,0.200000,0.000000,0.400000,0.800000,0.200000,1.570796,0.400000,0.800000,0.400000,0.000000
1789261395758016,0.200000,0.200000,0.200000,-0.004027,0.200000,0.600000,0.200000,0.000000,0.200000,0.800000,0.200000,0.000000,0.400000,0.800000,0.200000,1.570796,0.400000,0.800000,0.400000,0.000000
1789261401415286,0.200000,0.200000,0.200000,-0.004027,0.200000,0.600000,0.200000,0.000000,0.200000,0.800000,0.200000,0.000000,0.400000,0.800000,0.200000,1.570796,0.400000,0.800000,0.400000,0.000000
1789261406779765,0.200000,0.200000,0.200000,-0.004027,0.200000,0.600000,0.200000,0.000000,0.200000,0.800000,0.200000,0.000000,0.400000,0.800000,0.200000,1.570796,0.400000,0.800000,0.400000,0.000000
1789261410272893,0.200000,0.200000,0.200000,-0.004027,0.200000,0.600000,0.200000,0.000000,0.200000,0.800000,0.200000,0.000000,0.400000,0.800000,0.200000,1.570796,0.400000,0.800000,0.400000,0.000000
1789261413761997,0.200000,0.200000,0.200000,-0.004027,0.200000,0.600000,0.200000,0.000000,0.200000,0.800000,0.200000,0.000000,0.400000,0.800000,0.200000,1.570796,0.400000,0.800000,0.400000,0.000000
1789261417259119,0.200000,0.200000,0.200000,-0.004027,0.200000,0.600000,0.200000,0.000000,0.200000,0.800000,0.200000,0.000000,0.400000,0.800000,0.200000,1.570796,0.400000,0.800000,0.400000,0.000000
1789261420688999,0.200000,0.200000,0.200000,-0.004027,0.200000,0.600000,0.200000,0.000000,0.200000,0.800000,0.200000,0.000000,0.400000,0.800000,0.200000,1.570796,0.400000,0.800000,0.400000,0.000000
1789261424623592,0.200000,0.200000,0.200000,-0.004027,0.200000,0.600000,0.200000,0.000000,0.200000,0.800000,0.200000,0.000000,0.400000,0.800000,0.200000,1.570796,0.400000,0.800000,0.400000,0.000000
1789261429072488,0.200000,0.200000,0.200000,-0.004027,0.200000,0.600000,0.200000,0.000000,0.200000,0.800000,0.200000,0.000000,0.400000,0.800000,0.200000,1.570796,0.400000,0.800000,0.400000,0.000000
1789261433127905,0.200000,0.200000,0.200000,-0.004027,0.200000,0.600000,0.200000,0.000000,0.200000,0.800000,0.200000,0.000000,0.400000,0.800000,0.200000,1.570796,0.400000,0.800000,0.400000,0.000000
1789261439062011,0.200000,0.200000,0.200000,-0.004027,0.200000,0.600000,0.200000,0.000000,0.200000,0.800000,0.200000,0.000000,0.400000,0.800000,0.200000,1.570796,0.400000,0.800000,0.400000,0.000000
1789261442584855,0.200000,0.200000,0.200000,-0.004027,0.200000,0.600000,0.200000,0.000000,0.200000,0.800000,0.200000,0.000000,0.400000,0.800000,0.200000,1.570796,0.400000,0.800000,0.400000,0.000000
1789261446019516,0.200000,0.200000,0.200000,-0.004027,0.200000,0.600000,0.200000,0.000000,0.200000,0.800000,0.200000,0.000000,0.400000,0.800000,0.200000,1.570796,0.400000,0.800000,0.400000,0.000000
1789261451341323,0.200000,0.200000,0.200000,-0.004027,0.200000,0.600000,0.200000,0.000000,0.200000,0.800000,0.200000,0.000000,0.400000,0.800000,0.200000,1.570796,0.400000,0.800000,0.400000,0.000000
1789261455619169,0.200000,0.200000,0.200000,-0.004027,0.200000,0.600000,0.200000,0.000000,0.200000,0.800000,0.200000,0.000000,0.400000,0.800000,0.200000,1.570796,0.400000,0.800000,0.400000,0.000000
1789261460027449,0.200000,0.200000,0.200000,-0.004027,0.200000,0.600000,0.200000,0.000000,0.200000,0.800000,0.200000,0.000000,0.400000,0.800000,0.200000,1.570796,0.400000,0.800000,0.400000,0.000000
1789261464332764,0.200000,0.200000,0.200000,-0.004027,0.200000,0.600000,0.200000,0.000000,0.200000,0.800000,0.200000,0.000000,0.400000,0.800000,0.200000,1.570796,0.400000,0.800000,0.400000,0.000000
1789261468055067,0.200000,0.200000,0.200000,-0.004027,0.200000,0.600000,0.200000,0.000000,0.200000,0.800000,0.200000,0.000000,0.400000,0.800000,0.200000,1.570796,0.400000,0.800000,0.400000,0.000000
1789261471736639,0.200000,0.200000,0.200000,-0.004027,0.200000,0.600000,0.200000,0.000000,0.200000,0.800000,0.200000,0.000000,0.400000,0.800000,0.200000,1.570796,0.400000,0.800000,0.400000,0.000000
1789261475194560,0.200000,0.200000,0.200000,-0.004027,0.200000,0.600000,0.200000,0.000000,0.200000,0.800000,0.200000,0.000000,0.400000,0.800000,0.200000,1.570796,0.400000,0.800000,0.400000,0.000000
1789261478732860,0.200000,0.200000,0.200000,-0.004027,0.200000,0.600000,0.200000,0.000000,0.200000,0.800000,0.200000,0.000000,0.400000,0.800000,0.200000,1.570796,0.400000,0.800000,0.400000,0.000000
1789261483882900,0.200000,0.200000,0.200000,-0.004027,0.200000,0.600000,0.200000,0.000000,0.200000,0.800000,0.200000,0.000000,0.400000,0.800000,0.200000,1.570796,0.400000,0.800000,0.400000,0.000000
1789261489753471,0.200000,0.200000,0.200000,-0.004027,0.200000,0.600000,0.200000,0.000000,0.200000,0.800000,0.200000,0.000000,0.400000,0.800000,0.200000,1.570796,0.400000,0.800000,0.400000,0.000000
1789261494348992,0.200000,0.200000,0.200000,-0.004027,0.200000,0.600000,0.200000,0.000000,0.200000,0.800000,0.200000,0.000000,0.400000,0.800000,0.200000,1.570796,0.400000,0.800000,0.400000,0.000000
1789261498453254,0.200000,0.200000,0.200000,-0.004027,0.200000,0.600000,0.200000,0.000000,0.200000,0.800000,0.200000,0.000000,0.400000,0.800000,0.200000,1.570796,0.400000,0.800000,0.400000,0.000000
1789261503244660,0.200000,0.200000,0.200000,-0.004027,0.200000,0.600000,0.200000,0.000000,0.200000,0.800000,0.200000,0.000000,0.400000,0.800000,0.200000,1.570796,0.400000,0.800000,0.400000,0.000000
1789261506929027,0.200000,0.200000,0.200000,-0.004027,0.200000,0.600000,0.200000,0.000000,0.200000,0.800000,0.200000,0.000000,0.400000,0.800000,0.200000,1.570796,0.400000,0.800000,0.400000,0.000000
1789261510419265,0.200000,0.200000,0.200000,-0.004027,0.200000,0.600000,0.200000,0.000000,0.200000,0.800000,0.200000,0.000000,0.400000,0.800000,0.200000,1.570796,0.400000,0.800000,0.400000,0.000000
1789261513851551,0.200000,0.200000,0.200000,-0.004027,0.200000,0.600000,0.200000,0.000000,0.200000,0.800000,0.200000,0.000000,0.400000,0.800000,0.200000,1.570796,0.400000,0.800000,0.400000,0.000000
1789261517576464,0.200000,0.200000,0.200000,-0.004027,0.200000,0.600000,0.200000,0.000000,0.200000,0.800000,0.200000,0.000000,0.400000,0.800000,0.200000,1.570796,0.400000,0.800000,0.400000,0.000000
1789261521069050,0.200000,0.200000,0.200000,-0.004027,0.200000,0.600000,0.200000,0.000000,0.200000,0.800000,0.200000,0.000000,0.400000,0.800000,0.200000,1.570796,0.400000,0.800000,0.400000,0.000000
1789261524604825,0.200000,0.200000,0.200000,-0.004027,0.200000,0.600000,0.200000,0.000000,0.200000,0.800000,0.200000,0.000000,0.400000,0.800000,0.200000,1.570796,0.400000,0.800000,0.400000,0.000000
1789261528738354,0.200000,0.200000,0.200000,-0.004027,0.200000,0.600000,0.200000,0.000000,0.200000,0.800000,0.200000,0.000000,0.400000,0.800000,0.200000,1.570796,0.400000,0.800000,0.400000,0.000000
1789261533410360,0.200000,0.200000,0.200000,-0.004027,0.200000,0.600000,0.200000,0.000000,0.200000,0.800000,0.200000,0.000000,0.400000,0.800000,0.200000,1.570796,0.400000,0.800000,0.400000,0.000000
1789261539451321,0.200000,0.200000,0.200000,-0.004027,0.200000,0.600000,0.200000,0.000000,0.200000,0.800000,0.200000,0.000000,0.400000,0.800000,0.200000,1.570796,0.400000,0.800000,0.400000,0.000000
1789261543332652,0.200000,0.200000,0.200000,-0.004027,0.200000,0.600000,0.200000,0.000000,0.200000,0.800000,0.200000,0.000000,0.400000,0.800000,0.200000,1.570796,0.400000,0.800000,0.400000,0.000000
1789261546997120,0.200000,0.200000,0.200000,-0.004027,0.200000,0.600000,0.200000,0.000000,0.200000,0.800000,0.200000,0.000000,0.400000,0.800000,0.200000,1.570796,0.400000,0.800000,0.400000,0.000000
1789261550653293,0.200000,0.200000,0.200000,-0.004027,0.200000,0.600000,0.200000,0.000000,0.200000,0.800000,0.200000,0.000000,0.400000,0.800000,0.200000,1.570796,0.400000,0.800000,0.400000,0.000000
1789261555503009,0.200000,0.200000,0.200000,-0.004027,0.200000,0.600000,0.200000,0.000000,0.200000,0.800000,0.200000,0.000000,0.400000,0.800000,0.200000,1.570796,0.400000,0.800000,0.400000,0.000000
1789261559820946,0.200000,0.200000,0.200000,-0.004027,0.200000,0.600000,0.200000,0.000000,0.200000,0.800000,0.200000,0.000000,0.400000,0.800000,0.200000,1.570796,0.400000,0.800000,0.400000,0.000000
1789261563490519,0.200000,0.200000,0.200000,-0.004027,0.200000,0.600000,0.200000,0.000000,0.200000,0.800000,0.200000,0.000000,0.400000,0.800000,0.200000,1.570796,0.400000,0.800000,0.400000,0.000000
1789261567926262,0.200000,0.200000,0.200000,-0.004027,0.200000,0.600000,0.200000,0.000000,0.200000,0.800000,0.200000,0.000000,0.400000,0.800000,0.200000,1.570796,0.400000,0.800000,0.400000,0.000000
1789261571860166,0.200000,0.200000,0.200000,-0.004027,0.200000,0.600000,0.200000,0.000000,0.200000,0.800000,0.200000,0.000000,0.400000,0.800000,0.200000,1.570796,0.400000,0.800000,0.400000,0.000000
1789261575754540,0.200000,0.200000,0.200000,-0.004027,0.200000,0.600000,0.200000,0.000000,0.200000,0.800000,0.200000,0.000000,0.400000,0.800000,0.200000,1.570796,0.400000,0.800000,0.400000,0.000000
1789261579341576,0.200000,0.200000,0.200000,-0.004027,0.200000,0.600000,0.200000,0.000000,0.200000,0.800000,0.200000,0.000000,0.400000,0.800000,0.200000,1.570796,0.400000,0.800000,0.400000,0.000000
1789261582855300,0.200000,0.200000,0.200000,-0.004027,0.200000,0.600000,0.200000,0.000000,0.200000,0.800000,0.200000,0.000000,0.400000,0.800000,0.200000,1.570796,0.400000,0.800000,0.400000,0.000000
1789261586397621,0.200000,0.200000,0.200000,-0.004027,0.200000,0.600000,0.200000,0.000000,0.200000,0.800000,0.200000,0.000000,0.400000,0.800000,0.200000,1.570796,0.400000,0.800000,0.400000,0.000000
1789261590254325,0.200000,0.200000,0.200000,-0.004027,0.200000,0.600000,0.200000,0.000000,0.200000,0.800000,0.200000,0.000000,0.400000,0.800000,0.200000,1.570796,0.400000,0.800000,0.400000,0.000000
1789261593746213,0.200000,0.200000,0.200000,-0.004027,0.200000,0.600000,0.200000,0.000000,0.200000,0.800000,0.200000,0.000000,0.400000,0.800000,0.200000,1.570796,0.400000,0.800000,0.400000,0.000000
1789261598597081,0.200000,0.200000,0.200000,-0.004027,0.200000,0.600000,0.200000,0.000000,0.200000,0.800000,0.200000,0.000000,0.400000,0.800000,0.200000,1.570796,0.400000,0.800000,0.400000,0.000000
1789261602678055,0.200000,0.200000,0.200000,-0.004027,0.200000,0.600000,0.200000,0.000000,0.200000,0.800000,0.200000,0.000000,0.400000,0.800000,0.200000,1.570796,0.400000,0.800000,0.400000,0.000000
1789261606983667,0.200000,0.200000,0.200000,-0.004027,0.200000,0.600000,0.200000,0.000000,0.200000,0.800000,0.200000,0.000000,0.400000,0.800000,0.200000,1.570796,0.400000,0.800000,0.400000,0.000000
1789261612937412,0.200000,0.200000,0.200000,-0.004027,0.200000,0.600000,0.200000,0.000000,0.200000,0.800000,0.200000,0.000000,0.400000,0.800000,0.200000,1.570796,0.400000,0.800000,0.400000,0.000000
1789261616513868,0.200000,0.200000,0.200000,-0.004027,0.200000,0.600000,0.200000,0.000000,0.200000,0.800000,0.200000,0.000000,0.400000,0.800000,0.200000,1.570796,0.400000,0.800000,0.400000,0.000000
1789261619961241,0.200000,0.200000,0.200000,-0.004027,0.200000,0.600000,0.200000,0.000000,0.200000,0.800000,0.200000,0.000000,0.400000,0.800000,0.200000,1.570796,0.400000,0.800000,0.400000,0.000000
1789261623495373,0.200000,0.200000,0.200000,-0.004027,0.200000,0.600000,0.200000,0.000000,0.200000,0.800000,0.200000,0.000000,0.400000,0.800000,0.200000,1.570796,0.400000,0.800000,0.400000,0.000000
1789261628983812,0.200000,0.200000,0.200000,-0.004027,0.200000,0.600000,0.200000,0.000000,0.200000,0.800000,0.200000,0.000000,0.400000,0.800000,0.200000,1.570796,0.400000,0.800000,0.400000,0.000000
1789261632611288,0.200000,0.200000,0.200000,-0.004027,0.200000,0.600000,0.200000,0.000000,0.200000,0.800000,0.200000,0.000000,0.400000,0.800000,0.200000,1.570796,0.400000,0.800000,0.400000,0.000000
1789261636389335,0.200000,0.200000,0.200000,-0.004027,0.200000,0.600000,0.200000,0.000000,0.200000,0.800000,0.200000,0.000000,0.400000,0.800000,0.200000,1.570796,0.400000,0.800000,0.400000,0.000000
1789261640064087,0.200000,0.200000,0.200000,-0.004027,0.200000,0.600000,0.200000,0.000000,0.200000,0.800000,0.200000,0.000000,0.400000,0.800000,0.200000,1.570796,0.400000,0.800000,0.400000,0.000000
1789261644447125,0.200000,0.200000,0.200000,-0.004027,0.200000,0.600000,0.200000,0.000000,0.200000,0.800000,0.200000,0.000000,0.400000,0.800000,0.200000,1.570796,0.400000,0.800000,0.400000,0.000000
1789261648118552,0.200000,0.200000,0.200000,-0.004027,0.200000,0.600000,0.200000,0.000000,0.200000,0.800000,0.200000,0.000000,0.400000,0.800000,0.200000,1.570796,0.400000,0.800000,0.400000,0.000000
1789261651855368,0.200000,0.200000,0.200000,-0.004027,0.200000,0.600000,0.200000,0.000000,0.200000,0.800000,0.200000,0.000000,0.400000,0.800000,0.200000,1.570796,0.400000,0.800000,0.400000,0.000000
1789261655726749,0.200000,0.200000,0.200000,-0.004027,0.200000,0.600000,0.200000,0.000000,0.200000,0.800000,0.200000,0.000000,0.400000,0.800000,0.200000,1.570796,0.400000,0.800000,0.400000,0.000000
1789261659558862,0.200000,0.200000,0.200000,-0.004027,0.200000,0.600000,0.200000,0.000000,0.200000,0.800000,0.200000,0.000000,0.400000,0.800000,0.200000,1.570796,0.400000,0.800000,0.400000,0.000000
1789261663224669,0.200000,0.200000,0.200000,-0.004027,0.200000,0.600000,0.200000,0.000000,0.200000,0.800000,0.200000,0.000000,0.400000,0.800000,0.200000,1.570796,0.400000,0.800000,0.400000,0.000000
1789261667321042,0.200000,0.200000,0.200000,-0.004027,0.200000,0.600000,0.200000,0.000000,0.200000,0.800000,0.200000,0.000000,0.400000,0.800000,0.200000,1.570796,0.400000,0.800000,0.400000,0.000000
1789261672021563,0.200000,0.200000,0.200000,-0.004027,0.200000,0.600000,0.200000,0.000000,0.200000,0.800000,0.200000,0.000000,0.400000,0.800000,0.200000,1.570796,0.400000,0.800000,0.400000,0.000000
1789261675547142,0.200000,0.200000,0.200000,-0.004027,0.200000,0.600000,0.200000,0.000000,0.200000,0.800000,0.200000,0.000000,0.400000,0.800000,0.200000,1.570796,0.400000,0.800000,0.400000,0.000000
1789261680522471,0.200000,0.200000,0.200000,-0.004027,0.200000,0.600000,0.200000,0.000000,0.200000,0.800000,0.200000,0.000000,0.400000,0.800000,0.200000,1.570796,0.400000,0.800000,0.400000,0.000000
1789261685459388,0.200000,0.200000,0.200000,-0.004027,0.200000,0.600000,0.200000,0.000000,0.200000,0.800000,0.200000,0.000000,0.400000,0.800000,0.200000,1.570796,0.400000,0.800000,0.400000,0.000000
1789261688945219,0.200000,0.200000,0.200000,-0.004027,0.200000,0.600000,0.200000,0.000000,0.200000,0.800000,0.200000,0.000000,0.400000,0.800000,0.200000,1.570796,0.400000,0.800000,0.400000,0.000000
1789261692376015,0.200000,0.200000,0.200000,-0.004027,0.200000,0.600000,0.200000,0.000000,0.200000,0.800000,0.200000,0.000000,0.400000,0.800000,0.200000,1.570796,0.400000,0.800000,0.400000,0.000000
1789261695810236,0.200000,0.200000,0.200000,-0.004027,0.200000,0.600000,0.200000,0.000000,0.200000,0.800000,0.200000,0.000000,0.400000,0.800000,0.200000,1.570796,0.400000,0.800000,0.400000,0.000000
1789261699435878,0.200000,0.200000,0.200000,-0.004027,0.200000,0.600000,0.200000,0.000000,0.200000,0.800000,0.200000,0.000000,0.400000,0.800000,0.200000,1.570796,0.400000,0.800000,0.400000,0.000000
1789261703015939,0.200000,0.200000,0.200000,-0.004027,0.200000,0.600000,0.200000,0.000000,0.200000,0.800000,0.200000,0.000000,0.400000,0.800000,0.200000,1.570796,0.400000,0.800000,0.400000,0.000000
1789261706945360,0.200000,0.200000,0.200000,-0.004027,0.200000,0.600000,0.200000,0.000000,0.200000,0.800000,0.200000,0.000000,0.400000,0.800000,0.200000,1.570796,0.400000,0.800000,0.400000,0.000000
1789261712849825,0.200000,0.200000,0.200000,-0.004027,0.200000,0.600000,0.200000,0.000000,0.200000,0.800000,0.200000,0.000000,0.400000,0.800000,0.200000,1.570796,0.400000,0.800000,0.400000,0.000000
1789261716711554,0.200000,0.200000,0.200000,-0.004027,0.200000,0.600000,0.200000,0.000000,0.200000,0.800000,0.200000,0.000000,0.400000,0.800000,0.200000,1.570796,0.400000,0.800000,0.400000,0.000000
1789261720542727,0.200000,0.200000,0.200000,-0.004027,0.200000,0.600000,0.200000,0.000000,0.200000,0.800000,0.200000,0.000000,0.400000,0.800000,0.200000,1.570796,0.400000,0.800000,0.400000,0.000000
1789261724507080,0.200000,0.200000,0.200000,-0.004027,0.200000,0.600000,0.200000,0.000000,0.200000,0.800000,0.200000,0.000000,0.400000,0.800000,0.200000,1.570796,0.400000,0.800000,0.400000,0.000000
1789261728337713,0.200000,0.200000,0.200000,-0.004027,0.200000,0.600000,0.200000,0.000000,0.200000,0.800000,0.200000,0.000000,0.400000,0.800000,0.200000,1.570796,0.400000,0.800000,0.400000,0.000000
1789261731863954,0.200000,0.200000,0.200000,-0.004027,0.200000,0.600000,0.200000,0.000000,0.200000,0.800000,0.200000,0.000000,0.400000,0.800000,0.200000,1.570796,0.400000,0.800000,0.400000,0.000000
1789261735652527,0.200000,0.200000,0.200000,-0.004027,0.200000,0.600000,0.200000,0.000000,0.200000,0.800000,0.200000,0.000000,0.400000,0.800000,0.200000,1.570796,0.400000,0.800000,0.400000,0.000000
1789261739260375,0.200000,0.200000,0.200000,-0.004027,0.200000,0.600000,0.200000,0.000000,0.200000,0.800000,0.200000,0.000000,0.400000,0.800000,0.200000,1.570796,0.400000,0.800000,0.400000,0.000000
1789261743522751,0.200000,0.200000,0.200000,-0.004027,0.200000,0.600000,0.200000,0.000000,0.200000,0.800000,0.200000,0.000000,0.400000,0.800000,0.200000,1.570796,0.400000,0.800000,0.400000,0.000000
1789261747173195,0.200000,0.200000,0.200000,-0.004027,0.200000,0.600000,0.200000,0.000000,0.200000,0.800000,0.200000,0.000000,0.400000,0.800000,0.200000,1.570796,0.400000,0.800000,0.400000,0.000000
1789261750635618,0.200000,0.200000,0.200000,-0.004027,0.200000,0.600000,0.200000,0.000000,0.200000,0.800000,0.200000,0.000000,0.400000,0.800000,0.200000,1.570796,0.400000,0.800000,0.400000,0.000000
1789261754328637,0.200000,0.200000,0.200000,-0.004027,0.200000,0.600000,0.200000,0.000000,0.200000,0.800000,0.200000,0.000000,0.400000,0.800000,0.200000,1.570796,0.400000,0.800000,0.400000,0.000000
1789261757786323,0.200000,0.200000,0.200000,-0.004027,0.200000,0.600000,0.200000,0.000000,0.200000,0.800000,0.200000,0.000000,0.400000,0.800000,0.200000,1.570796,0.400000,0.800000,0.400000,0.000000
1789261761475388,0.200000,0.200000,0.200000,-0.004027,0.200000,0.600000,0.200000,0.000000,0.200000,0.800000,0.200000,0.000000,0.400000,0.800000,0.200000,1.570796,0.400000,0.800000,0.400000,0.000000
1789261765041367,0.200000,0.200000,0.200000,-0.004027,0.200000,0.600000,0.200000,0.000000,0.200000,0.800000,0.200000,0.000000,0.400000,0.800000,0.200000,1.570796,0.400000,0.800000,0.400000,0.000000
1789261770192610,0.200000,0.200000,0.200000,-0.004027,0.200000,0.600000,0.200000,0.000000,0.200000,0.800000,0.200000,0.000000,0.400000,0.800000,0.200000,1.570796,0.400000,0.800000,0.400000,0.000000
1789261773944757,0.200000,0.200000,0.200000,-0.004027,0.200000,0.600000,0.200000,0.000000,0.200000,0.800000,0.200000,0.000000,0.400000,0.800000,0.200000,1.570796,0.400000,0.800000,0.400000,0.000000
1789261778772021,0.200000,0.200000,0.200000,-0.004027,0.200000,0.600000,0.200000,0.000000,0.200000,0.800000,0.200000,0.000000,0.400000,0.800000,0.200000,1.570796,0.400000,0.800000,0.400000,0.000000
1789261782363094,0.200000,0.200000,0.200000,-0.004027,0.200000,0.600000,0.200000,0.000000,0.200000,0.800000,0.200000,0.000000,0.400000,0.800000,0.200000,1.570796,0.400000,0.800000,0.400000,0.000000
1789261785898998,0.200000,0.200000,0.200000,-0.004027,0.200000,0.600000,0.200000,0.000000,0.200000,0.800000,0.200000,0.000000,0.400000,0.800000,0.200000,1.570796,0.400000,0.800000,0.400000,0.000000
1789261789333997,0.200000,0.200000,0.200000,-0.004027,0.200000,0.600000,0.200000,0.000000,0.200000,0.800000,0.200000,0.000000,0.400000,0.800000,0.200000,1.570796,0.400000,0.800000,0.400000,0.000000
1789261792762441,0.200000,0.200000,0.200000,-0.004027,0.200000,0.600000,0.200000,0.000000,0.200000,0.800000,0.200000,0.000000,0.400000,0.800000,0.200000,1.570796,0.400000,0.800000,0.400000,0.000000
1789261797811742,0.200000,0.200000,0.200000,-0.004027,0.200000,0.600000,0.200000,0.000000,0.200000,0.800000,0.200000,0.000000,0.400000,0.800000,0.200000,1.570796,0.400000,0.800000,0.400000,0.000000
1789261801490509,0.200000,0.200000,0.200000,-0.004027,0.200000,0.600000,0.200000,0.000000,0.200000,0.800000,0.200000,0.000000,0.400000,0.800000,0.200000,1.570796,0.400000,0.800000,0.400000,0.000000
1789261804958615,0.200000,0.200000,0.200000,-0.004027,0.200000,0.600000,0.200000,0.000000,0.200000,0.800000,0.200000,0.000000,0.400000,0.800000,0.200000,1.570796,0.400000,0.800000,0.400000,0.000000
1789261808672660,0.200000,0.200000,0.200000,-0.004027,0.200000,0.600000,0.200000,0.000000,0.200000,0.800000,0.200000,0.000000,0.400000,0.800000,0.200000,1.570796,0.400000,0.800000,0.400000,0.000000
1789261812250753,0.200000,0.200000,0.200000,-0.004027,0.200000,0.600000,0.200000,0.000000,0.200000,0.800000,0.200000,0.000000,0.400000,0.800000,0.200000,1.570796,0.400000,0.800000,0.400000,0.000000
1789261815904901,0.200000,0.200000,0.200000,-0.004027,0.200000,0.600000,0.200000,0.000000,0.200000,0.800000,0.200000,0.000000,0.400000,0.800000,0.200000,1.570796,0.400000,0.800000,0.400000,0.000000
1789261819427177,0.200000,0.200000,0.200000,-0.004027,0.200000,0.600000,0.200000,0.000000,0.200000,0.800000,0.200000,0.000000,0.400000,0.800000,0.200000,1.570796,0.400000,0.800000,0.400000,0.000000
1789261822932826,0.200000,0.200000,0.200000,-0.004027,0.200000,0.600000,0.200000,0.000000,0.200000,0.800000,0.200000,0.000000,0.400000,0.800000,0.200000,1.570796,0.400000,0.800000,0.400000,0.000000
1789261826362269,0.200000,0.200000,0.200000,-0.004027,0.200000,0.600000,0.200000,0.000000,0.200000,0.800000,0.200000,0.000000,0.400000,0.800000,0.200000,1.570796,0.400000,0.800000,0.400000,0.000000
1789261830391914,0.200000,0.200000,0.200000,-0.004027,0.200000,0.600000,0.200000,0.000000,0.200000,0.800000,0.200000,0.000000,0.400000,0.800000,0.200000,1.570796,0.400000,0.800000,0.400000,0.000000
1789261834249309,0.200000,0.200000,0.200000,-0.004027,0.200000,0.600000,0.200000,0.000000,0.200000,0.800000,0.200000,0.000000,0.400000,0.800000,0.200000,1.570796,0.400000,0.800000,0.400000,0.000000
1789261837794379,0.200000,0.200000,0.200000,-0.004027,0.200000,0.600000,0.200000,0.000000,0.200000,0.800000,0.200000,0.000000,0.400000,0.800000,0.200000,1.570796,0.400000,0.800000,0.400000,0.000000
1789261841241635,0.200000,0.200000,0.200000,-0.004027,0.200000,0.600000,0.200000,0.000000,0.200000,0.800000,0.200000,0.000000,0.400000,0.800000,0.200000,1.570796,0.400000,0.800000,0.400000,0.000000
1789261844676219,0.200000,0.200000,0.200000,-0.004027,0.200000,0.600000,0.200000,0.000000,0.200000,0.800000,0.200000,0.000000,0.400000,0.800000,0.200000,1.570796,0.400000,0.800000,0.400000,0.000000
1789261848111158,0.200000,0.200000,0.200000,-0.004027,0.200000,0.600000,0.200000,0.000000,0.200000,0.800000,0.200000,0.000000,0.400000,0.800000,0.200000,1.570796,0.400000,0.800000,0.400000,0.000000
1789261852196657,0.200000,0.200000,0.200000,-0.004027,0.200000,0.600000,0.200000,0.000000,0.200000,0.800000,0.200000,0.000000,0.400000,0.800000,0.200000,1.570796,0.400000,0.800000,0.400000,0.000000
1789261855788507,0.200000,0.200000,0.200000,-0.004027,0.200000,0.600000,0.200000,0.000000,0.200000,0.800000,0.200000,0.000000,0.400000,0.800000,0.200000,1.570796,0.400000,0.800000,0.400000,0.000000
1789261859321070,0.200000,0.200000,0.200000,-0.004027,0.200000,0.600000,0.200000,0.000000,0.200000,0.800000,0.200000,0.000000,0.400000,0.800000,0.200000,1.570796,0.400000,0.800000,0.400000,0.000000
1789261862810304,0.200000,0.200000,0.200000,-0.004027,0.200000,0.600000,0.200000,0.000000,0.200000,0.800000,0.200000,0.000000,0.400000,0.800000,0.200000,1.570796,0.400000,0.800000,0.400000,0.000000
1789261866332303,0.200000,0.200000,0.200000,-0.004027,0.200000,0.600000,0.200000,0.000000,0.200000,0.800000,0.200000,0.000000,0.400000,0.800000,0.200000,1.570796,0.400000,0.800000,0.400000,0.000000
1789261870108665,0.200000,0.200000,0.200000,-0.004027,0.200000,0.600000,0.200000,0.000000,0.200000,0.800000,0.200000,0.000000,0.400000,0.800000,0.200000,1.570796,0.400000,0.800000,0.400000,0.000000
1789261874268009,0.200000,0.200000,0.200000,-0.004027,0.200000,0.600000,0.200000,0.000000,0.200000,0.800000,0.200000,0.000000,0.400000,0.800000,0.200000,1.570796,0.400000,0.800000,0.400000,0.000000
1789261878265173,0.200000,0.200000,0.200000,-0.004027,0.200000,0.600000,0.200000,0.000000,0.200000,0.800000,0.200000,0.000000,0.400000,0.800000,0.200000,1.570796,0.400000,0.800000,0.400000,0.000000
1789261881958261,0.200000,0.200000,0.200000,-0.004027,0.200000,0.600000,0.200000,0.000000,0.200000,0.800000,0.200000,0.000000,0.400000,0.800000,0.200000,1.570796,0.400000,0.800000,0.400000,0.000000
1789261885538907,0.200000,0.200000,0.200000,-0.004027,0.200000,0.600000,0.200000,0.000000,0.200000,0.800000,0.200000,0.000000,0.400000,0.800000,0.200000,1.570796,0.400000,0.800000,0.400000,0.000000
1789261889353100,0.200000,0.200000,0.200000,-0.004027,0.200000,0.600000,0.200000,0.000000,0.200000,0.800000,0.200000,0.000000,0.400000,0.800000,0.200000,1.570796,0.400000,0.800000,0.400000,0.000000
1789261893502970,0.200000,0.200000,0.200000,-0.004027,0.200000,0.600000,0.200000,0.000000,0.200000,0.800000,0.200000,0.000000,0.400000,0.800000,0.200000,1.570796,0.400000,0.800000,0.400000,0.000000
1789261897748639,0.200000,0.200000,0.200000,-0.004027,0.200000,0.600000,0.200000,0.000000,0.200000,0.800000,0.200000,0.000000,0.400000,0.800000,0.200000,1.570796,0.400000,0.800000,0.400000,0.000000
1789261901891806,0.200000,0.200000,0.200000,-0.004027,0.200000,0.600000,0.200000,0.000000,0.200000,0.800000,0.200000,0.000000,0.400000,0.800000,0.200000,1.570796,0.400000,0.800000,0.400000,0.000000
1789261906127748,0.200000,0.200000,0.200000,-0.004027,0.200000,0.600000,0.200000,0.000000,0.200000,0.800000,0.200000,0.000000,0.400000,0.800000,0.200000,1.570796,0.400000,0.800000,0.400000,0.000000
1789261909615418,0.200000,0.200000,0.200000,-0.004027,0.200000,0.600000,0.200000,0.000000,0.200000,0.800000,0.200000,0.000000,0.400000,0.800000,0.200000,1.570796,0.400000,0.800000,0.400000,0.000000
1789261913061167,0.200000,0.200000,0.200000,-0.004027,0.200000,0.600000,0.200000,0.000000,0.200000,0.800000,0.200000,0.000000,0.400000,0.800000,0.200000,1.570796,0.400000,0.800000,0.400000,0.000000
1789261916550507,0.200000,0.200000,0.200000,-0.004027,0.200000,0.600000,0.200000,0.000000,0.200000,0.800000,0.200000,0.000000,0.400000,0.800000,0.200000,1.570796,0.400000,0.800000,0.400000,0.000000
1789261921373223,0.200000,0.200000,0.200000,-0.004027,0.200000,0.600000,0.200000,0.000000,0.200000,0.800000,0.200000,0.000000,0.400000,0.800000,0.200000,1.570796,0.400000,0.800000,0.400000,0.000000
1789261925140419,0.200000,0.200000,0.200000,-0.004027,0.200000,0.600000,0.200000,0.000000,0.200000,0.800000,0.200000,0.000000,0.400000,0.800000,0.200000,1.570796,0.400000,0.800000,0.400000,0.000000
1789261929386842,0.200000,0.200000,0.200000,-0.004027,0.200000,0.600000,0.200000,0.000000,0.200000,0.800000,0.200000,0.000000,0.400000,0.800000,0.200000,1.570796,0.400000,0.800000,0.400000,0.000000
1789261933492677,0.200000,0.200000,0.200000,-0.004027,0.200000,0.600000,0.200000,0.000000,0.200000,0.800000,0.200000,0.000000,0.400000,0.800000,0.200000,1.570796,0.400000,0.800000,0.400000,0.000000
1789261937616386,0.200000,0.200000,0.200000,-0.004027,0.200000,0.600000,0.200000,0.000000,0.200000,0.800000,0.200000,0.000000,0.400000,0.800000,0.200000,1.570796,0.400000,0.800000,0.400000,0.000000
1789261941481536,0.200000,0.200000,0.200000,-0.004027,0.200000,0.600000,0.200000,0.000000,0.200000,0.800000,0.200000,0.000000,0.400000,0.800000,0.200000,1.570796,0.400000,0.800000,0.400000,0.000000
1789261945230353,0.200000,0.200000,0.200000,-0.004027,0.200000,0.600000,0.200000,0.000000,0.200000,0.800000,0.200000,0.000000,0.400000,0.800000,0.200000,1.570796,0.400000,0.800000,0.400000,0.000000
1789261948802852,0.200000,0.200000,0.200000,-0.004027,0.200000,0.600000,0.200000,0.000000,0.200000,0.800000,0.200000,0.000000,0.400000,0.800000,0.200000,1.570796,0.400000,0.800000,0.400000,0.000000
1789261952722315,0.200000,0.200000,0.200000,-0.004027,0.200000,0.600000,0.200000,0.000000,0.200000,0.800000,0.200000,0.000000,0.400000,0.800000,0.200000,1.570796,0.400000,0.800000,0.400000,0.000000
1789261956416874,0.200000,0.200000,0.200000,-0.004027,0.200000,0.600000,0.200000,0.000000,0.200000,0.800000,0.200000,0.000000,0.400000,0.800000,0.200000,1.570796,0.400000,0.800000,0.400000,0.000000
1789261960020133,0.200000,0.200000,0.200000,-0.004027,0.200000,0.600000,0.200000,0.000000,0.200000,0.800000,0.200000,0.000000,0.400000,0.800000,0.200000,1.570796,0.400000,0.800000,0.400000,0.000000
1789261963605003,0.200000,0.200000,0.200000,-0.004027,0.200000,0.600000,0.200000,0.000000,0.200000,0.800000,0.200000,0.000000,0.400000,0.800000,0.200000,1.570796,0.400000,0.800000,0.400000,0.000000
1789261967220932,0.200000,0.200000,0.200000,-0.004027,0.200000,0.600000,0.200000,0.000000,0.200000,0.800000,0.200000,0.000000,0.400000,0.800000,0.200000,1.570796,0.400000,0.800000,0.400000,0.000000
1789261971764160,0.200000,0.200000,0.200000,-0.004027,0.200000,0.600000,0.200000,0.000000,0.200000,0.800000,0.200000,0.000000,0.400000,0.800000,0.200000,1.570796,0.400000,0.800000,0.400000,0.000000
1789261975503100,0.200000,0.200000,0.200000,-0.004027,0.200000,0.600000,0.200000,0.000000,0.200000,0.800000,0.200000,0.000000,0.400000,0.800000,0.200000,1.570796,0.400000,0.800000,0.400000,0.000000
1789261979311405,0.200000,0.200000,0.200000,-0.004027,0.200000,0.600000,0.200000,0.000000,0.200000,0.800000,0.200000,0.000000,0.400000,0.800000,0.200000,1.570796,0.400000,0.800000,0.400000,0.000000
1789261983158998,0.200000,0.200000,0.200000,-0.004027,0.200000,0.600000,0.200000,0.000000,0.200000,0.800000,0.200000,0.000000,0.400000,0.800000,0.200000,1.570796,0.400000,0.800000,0.400000,0.000000
1789261988650483,0.200000,0.200000,0.200000,-0.004027,0.200000,0.600000,0.200000,0.000000,0.200000,0.800000,0.200000,0.000000,0.400000,0.800000,0.200000,1.570796,0.400000,0.800000,0.400000,0.000000
1789261992145586,0.200000,0.200000,0.200000,-0.004027,0.200000,0.600000,0.200000,0.000000,0.200000,0.800000,0.200000,0.000000,0.400000,0.800000,0.200000,1.570796,0.400000,0.800000,0.400000,0.000000
1789261995827358,0.200000,0.200000,0.200000,-0.004027,0.200000,0.600000,0.200000,0.000000,0.200000,0.800000,0.200000,0.000000,0.400000,0.800000,0.200000,1.570796,0.400000,0.800000,0.400000,0.000000
1789261999481051,0.200000,0.200000,0.200000,-0.004027,0.200000,0.600000,0.200000,0.000000,0.200000,0.800000,0.200000,0.000000,0.400000,0.800000,0.200000,1.570796,0.400000,0.800000,0.400000,0.000000
1789262003459733,0.200000,0.200000,0.200000,-0.004027,0.200000,0.600000,0.200000,0.000000,0.200000,0.800000,0.200000,0.000000,0.400000,0.800000,0.200000,1.570796,0.400000,0.800000,0.400000,0.000000
1789262007156286,0.200000,0.200000,0.200000,-0.004027,0.200000,0.600000,0.200000,0.000000,0.200000,0.800000,0.200000,0.000000,0.400000,0.800000,0.200000,1.570796,0.400000,0.800000,0.400000,0.000000
1789262011764608,0.200000,0.200000,0.200000,-0.004027,0.200000,0.600000,0.200000,0.000000,0.200000,0.800000,0.200000,0.000000,0.400000,0.800000,0.200000,1.570796,0.400000,0.800000,0.400000,0.000000
1789262015438743,0.200000,0.200000,0.200000,-0.004027,0.200000,0.600000,0.200000,0.000000,0.200000,0.800000,0.200000,0.000000,0.400000,0.800000,0.200000,1.570796,0.400000,0.800000,0.400000,0.000000
1789262019902724,0.200000,0.200000,0.200000,-0.004027,0.200000,0.600000,0.200000,0.000000,0.200000,0.800000,0.200000,0.000000,0.400000,0.800000,0.200000,1.570796,0.400000,0.800000,0.400000,0.000000
1789262025697198,0.200000,0.200000,0.200000,-0.004027,0.200000,0.600000,0.200000,0.000000,0.200000,0.800000,0.200000,0.000000,0.400000,0.800000,0.200000,1.570796,0.400000,0.800000,0.400000,0.000000
1789262030050488,0.200000,0.200000,0.200000,-0.004027,0.200000,0.600000,0.200000,0.000000,0.200000,0.800000,0.200000,0.000000,0.400000,0.800000,0.200000,1.570796,0.400000,0.800000,0.400000,0.000000
1789262034106645,0.200000,0.200000,0.200000,-0.004027,0.200000,0.600000,0.200000,0.000000,0.200000,0.800000,0.200000,0.000000,0.400000,0.800000,0.200000,1.570796,0.400000,0.800000,0.400000,0.000000
1789262037656891,0.200000,0.200000,0.200000,-0.004027,0.200000,0.600000,0.200000,0.000000,0.200000,0.800000,0.200000,0.000000,0.400000,0.800000,0.200000,1.570796,0.400000,0.800000,0.400000,0.000000
1789262041627736,0.200000,0.200000,0.200000,-0.004027,0.200000,0.600000,0.200000,0.000000,0.200000,0.800000,0.200000,0.000000,0.400000,0.800000,0.200000,1.570796,0.400000,0.800000,0.400000,0.000000
1789262046673635,0.200000,0.200000,0.200000,-0.004027,0.200000,0.600000,0.200000,0.000000,0.200000,0.800000,0.200000,0.000000,0.400000,0.800000,0.200000,1.570796,0.400000,0.800000,0.400000,0.000000
1789262052714529,0.200000,0.200000,0.200000,-0.004027,0.200000,0.600000,0.200000,0.000000,0.200000,0.800000,0.200000,0.000000,0.400000,0.800000,0.200000,1.570796,0.400000,0.800000,0.400000,0.000000
1789262056604956,0.200000,0.200000,0.200000,-0.004027,0.200000,0.600000,0.200000,0.000000,0.200000,0.800000,0.200000,0.000000,0.400000,0.800000,0.200000,1.570796,0.400000,0.800000,0.400000,0.000000
1789262060448994,0.200000,0.200000,0.200000,-0.004027,0.200000,0.600000,0.200000,0.000000,0.200000,0.800000,0.200000,0.000000,0.400000,0.800000,0.200000,1.570796,0.400000,0.800000,0.400000,0.000000
1789262064434704,0.200000,0.200000,0.200000,-0.004027,0.200000,0.600000,0.200000,0.000000,0.200000,0.800000,0.200000,0.000000,0.400000,0.800000,0.200000,1.570796,0.400000,0.800000,0.400000,0.000000
1789262068155051,0.200000,0.200000,0.200000,-0.004027,0.200000,0.600000,0.200000,0.000000,0.200000,0.800000,0.200000,0.000000,0.400000,0.800000,0.200000,1.570796,0.400000,0.800000,0.400000,0.000000
1789262071802541,0.200000,0.200000,0.200000,-0.004027,0.200000,0.600000,0.200000,0.000000,0.200000,0.800000,0.200000,0.000000,0.400000,0.800000,0.200000,1.570796,0.400000,0.800000,0.400000,0.000000
1789262075321928,0.200000,0.200000,0.200000,-0.004027,0.200000,0.600000,0.200000,0.000000,0.200000,0.800000,0.200000,0.000000,0.400000,0.800000,0.200000,1.570796,0.400000,0.800000,0.400000,0.000000
1789262078904474,0.200000,0.200000,0.200000,-0.004027,0.200000,0.600000,0.200000,0.000000,0.200000,0.800000,0.200000,0.000000,0.400000,0.800000,0.200000,1.570796,0.400000,0.800000,0.400000,0.000000
1789262082725254,0.200000,0.200000,0.200000,-0.004027,0.200000,0.600000,0.200000,0.000000,0.200000,0.800000,0.200000,0.000000,0.400000,0.800000,0.200000,1.570796,0.400000,0.800000,0.400000,0.000000
1789262086659766,0.200000,0.200000,0.200000,-0.004027,0.200000,0.600000,0.200000,0.000000,0.200000,0.800000,0.200000,0.000000,0.400000,0.800000,0.200000,1.570796,0.400000,0.800000,0.400000,0.000000
1789262090140739,0.200000,0.200000,0.200000,-0.004027,0.200000,0.600000,0.200000,0.000000,0.200000,0.800000,0.200000,0.000000,0.400000,0.800000,0.200000,1.570796,0.400000,0.800000,0.400000,0.000000
1789262094003986,0.200000,0.200000,0.200000,-0.004027,0.200000,0.600000,0.200000,0.000000,0.200000,0.800000,0.200000,0.000000,0.400000,0.800000,0.200000,1.570796,0.400000,0.800000,0.400000,0.000000
1789262098103427,0.200000,0.200000,0.200000,-0.004027,0.200000,0.600000,0.200000,0.000000,0.200000,0.800000,0.200000,0.000000,0.400000,0.800000,0.200000,1.570796,0.400000,0.800000,0.400000,0.000000
1789262102025943,0.200000,0.200000,0.200000,-0.004027,0.200000,0.600000,0.200000,0.000000,0.200000,0.800000,0.200000,0.000000,0.400000,0.800000,0.200000,1.570796,0.400000,0.800000,0.400000,0.000000
1789262105797257,0.200000,0.200000,0.200000,-0.004027,0.200000,0.600000,0.200000,0.000000,0.200000,0.800000,0.200000,0.000000,0.400000,0.800000,0.200000,1.570796,0.400000,0.800000,0.400000,0.000000
1789262109635588,0.200000,0.200000,0.200000,-0.004027,0.200000,0.600000,0.200000,0.000000,0.200000,0.800000,0.200000,0.000000,0.400000,0.800000,0.200000,1.570796,0.400000,0.800000,0.400000,0.000000
1789262113465093,0.200000,0.200000,0.200000,-0.004027,0.200000,0.600000,0.200000,0.000000,0.200000,0.800000,0.200000,0.000000,0.400000,0.800000,0.200000,1.570796,0.400000,0.800000,0.400000,0.000000
1789262116905092,0.200000,0.200000,0.200000,-0.004027,0.200000,0.600000,0.200000,0.000000,0.200000,0.800000,0.200000,0.000000,0.400000,0.800000,0.200000,1.570796,0.400000,0.800000,0.400000,0.000000
1789262120462864,0.200000,0.200000,0.200000,-0.004027,0.200000,0.600000,0.200000,0.000000,0.200000,0.800000,0.200000,0.000000,0.400000,0.800000,0.200000,1.570796,0.400000,0.800000,0.400000,0.000000
1789262123944232,0.200000,0.200000,0.200000,-0.004027,0.200000,0.600000,0.200000,0.000000,0.200000,0.800000,0.200000,0.000000,0.400000,0.800000,0.200000,1.570796,0.400000,0.800000,0.400000,0.000000
1789262127414709,0.200000,0.200000,0.200000,-0.004027,0.200000,0.600000,0.200000,0.000000,0.200000,0.800000,0.200000,0.000000,0.400000,0.800000,0.200000,1.570796,0.400000,0.800000,0.400000,0.000000
1789262131916984,0.200000,0.200000,0.200000,-0.004027,0.200000,0.600000,0.200000,0.000000,0.200000,0.800000,0.200000,0.000000,0.400000,0.800000,0.200000,1.570796,0.400000,0.800000,0.400000,0.000000
1789262136024397,0.200000,0.200000,0.200000,-0.004027,0.200000,0.600000,0.200000,0.000000,0.200000,0.800000,0.200000,0.000000,0.400000,0.800000,0.200000,1.570796,0.400000,0.800000,0.400000,0.000000
1789262140445249,0.200000,0.200000,0.200000,-0.004027,0.200000,0.600000,0.200000,0.000000,0.200000,0.800000,0.200000,0.000000,0.400000,0.800000,0.200000,1.570796,0.400000,0.800000,0.400000,0.000000
1789262144311729,0.200000,0.200000,0.200000,-0.004027,0.200000,0.600000,0.200000,0.000000,0.200000,0.800000,0.200000,0.000000,0.400000,0.800000,0.200000,1.570796,0.400000,0.800000,0.400000,0.000000
1789262148485557,0.200000,0.200000,0.200000,-0.004027,0.200000,0.600000,0.200000,0.000000,0.200000,0.800000,0.200000,0.000000,0.400000,0.800000,0.200000,1.570796,0.400000,0.800000,0.400000,0.000000
1789262152226518,0.200000,0.200000,0.200000,-0.004027,0.200000,0.600000,0.200000,0.000000,0.200000,0.800000,0.200000,0.000000,0.400000,0.800000,0.200000,1.570796,0.400000,0.800000,0.400000,0.000000
1789262155982207,0.200000,0.200000,0.200000,-0.004027,0.200000,0.600000,0.200000,0.000000,0.200000,0.800000,0.200000,0.000000,0.400000,0.800000,0.200000,1.570796,0.400000,0.800000,0.400000,0.000000
1789262160311466,0.200000,0.200000,0.200000,-0.004027,0.200000,0.600000,0.200000,0.000000,0.200000,0.800000,0.200000,0.000000,0.400000,0.800000,0.200000,1.570796,0.400000,0.800000,0.400000,0.000000
1789262164596248,0.200000,0.200000,0.200000,-0.004027,0.200000,0.600000,0.200000,0.000000,0.200000,0.800000,0.200000,0.000000,0.400000,0.800000,0.200000,1.570796,0.400000,0.800000,0.400000,0.000000
1789262168150551,0.200000,0.200000,0.200000,-0.004027,0.200000,0.600000,0.200000,0.000000,0.200000,0.800000,0.200000,0.000000,0.400000,0.800000,0.200000,1.570796,0.400000,0.800000,0.400000,0.000000
1789262171936698,0.200000,0.200000,0.200000,-0.004027,0.200000,0.600000,0.200000,0.000000,0.200000,0.800000,0.200000,0.000000,0.400000,0.800000,0.200000,1.570796,0.400000,0.800000,0.400000,0.000000
1789262175723940,0.200000,0.200000,0.200000,-0.004027,0.200000,0.600000,0.200000,0.000000,0.200000,0.800000,0.200000,0.000000,0.400000,0.800000,0.200000,1.570796,0.400000,0.800000,0.400000,0.000000
1789262179203918,0.200000,0.200000,0.200000,-0.004027,0.200000,0.600000,0.200000,0.000000,0.200000,0.800000,0.200000,0.000000,0.400000,0.800000,0.200000,1.570796,0.400000,0.800000,0.400000,0.000000
1789262182665444,0.200000,0.200000,0.200000,-0.004027,0.200000,0.600000,0.200000,0.000000,0.200000,0.800000,0.200000,0.000000,0.400000,0.800000,0.200000,1.570796,0.400000,0.800000,0.400000,0.000000
1789262186378817,0.200000,0.200000,0.200000,-0.004027,0.200000,0.600000,0.200000,0.000000,0.200000,0.800000,0.200000,0.000000,0.400000,0.800000,0.200000,1.570796,0.400000,0.800000,0.400000,0.000000
1789262190455983,0.200000,0.200000,0.200000,-0.004027,0.200000,0.600000,0.200000,0.000000,0.200000,0.800000,0.200000,0.000000,0.400000,0.800000,0.200000,1.570796,0.400000,0.800000,0.400000,0.000000
1789262194844912,0.200000,0.200000,0.200000,-0.004027,0.200000,0.600000,0.200000,0.000000,0.200000,0.800000,0.200000,0.000000,0.400000,0.800000,0.200000,1.570796,0.400000,0.800000,0.400000,0.000000
1789262198976350,0.200000,0.200000,0.200000,-0.004027,0.200000,0.600000,0.200000,0.000000,0.200000,0.800000,0.200000,0.000000,0.400000,0.800000,0.200000,1.570796,0.400000,0.800000,0.400000,0.000000
1789262202952458,0.200000,0.200000,0.200000,-0.004027,0.200000,0.600000,0.200000,0.000000,0.200000,0.800000,0.200000,0.000000,0.400000,0.800000,0.200000,1.570796,0.400000,0.800000,0.400000,0.000000
1789262206830229,0.200000,0.200000,0.200000,-0.004027,0.200000,0.600000,0.200000,0.000000,0.200000,0.800000,0.200000,0.000000,0.400000,0.800000,0.200000,1.570796,0.400000,0.800000,0.400000,0.000000
1789262210665184,0.200000,0.200000,0.200000,-0.004027,0.200000,0.600000,0.200000,0.000000,0.200000,0.800000,0.200000,0.000000,0.400000,0.800000,0.200000,1.570796,0.400000,0.800000,0.400000,0.000000
1789262214143198,0.200000,0.200000,0.200000,-0.004027,0.200000,0.600000,0.200000,0.000000,0.200000,0.800000,0.200000,0.000000,0.400000,0.800000,0.200000,1.570796,0.400000,0.800000,0.400000,0.000000
1789262217628068,0.200000,0.200000,0.200000,-0.004027,0.200000,0.600000,0.200000,0.000000,0.200000,0.800000,0.200000,0.000000,0.400000,0.800000,0.200000,1.570796,0.400000,0.800000,0.400000,0.000000
1789262221111721,0.200000,0.200000,0.200000,-0.004027,0.200000,0.600000,0.200000,0.000000,0.200000,0.800000,0.200000,0.000000,0.400000,0.800000,0.200000,1.570796,0.400000,0.800000,0.400000,0.000000
1789262224848628,0.200000,0.200000,0.200000,-0.004027,0.200000,0.600000,0.200000,0.000000,0.200000,0.800000,0.200000,0.000000,0.400000,0.800000,0.200000,1.570796,0.400000,0.800000,0.400000,0.000000
1789262228281917,0.200000,0.200000,0.200000,-0.004027,0.200000,0.600000,0.200000,0.000000,0.200000,0.800000,0.200000,0.000000,0.400000,0.800000,0.200000,1.570796,0.400000,0.800000,0.400000,0.000000
1789262231820181,0.200000,0.200000,0.200000,-0.004027,0.200000,0.600000,0.200000,0.000000,0.200000,0.800000,0.200000,0.000000,0.400000,0.800000,0.200000,1.570796,0.400000,0.800000,0.400000,0.000000
1789262235421216,0.200000,0.200000,0.200000,-0.004027,0.200000,0.600000,0.200000,0.000000,0.200000,0.800000,0.200000,0.000000,0.400000,0.800000,0.200000,1.570796,0.400000,0.800000,0.400000,0.000000
1789262239086025,0.200000,0.200000,0.200000,-0.004027,0.200000,0.600000,0.200000,0.000000,0.200000,0.800000,0.200000,0.000000,0.400000,0.800000,0.200000,1.570796,0.400000,0.800000,0.400000,0.000000
1789262242567933,0.200000,0.200000,0.200000,-0.004027,0.200000,0.600000,0.200000,0.000000,0.200000,0.800000,0.200000,0.000000,0.400000,0.800000,0.200000,1.570796,0.400000,0.800000,0.400000,0.000000
1789262246137555,0.200000,0.200000,0.200000,-0.004027,0.200000,0.600000,0.200000,0.000000,0.200000,0.800000,0.200000,0.000000,0.400000,0.800000,0.200000,1.570796,0.400000,0.800000,0.400000,0.000000
1789262249628822,0.200000,0.200000,0.200000,-0.004027,0.200000,0.600000,0.200000,0.000000,0.200000,0.800000,0.200000,0.000000,0.400000,0.800000,0.200000,1.570796,0.400000,0.800000,0.400000,0.000000
1789262253314185,0.200000,0.200000,0.200000,-0.004027,0.200000,0.600000,0.200000,0.000000,0.200000,0.800000,0.200000,0.000000,0.400000,0.800000,0.200000,1.570796,0.400000,0.800000,0.400000,0.000000
1789262257105024,0.200000,0.200000,0.200000,-0.004027,0.200000,0.600000,0.200000,0.000000,0.200000,0.800000,0.200000,0.000000,0.400000,0.800000,0.200000,1.570796,0.400000,0.800000,0.400000,0.000000
1789262260539478,0.200000,0.200000,0.200000,-0.004027,0.200000,0.600000,0.200000,0.000000,0.200000,0.800000,0.200000,0.000000,0.400000,0.800000,0.200000,1.570796,0.400000,0.800000,0.400000,0.000000
1789262264016397,0.200000,0.200000,0.200000,-0.004027,0.200000,0.600000,0.200000,0.000000,0.200000,0.800000,0.200000,0.000000,0.400000,0.800000,0.200000,1.570796,0.400000,0.800000,0.400000,0.000000
1789262267857212,0.200000,0.200000,0.200000,-0.004027,0.200000,0.600000,0.200000,0.000000,0.200000,0.800000,0.200000,0.000000,0.400000,0.800000,0.200000,1.570796,0.400000,0.800000,0.400000,0.000000
1789262271658702,0.200000,0.200000,0.200000,-0.004027,0.200000,0.600000,0.200000,0.000000,0.200000,0.800000,0.200000,0.000000,0.400000,0.800000,0.200000,1.570796,0.400000,0.800000,0.400000,0.000000
1789262275366709,0.200000,0.200000,0.200000,-0.004027,0.200000,0.600000,0.200000,0.000000,0.200000,0.800000,0.200000,0.000000,0.400000,0.800000,0.200000,1.570796,0.400000,0.800000,0.400000,0.000000
1789262278954201,0.200000,0.200000,0.200000,-0.004027,0.200000,0.600000,0.200000,0.000000,0.200000,0.800000,0.200000,0.000000,0.400000,0.800000,0.200000,1.570796,0.400000,0.800000,0.400000,0.000000
1789262282688323,0.200000,0.200000,0.200000,-0.004027,0.200000,0.600000,0.200000,0.000000,0.200000,0.800000,0.200000,0.000000,0.400000,0.800000,0.200000,1.570796,0.400000,0.800000,0.400000,0.000000
1789262286329348,0.200000,0.200000,0.200000,-0.004027,0.200000,0.600000,0.200000,0.000000,0.200000,0.800000,0.200000,0.000000,0.400000,0.800000,0.200000,1.570796,0.400000,0.800000,0.400000,0.000000
1789262289761620,0.200000,0.200000,0.200000,-0.004027,0.200000,0.600000,0.200000,0.000000,0.200000,0.800000,0.200000,0.000000,0.400000,0.800000,0.200000,1.570796,0.400000,0.800000,0.400000,0.000000
1789262293390113,0.200000,0.200000,0.200000,-0.004027,0.200000,0.600000,0.200000,0.000000,0.200000,0.800000,0.200000,0.000000,0.400000,0.800000,0.200000,1.570796,0.400000,0.800000,0.400000,0.000000
1789262296988453,0.200000,0.200000,0.200000,-0.004027,0.200000,0.600000,0.200000,0.000000,0.200000,0.800000,0.200000,0.000000,0.400000,0.800000,0.200000,1.570796,0.400000,0.800000,0.400000,0.000000
1789262300533251,0.200000,0.200000,0.200000,-0.004027,0.200000,0.600000,0.200000,0.000000,0.200000,0.800000,0.200000,0.000000,0.400000,0.800000,0.200000,1.570796,0.400000,0.800000,0.400000,0.000000
1789262304385618,0.200000,0.200000,0.200000,-0.004027,0.200000,0.600000,0.200000,0.000000,0.200000,0.800000,0.200000,0.000000,0.400000,0.800000,0.200000,1.570796,0.400000,0.800000,0.400000,0.000000
1789262308167528,0.200000,0.200000,0.200000,-0.004027,0.200000,0.600000,0.200000,0.000000,0.200000,0.800000,0.200000,0.000000,0.400000,0.800000,0.200000,1.570796,0.400000,0.800000,0.400000,0.000000
1789262311786567,0.200000,0.200000,0.200000,-0.004027,0.200000,0.600000,0.200000,0.000000,0.200000,0.800000,0.200000,0.000000,0.400000,0.800000,0.200000,1.570796,0.400000,0.800000,0.400000,0.000000
1789262315370202,0.200000,0.200000,0.200000,-0.004027,0.200000,0.600000,0.200000,0.000000,0.200000,0.800000,0.200000,0.000000,0.400000,0.800000,0.200000,1.570796,0.400000,0.800000,0.400000,0.000000
1789262318826858,0.200000,0.200000,0.200000,-0.004027,0.200000,0.600000,0.200000,0.000000,0.200000,0.800000,0.200000,0.000000,0.400000,0.800000,0.200000,1.570796,0.400000,0.800000,0.400000,0.000000
1789262322278775,0.200000,0.200000,0.200000,-0.004027,0.200000,0.600000,0.200000,0.000000,0.200000,0.800000,0.200000,0.000000,0.400000,0.800000,0.200000,1.570796,0.400000,0.800000,0.400000,0.000000
1789262326013923,0.200000,0.200000,0.200000,-0.004027,0.200000,0.600000,0.200000,0.000000,0.200000,0.800000,0.200000,0.000000,0.400000,0.800000,0.200000,1.570796,0.400000,0.800000,0.400000,0.000000
1789262329496776,0.200000,0.200000,0.200000,-0.004027,0.200000,0.600000,0.200000,0.000000,0.200000,0.800000,0.200000,0.000000,0.400000,0.800000,0.200000,1.570796,0.400000,0.800000,0.400000,0.000000
1789262333136438,0.200000,0.200000,0.200000,-0.004027,0.200000,0.600000,0.200000,0.000000,0.200000,0.800000,0.200000,0.000000,0.400000,0.800000,0.200000,1.570796,0.400000,0.800000,0.400000,0.000000
1789262336999833,0.200000,0.200000,0.200000,-0.004027,0.200000,0.600000,0.200000,0.000000,0.200000,0.800000,0.200000,0.000000,0.400000,0.800000,0.200000,1.570796,0.400000,0.800000,0.400000,0.000000
1789262340641962,0.200000,0.200000,0.200000,-0.004027,0.200000,0.600000,0.200000,0.000000,0.200000,0.800000,0.200000,0.000000,0.400000,0.800000,0.200000,1.570796,0.400000,0.800000,0.400000,0.000000
1789262344471016,0.200000,0.200000,0.200000,-0.004027,0.200000,0.600000,0.200000,0.000000,0.200000,0.800000,0.200000,0.000000,0.400000,0.800000,0.200000,1.570796,0.400000,0.800000,0.400000,0.000000
1789262348126705,0.200000,0.200000,0.200000,-0.004027,0.200000,0.600000,0.200000,0.000000,0.200000,0.800000,0.200000,0.000000,0.400000,0.800000,0.200000,1.570796,0.400000,0.800000,0.400000,0.000000
1789262351565421,0.200000,0.200000,0.200000,-0.004027,0.200000,0.600000,0.200000,0.000000,0.200000,0.800000,0.200000,0.000000,0.400000,0.800000,0.200000,1.570796,0.400000,0.800000,0.400000,0.000000
1789262355281853,0.200000,0.200000,0.200000,-0.004027,0.200000,0.600000,0.200000,0.000000,0.200000,0.800000,0.200000,0.000000,0.400000,0.800000,0.200000,1.570796,0.400000,0.800000,0.400000,0.000000
1789262358914114,0.200000,0.200000,0.200000,-0.004027,0.200000,0.600000,0.200000,0.000000,0.200000,0.800000,0.200000,0.000000,0.400000,0.800000,0.200000,1.570796,0.400000,0.800000,0.400000,0.000000
1789262362768919,0.200000,0.200000,0.200000,-0.004027,0.200000,0.600000,0.200000,0.000000,0.200000,0.800000,0.200000,0.000000,0.400000,0.800000,0.200000,1.570796,0.400000,0.800000,0.400000,0.000000
1789262366502200,0.200000,0.200000,0.200000,-0.004027,0.200000,0.600000,0.200000,0.000000,0.200000,0.800000,0.200000,0.000000,0.400000,0.800000,0.200000,1.570796,0.400000,0.800000,0.400000,0.000000
1789262370419306,0.200000,0.200000,0.200000,-0.004027,0.200000,0.600000,0.200000,0.000000,0.200000,0.800000,0.200000,0.000000,0.400000,0.800000,0.200000,1.570796,0.400000,0.800000,0.400000,0.000000
1789262373919679,0.200000,0.200000,0.200000,-0.004027,0.200000,0.600000,0.200000,0.000000,0.200000,0.800000,0.200000,0.000000,0.400000,0.800000,0.200000,1.570796,0.400000,0.800000,0.400000,0.000000
1789262377476766,0.200000,0.200000,0.200000,-0.004027,0.200000,0.600000,0.200000,0.000000,0.200000,0.800000,0.200000,0.000000,0.400000,0.800000,0.200000,1.570796,0.400000,0.800000,0.400000,0.000000
1789262381211306,0.200000,0.200000,0.200000,-0.004027,0.200000,0.600000,0.200000,0.000000,0.200000,0.800000,0.200000,0.000000,0.400000,0.800000,0.200000,1.570796,0.400000,0.800000,0.400000,0.000000
1789262384722148,0.200000,0.200000,0.200000,-0.004027,0.200000,0.600000,0.200000,0.000000,0.200000,0.800000,0.200000,0.000000,0.400000,0.800000,0.200000,1.570796,0.400000,0.800000,0.400000,0.000000
1789262388254663,0.200000,0.200000,0.200000,-0.004027,0.200000,0.600000,0.200000,0.000000,0.200000,0.800000,0.200000,0.000000,0.400000,0.800000,0.200000,1.570796,0.400000,0.800000,0.400000,0.000000
1789262391799395,0.200000,0.200000,0.200000,-0.004027,0.200000,0.600000,0.200000,0.000000,0.200000,0.800000,0.200000,0.000000,0.400000,0.800000,0.200000,1.570796,0.400000,0.800000,0.400000,0.000000
1789262396527292,0.200000,0.200000,0.200000,-0.004027,0.200000,0.600000,0.200000,0.000000,0.200000,0.800000,0.200000,0.000000,0.400000,0.800000,0.200000,1.570796,0.400000,0.800000,0.400000,0.000000
1789262400489101,0.200000,0.200000,0.200000,-0.004027,0.200000,0.600000,0.200000,0.000000,0.200000,0.800000,0.200000,0.000000,0.400000,0.800000,0.200000,1.570796,0.400000,0.800000,0.400000,0.000000
1789262403937305,0.200000,0.200000,0.200000,-0.004027,0.200000,0.600000,0.200000,0.000000,0.200000,0.800000,0.200000,0.000000,0.400000,0.800000,0.200000,1.570796,0.400000,0.800000,0.400000,0.000000
1789262408216665,0.200000,0.200000,0.200000,-0.004027,0.200000,0.600000,0.200000,0.000000,0.200000,0.800000,0.200000,0.000000,0.400000,0.800000,0.200000,1.570796,0.400000,0.800000,0.400000,0.000000
1789262412271498,0.200000,0.200000,0.200000,-0.004027,0.200000,0.600000,0.200000,0.000000,0.200000,0.800000,0.200000,0.000000,0.400000,0.800000,0.200000,1.570796,0.400000,0.800000,0.400000,0.000000
1789262416331902,0.200000,0.200000,0.200000,-0.004027,0.200000,0.600000,0.200000,0.000000,0.200000,0.800000,0.200000,0.000000,0.400000,0.800000,0.200000,1.570796,0.400000,0.800000,0.400000,0.000000
1789262419944845,0.200000,0.200000,0.200000,-0.004027,0.200000,0.600000,0.200000,0.000000,0.200000,0.800000,0.200000,0.000000,0.400000,0.800000,0.200000,1.570796,0.400000,0.800000,0.400000,0.000000
1789262423389237,0.200000,0.200000,0.200000,-0.004027,0.200000,0.600000,0.200000,0.000000,0.200000,0.800000,0.200000,0.000000,0.400000,0.800000,0.200000,1.570796,0.400000,0.800000,0.400000,0.000000
1789262427041259,0.200000,0.200000,0.200000,-0.004027,0.200000,0.600000,0.200000,0.000000,0.200000,0.800000,0.200000,0.000000,0.400000,0.800000,0.200000,1.570796,0.400000,0.800000,0.400000,0.000000
1789262430707072,0.200000,0.200000,0.200000,-0.004027,0.200000,0.600000,0.200000,0.000000,0.200000,0.800000,0.200000,0.000000,0.400000,0.800000,0.200000,1.570796,0.400000,0.800000,0.400000,0.000000
1789262434666784,0.200000,0.200000,0.200000,-0.004027,0.200000,0.600000,0.200000,0.000000,0.200000,0.800000,0.200000,0.000000,0.400000,0.800000,0.200000,1.570796,0.400000,0.800000,0.400000,0.000000
1789262439268450,0.200000,0.200000,0.200000,-0.004027,0.200000,0.600000,0.200000,0.000000,0.200000,0.800000,0.200000,0.000000,0.400000,0.800000,0.200000,1.570796,0.400000,0.800000,0.400000,0.000000
1789262443155172,0.200000,0.200000,0.200000,-0.004027,0.200000,0.600000,0.200000,0.000000,0.200000,0.800000,0.200000,0.000000,0.400000,0.800000,0.200000,1.570796,0.400000,0.800000,0.400000,0.000000
1789262447014207,0.200000,0.200000,0.200000,-0.004027,0.200000,0.600000,0.200000,0.000000,0.200000,0.800000,0.200000,0.000000,0.400000,0.800000,0.200000,1.570796,0.400000,0.800000,0.400000,0.000000
1789262450690871,0.200000,0.200000,0.200000,-0.004027,0.200000,0.600000,0.200000,0.000000,0.200000,0.800000,0.200000,0.000000,0.400000,0.800000,0.200000,1.570796,0.400000,0.800000,0.400000,0.000000
1789262454185448,0.200000,0.200000,0.200000,-0.004027,0.200000,0.600000,0.200000,0.000000,0.200000,0.800000,0.200000,0.000000,0.400000,0.800000,0.200000,1.570796,0.400000,0.800000,0.400000,0.000000
1789262457729247,0.200000,0.200000,0.200000,-0.004027,0.200000,0.600000,0.200000,0.000000,0.200000,0.800000,0.200000,0.000000,0.400000,0.800000,0.200000,1.570796,0.400000,0.800000,0.400000,0.000000
1789262461182237,0.200000,0.200000,0.200000,-0.004027,0.200000,0.600000,0.200000,0.000000,0.200000,0.800000,0.200000,0.000000,0.400000,0.800000,0.200000,1.570796,0.400000,0.800000,0.400000,0.000000
1789262464689661,0.200000,0.200000,0.200000,-0.004027,0.200000,0.600000,0.200000,0.000000,0.200000,0.800000,0.200000,0.000000,0.400000,0.800000,0.200000,1.570796,0.400000,0.800000,0.400000,0.000000
1789262468226922,0.200000,0.200000,0.200000,-0.004027,0.200000,0.600000,0.200000,0.000000,0.200000,0.800000,0.200000,0.000000,0.400000,0.800000,0.200000,1.570796,0.400000,0.800000,0.400000,0.000000
1789262472231950,0.200000,0.200000,0.200000,-0.004027,0.200000,0.600000,0.200000,0.000000,0.200000,0.800000,0.200000,0.000000,0.400000,0.800000,0.200000,1.570796,0.400000,0.800000,0.400000,0.000000
1789262476286911,0.200000,0.200000,0.200000,-0.004027,0.200000,0.600000,0.200000,0.000000,0.200000,0.800000,0.200000,0.000000,0.400000,0.800000,0.200000,1.570796,0.400000,0.800000,0.400000,0.000000
1789262480260328,0.200000,0.200000,0.200000,-0.004027,0.200000,0.600000,0.200000,0.000000,0.200000,0.800000,0.200000,0.000000,0.400000,0.800000,0.200000,1.570796,0.400000,0.800000,0.400000,0.000000
1789262484328853,0.200000,0.200000,0.200000,-0.004027,0.200000,0.600000,0.200000,0.000000,0.200000,0.800000,0.200000,0.000000,0.400000,0.800000,0.200000,1.570796,0.400000,0.800000,0.400000,0.000000
1789262487850188,0.200000,0.200000,0.200000,-0.004027,0.200000,0.600000,0.200000,0.000000,0.200000,0.800000,0.200000,0.000000,0.400000,0.800000,0.200000,1.570796,0.400000,0.800000,0.400000,0.000000
1789262491507474,0.200000,0.200000,0.200000,-0.004027,0.200000,0.600000,0.200000,0.000000,0.200000,0.800000,0.200000,0.000000,0.400000,0.800000,0.200000,1.570796,0.400000,0.800000,0.400000,0.000000
1789262495038560,0.200000,0.200000,0.200000,-0.004027,0.200000,0.600000,0.200000,0.000000,0.200000,0.800000,0.200000,0.000000,0.400000,0.800000,0.200000,1.570796,0.400000,0.800000,0.400000,0.000000
1789262498452111,0.200000,0.200000,0.200000,-0.004027,0.200000,0.600000,0.200000,0.000000,0.200000,0.800000,0.200000,0.000000,0.400000,0.800000,0.200000,1.570796,0.400000,0.800000,0.400000,0.000000
1789262501889901,0.200000,0.200000,0.200000,-0.004027,0.200000,0.600000,0.200000,0.000000,0.200000,0.800000,0.200000,0.000000,0.400000,0.800000,0.200000,1.570796,0.400000,0.800000,0.400000,0.000000
1789262505944630,0.200000,0.200000,0.200000,-0.004027,0.200000,0.600000,0.200000,0.000000,0.200000,0.800000,0.200000,0.000000,0.400000,0.800000,0.200000,1.570796,0.400000,0.800000,0.400000,0.000000
1789262509698601,0.200000,0.200000,0.200000,-0.004027,0.200000,0.600000,0.200000,0.000000,0.200000,0.800000,0.200000,0.000000,0.400000,0.800000,0.200000,1.570796,0.400000,0.800000,0.400000,0.000000
1789262513286427,0.200000,0.200000,0.200000,-0.004027,0.200000,0.600000,0.200000,0.000000,0.200000,0.800000,0.200000,0.000000,0.400000,0.800000,0.200000,1.570796,0.400000,0.800000,0.400000,0.000000
1789262516971884,0.200000,0.200000,0.200000,-0.004027,0.200000,0.600000,0.200000,0.000000,0.200000,0.800000,0.200000,0.000000,0.400000,0.800000,0.200000,1.570796,0.400000,0.800000,0.400000,0.000000
1789262520421169,0.200000,0.200000,0.200000,-0.004027,0.200000,0.600000,0.200000,0.000000,0.200000,0.800000,0.200000,0.000000,0.400000,0.800000,0.200000,1.570796,0.400000,0.800000,0.400000,0.000000
1789262524053747,0.200000,0.200000,0.200000,-0.004027,0.200000,0.600000,0.200000,0.000000,0.200000,0.800000,0.200000,0.000000,0.400000,0.800000,0.200000,1.570796,0.400000,0.800000,0.400000,0.000000
1789262527590745,0.200000,0.200000,0.200000,-0.004027,0.200000,0.600000,0.200000,0.000000,0.200000,0.800000,0.200000,0.000000,0.400000,0.800000,0.200000,1.570796,0.400000,0.800000,0.400000,0.000000
1789262531168105,0.200000,0.200000,0.200000,-0.004027,0.200000,0.600000,0.200000,0.000000,0.200000,0.800000,0.200000,0.000000,0.400000,0.800000,0.200000,1.570796,0.400000,0.800000,0.400000,0.000000
1789262534771474,0.200000,0.200000,0.200000,-0.004027,0.200000,0.600000,0.200000,0.000000,0.200000,0.800000,0.200000,0.000000,0.400000,0.800000,0.200000,1.570796,0.400000,0.800000,0.400000,0.000000
1789262538346535,0.200000,0.200000,0.200000,-0.004027,0.200000,0.600000,0.200000,0.000000,0.200000,0.800000,0.200000,0.000000,0.400000,0.800000,0.200000,1.570796,0.400000,0.800000,0.400000,0.000000
1789262542225988,0.200000,0.200000,0.200000,-0.004027,0.200000,0.600000,0.200000,0.000000,0.200000,0.800000,0.200000,0.000000,0.400000,0.800000,0.200000,1.570796,0.400000,0.800000,0.400000,0.000000
1789262546305738,0.200000,0.200000,0.200000,-0.004027,0.200000,0.600000,0.200000,0.000000,0.200000,0.800000,0.200000,0.000000,0.400000,0.800000,0.200000,1.570796,0.400000,0.800000,0.400000,0.000000
1789262550670928,0.200000,0.200000,0.200000,-0.004027,0.200000,0.600000,0.200000,0.000000,0.200000,0.800000,0.200000,0.000000,0.400000,0.800000,0.200000,1.570796,0.400000,0.800000,0.400000,0.000000
1789262554688331,0.200000,0.200000,0.200000,-0.004027,0.200000,0.600000,0.200000,0.000000,0.200000,0.800000,0.200000,0.000000,0.400000,0.800000,0.200000,1.570796,0.400000,0.800000,0.400000,0.000000
1789262558701678,0.200000,0.200000,0.200000,-0.004027,0.200000,0.600000,0.200000,0.000000,0.200000,0.800000,0.200000,0.000000,0.400000,0.800000,0.200000,1.570796,0.400000,0.800000,0.400000,0.000000
1789262562696007,0.200000,0.200000,0.200000,-0.004027,0.200000,0.600000,0.200000,0.000000,0.200000,0.800000,0.200000,0.000000,0.400000,0.800000,0.200000,1.570796,0.400000,0.800000,0.400000,0.000000
1789262566648321,0.200000,0.200000,0.200000,-0.004027,0.200000,0.600000,0.200000,0.000000,0.200000,0.800000,0.200000,0.000000,0.400000,0.800000,0.200000,1.570796,0.400000,0.800000,0.400000,0.000000
1789262570182317,0.200000,0.200000,0.200000,-0.004027,0.200000,0.600000,0.200000,0.000000,0.200000,0.800000,0.200000,0.000000,0.400000,0.800000,0.200000,1.570796,0.400000,0.800000,0.400000,0.000000
1789262573677610,0.200000,0.200000,0.200000,-0.004027,0.200000,0.600000,0.200000,0.000000,0.200000,0.800000,0.200000,0.000000,0.400000,0.800000,0.200000,1.570796,0.400000,0.800000,0.400000,0.000000
1789262577159504,0.200000,0.200000,0.200000,-0.004027,0.200000,0.600000,0.200000,0.000000,0.200000,0.800000,0.200000,0.000000,0.400000,0.800000,0.200000,1.570796,0.400000,0.800000,0.400000,0.000000
1789262580650901,0.200000,0.200000,0.200000,-0.004027,0.200000,0.600000,0.200000,0.000000,0.200000,0.800000,0.200000,0.000000,0.400000,0.800000,0.200000,1.570796,0.400000,0.800000,0.400000,0.000000
1789262584457274,0.200000,0.200000,0.200000,-0.004027,0.200000,0.600000,0.200000,0.000000,0.200000,0.800000,0.200000,0.000000,0.400000,0.800000,0.200000,1.570796,0.400000,0.800000,0.400000,0.000000
1789262588139671,0.200000,0.200000,0.200000,-0.004027,0.200000,0.600000,0.200000,0.000000,0.200000,0.800000,0.200000,0.000000,0.400000,0.800000,0.200000,1.570796,0.400000,0.800000,0.400000,0.000000
1789262592025311,0.200000,0.200000,0.200000,-0.004027,0.200000,0.600000,0.200000,0.000000,0.200000,0.800000,0.200000,0.000000,0.400000,0.800000,0.200000,1.570796,0.400000,0.800000,0.400000,0.000000
1789262595884747,0.200000,0.200000,0.200000,-0.004027,0.200000,0.600000,0.200000,0.000000,0.200000,0.800000,0.200000,0.000000,0.400000,0.800000,0.200000,1.570796,0.400000,0.800000,0.400000,0.000000
1789262599405977,0.200000,0.200000,0.200000,-0.004027,0.200000,0.600000,0.200000,0.000000,0.200000,0.800000,0.200000,0.000000,0.400000,0.800000,0.200000,1.570796,0.400000,0.800000,0.400000,0.000000
1789262603176554,0.200000,0.200000,0.200000,-0.004027,0.200000,0.600000,0.200000,0.000000,0.200000,0.800000,0.200000,0.000000,0.400000,0.800000,0.200000,1.570796,0.400000,0.800000,0.400000,0.000000
1789262607405660,0.200000,0.200000,0.200000,-0.004027,0.200000,0.600000,0.200000,0.000000,0.200000,0.800000,0.200000,0.000000,0.400000,0.800000,0.200000,1.570796,0.400000,0.800000,0.400000,0.000000
1789262611173353,0.200000,0.200000,0.200000,-0.004027,0.200000,0.600000,0.200000,0.000000,0.200000,0.800000,0.200000,0.000000,0.400000,0.800000,0.200000,1.570796,0.400000,0.800000,0.400000,0.000000
1789262614798360,0.200000,0.200000,0.200000,-0.004027,0.200000,0.600000,0.200000,0.000000,0.200000,0.800000,0.200000,0.000000,0.400000,0.800000,0.200000,1.570796,0.400000,0.800000,0.400000,0.000000
1789262618448166,0.200000,0.200000,0.200000,-0.004027,0.200000,0.600000,0.200000,0.000000,0.200000,0.800000,0.200000,0.000000,0.400000,0.800000,0.200000,1.570796,0.400000,0.800000,0.400000,0.000000
1789262622084429,0.200000,0.200000,0.200000,-0.004027,0.200000,0.600000,0.200000,0.000000,0.200000,0.800000,0.200000,0.000000,0.400000,0.800000,0.200000,1.570796,0.400000,0.800000,0.400000,0.000000
1789262625511662,0.200000,0.200000,0.200000,-0.004027,0.200000,0.600000,0.200000,0.000000,0.200000,0.800000,0.200000,0.000000,0.400000,0.800000,0.200000,1.570796,0.400000,0.800000,0.400000,0.000000
1789262628965238,0.200000,0.200000,0.200000,-0.004027,0.200000,0.600000,0.200000,0.000000,0.200000,0.800000,0.200000,0.000000,0.400000,0.800000,0.200000,1.570796,0.400000,0.800000,0.400000,0.000000
1789262632492471,0.200000,0.200000,0.200000,-0.004027,0.200000,0.600000,0.200000,0.000000,0.200000,0.800000,0.200000,0.000000,0.400000,0.800000,0.200000,1.570796,0.400000,0.800000,0.400000,0.000000
1789262636041980,0.200000,0.200000,0.200000,-0.004027,0.200000,0.600000,0.200000,0.000000,0.200000,0.800000,0.200000,0.000000,0.400000,0.800000,0.200000,1.570796,0.400000,0.800000,0.400000,0.000000
1789262639463302,0.200000,0.200000,0.200000,-0.004027,0.200000,0.600000,0.200000,0.000000,0.200000,0.800000,0.200000,0.000000,0.400000,0.800000,0.200000,1.570796,0.400000,0.800000,0.400000,0.000000
1789262643865841,0.200000,0.200000,0.200000,-0.004027,0.200000,0.600000,0.200000,0.000000,0.200000,0.800000,0.200000,0.000000,0.400000,0.800000,0.200000,1.570796,0.400000,0.800000,0.400000,0.000000
1789262648113624,0.200000,0.200000,0.200000,-0.004027,0.200000,0.600000,0.200000,0.000000,0.200000,0.800000,0.200000,0.000000,0.400000,0.800000,0.200000,1.570796,0.400000,0.800000,0.400000,0.000000
1789262652008366,0.200000,0.200000,0.200000,-0.004027,0.200000,0.600000,0.200000,0.000000,0.200000,0.800000,0.200000,0.000000,0.400000,0.800000,0.200000,1.570796,0.400000,0.800000,0.400000,0.000000
1789262655867013,0.200000,0.200000,0.200000,-0.004027,0.200000,0.600000,0.200000,0.000000,0.200000,0.800000,0.200000,0.000000,0.400000,0.800000,0.200000,1.570796,0.400000,0.800000,0.400000,0.000000
1789262659882386,0.200000,0.200000,0.200000,-0.004027,0.200000,0.600000,0.200000,0.000000,0.200000,0.800000,0.200000,0.000000,0.400000,0.800000,0.200000,1.570796,0.400000,0.800000,0.400000,0.000000
1789262663466907,0.200000,0.200000,0.200000,-0.004027,0.200000,0.600000,0.200000,0.000000,0.200000,0.800000,0.200000,0.000000,0.400000,0.800000,0.200000,1.570796,0.400000,0.800000,0.400000,0.000000
1789262667213495,0.200000,0.200000,0.200000,-0.004027,0.200000,0.600000,0.200000,0.000000,0.200000,0.800000,0.200000,0.000000,0.400000,0.800000,0.200000,1.570796,0.400000,0.800000,0.400000,0.000000
1789262671262470,0.200000,0.200000,0.200000,-0.004027,0.200000,0.600000,0.200000,0.000000,0.200000,0.800000,0.200000,0.000000,0.400000,0.800000,0.200000,1.570796,0.400000,0.800000,0.400000,0.000000
1789262674983274,0.200000,0.200000,0.200000,-0.004027,0.200000,0.600000,0.200000,0.000000,0.200000,0.800000,0.200000,0.000000,0.400000,0.800000,0.200000,1.570796,0.400000,0.800000,0.400000,0.000000
1789262678513802,0.200000,0.200000,0.200000,-0.004027,0.200000,0.600000,0.200000,0.000000,0.200000,0.800000,0.200000,0.000000,0.400000,0.800000,0.200000,1.570796,0.400000,0.800000,0.400000,0.000000
1789262681978083,0.200000,0.200000,0.200000,-0.004027,0.200000,0.600000,0.200000,0.000000,0.200000,0.800000,0.200000,0.000000,0.400000,0.800000,0.200000,1.570796,0.400000,0.800000,0.400000,0.000000
1789262685786929,0.200000,0.200000,0.200000,-0.004027,0.200000,0.600000,0.200000,0.000000,0.200000,0.800000,0.200000,0.000000,0.400000,0.800000,0.200000,1.570796,0.400000,0.800000,0.400000,0.000000
1789262689278847,0.200000,0.200000,0.200000,-0.004027,0.200000,0.600000,0.200000,0.000000,0.200000,0.800000,0.200000,0.000000,0.400000,0.800000,0.200000,1.570796,0.400000,0.800000,0.400000,0.000000
1789262692783323,0.200000,0.200000,0.200000,-0.004027,0.200000,0.600000,0.200000,0.000000,0.200000,0.800000,0.200000,0.000000,0.400000,0.800000,0.200000,1.570796,0.400000,0.800000,0.400000,0.000000
1789262696511722,0.200000,0.200000,0.200000,-0.004027,0.200000,0.600000,0.200000,0.000000,0.200000,0.800000,0.200000,0.000000,0.400000,0.800000,0.200000,1.570796,0.400000,0.800000,0.400000,0.000000
1789262700039877,0.200000,0.200000,0.200000,-0.004027,0.200000,0.600000,0.200000,0.000000,0.200000,0.800000,0.200000,0.000000,0.400000,0.800000,0.200000,1.570796,0.400000,0.800000,0.400000,0.000000
1789262703508368,0.200000,0.200000,0.200000,-0.004027,0.200000,0.600000,0.200000,0.000000,0.200000,0.800000,0.200000,0.000000,0.400000,0.800000,0.200000,1.570796,0.400000,0.800000,0.400000,0.000000
1789262707372923,0.200000,0.200000,0.200000,-0.004027,0.200000,0.600000,0.200000,0.000000,0.200000,0.800000,0.200000,0.000000,0.400000,0.800000,0.200000,1.570796,0.400000,0.800000,0.400000,0.000000
1789262711169181,0.200000,0.200000,0.200000,-0.004027,0.200000,0.600000,0.200000,0.000000,0.200000,0.800000,0.200000,0.000000,0.400000,0.800000,0.200000,1.570796,0.400000,0.800000,0.400000,0.000000
1789262715328728,0.200000,0.200000,0.200000,-0.004027,0.200000,0.600000,0.200000,0.000000,0.200000,0.800000,0.200000,0.000000,0.400000,0.800000,0.200000,1.570796,0.400000,0.800000,0.400000,0.000000
1789262719091221,0.200000,0.200000,0.200000,-0.004027,0.200000,0.600000,0.200000,0.000000,0.200000,0.800000,0.200000,0.000000,0.400000,0.800000,0.200000,1.570796,0.400000,0.800000,0.400000,0.000000
1789262723142804,0.200000,0.200000,0.200000,-0.004027,0.200000,0.600000,0.200000,0.000000,0.200000,0.800000,0.200000,0.000000,0.400000,0.800000,0.200000,1.570796,0.400000,0.800000,0.400000,0.000000
1789262726627078,0.200000,0.200000,0.200000,-0.004027,0.200000,0.600000,0.200000,0.000000,0.200000,0.800000,0.200000,0.000000,0.400000,0.800000,0.200000,1.570796,0.400000,0.800000,0.400000,0.000000
1789262730120636,0.200000,0.200000,0.200000,-0.004027,0.200000,0.600000,0.200000,0.000000,0.200000,0.800000,0.200000,0.000000,0.400000,0.800000,0.200000,1.570796,0.400000,0.800000,0.400000,0.000000
1789262734113920,0.200000,0.200000,0.200000,-0.004027,0.200000,0.600000,0.200000,0.000000,0.200000,0.800000,0.200000,0.000000,0.400000,0.800000,0.200000,1.570796,0.400000,0.800000,0.400000,0.000000
1789262738586321,0.200000,0.200000,0.200000,-0.004027,0.200000,0.600000,0.200000,0.000000,0.200000,0.800000,0.200000,0.000000,0.400000,0.800000,0.200000,1.570796,0.400000,0.800000,0.400000,0.000000
1789262742614647,0.200000,0.200000,0.200000,-0.004027,0.200000,0.600000,0.200000,0.000000,0.200000,0.800000,0.200000,0.000000,0.400000,0.800000,0.200000,1.570796,0.400000,0.800000,0.400000,0.000000
1789262746333340,0.200000,0.200000,0.200000,-0.004027,0.200000,0.600000,0.200000,0.000000,0.200000,0.800000,0.200000,0.000000,0.400000,0.800000,0.200000,1.570796,0.400000,0.800000,0.400000,0.000000
1789262750276404,0.200000,0.200000,0.200000,-0.004027,0.200000,0.600000,0.200000,0.000000,0.200000,0.800000,0.200000,0.000000,0.400000,0.800000,0.200000,1.570796,0.400000,0.800000,0.400000,0.000000
1789262753957372,0.200000,0.200000,0.200000,-0.004027,0.200000,0.600000,0.200000,0.000000,0.200000,0.800000,0.200000,0.000000,0.400000,0.800000,0.200000,1.570796,0.400000,0.800000,0.400000,0.000000
1789262757427860,0.200000,0.200000,0.200000,-0.004027,0.200000,0.600000,0.200000,0.000000,0.200000,0.800000,0.200000,0.000000,0.400000,0.800000,0.200000,1.570796,0.400000,0.800000,0.400000,0.000000
1789262761208192,0.200000,0.200000,0.200000,-0.004027,0.200000,0.600000,0.200000,0.000000,0.200000,0.800000,0.200000,0.000000,0.400000,0.800000,0.200000,1.570796,0.400000,0.800000,0.400000,0.000000
1789262764641404,0.200000,0.200000,0.200000,-0.004027,0.200000,0.600000,0.200000,0.000000,0.200000,0.800000,0.200000,0.000000,0.400000,0.800000,0.200000,1.570796,0.400000,0.800000,0.400000,0.000000
1789262768211079,0.200000,0.200000,0.200000,-0.004027,0.200000,0.600000,0.200000,0.000000,0.200000,0.800000,0.200000,0.000000,0.400000,0.800000,0.200000,1.570796,0.400000,0.800000,0.400000,0.000000
1789262771648166,0.200000,0.200000,0.200000,-0.004027,0.200000,0.600000,0.200000,0.000000,0.200000,0.800000,0.200000,0.000000,0.400000,0.800000,0.200000,1.570796,0.400000,0.800000,0.400000,0.000000
1789262775251984,0.200000,0.200000,0.200000,-0.004027,0.200000,0.600000,0.200000,0.000000,0.200000,0.800000,0.200000,0.000000,0.400000,0.800000,0.200000,1.570796,0.400000,0.800000,0.400000,0.000000
1789262778704389,0.200000,0.200000,0.200000,-0.004027,0.200000,0.600000,0.200000,0.000000,0.200000,0.800000,0.200000,0.000000,0.400000,0.800000,0.200000,1.570796,0.400000,0.800000,0.400000,0.000000
1789262782477511,0.200000,0.200000,0.200000,-0.004027,0.200000,0.600000,0.200000,0.000000,0.200000,0.800000,0.200000,0.000000,0.400000,0.800000,0.200000,1.570796,0.400000,0.800000,0.400000,0.000000
1789262786484959,0.200000,0.200000,0.200000,-0.004027,0.200000,0.600000,0.200000,0.000000,0.200000,0.800000,0.200000,0.000000,0.400000,0.800000,0.200000,1.570796,0.400000,0.800000,0.400000,0.000000
1789262790306963,0.200000,0.200000,0.200000,-0.004027,0.200000,0.600000,0.200000,0.000000,0.200000,0.800000,0.200000,0.000000,0.400000,0.800000,0.200000,1.570796,0.400000,0.800000,0.400000,0.000000
1789262794436790,0.200000,0.200000,0.200000,-0.004027,0.200000,0.600000,0.200000,0.000000,0.200000,0.800000,0.200000,0.000000,0.400000,0.800000,0.200000,1.570796,0.400000,0.800000,0.400000,0.000000
1789262798398972,0.200000,0.200000,0.200000,-0.004027,0.200000,0.600000,0.200000,0.000000,0.200000,0.800000,0.200000,0.000000,0.400000,0.800000,0.200000,1.570796,0.400000,0.800000,0.400000,0.000000
1789262801876940,0.200000,0.200000,0.200000,-0.004027,0.200000,0.600000,0.200000,0.000000,0.200000,0.800000,0.200000,0.000000,0.400000,0.800000,0.200000,1.570796,0.400000,0.800000,0.400000,0.000000
1789262805456405,0.200000,0.200000,0.200000,-0.004027,0.200000,0.600000,0.200000,0.000000,0.200000,0.800000,0.200000,0.000000,0.400000,0.800000,0.200000,1.570796,0.400000,0.800000,0.400000,0.000000
1789262808892922,0.200000,0.200000,0.200000,-0.004027,0.200000,0.600000,0.200000,0.000000,0.200000,0.800000,0.200000,0.000000,0.400000,0.800000,0.200000,1.570796,0.400000,0.800000,0.400000,0.000000
1789262812502731,0.200000,0.200000,0.200000,-0.004027,0.200000,0.600000,0.200000,0.000000,0.200000,0.800000,0.200000,0.000000,0.400000,0.800000,0.200000,1.570796,0.400000,0.800000,0.400000,0.000000
1789262816219607,0.200000,0.200000,0.200000,-0.004027,0.200000,0.600000,0.200000,0.000000,0.200000,0.800000,0.200000,0.000000,0.400000,0.800000,0.200000,1.570796,0.400000,0.800000,0.400000,0.000000
1789262820737245,0.200000,0.200000,0.200000,-0.004027,0.200000,0.600000,0.200000,0.000000,0.200000,0.800000,0.200000,0.000000,0.400000,0.800000,0.200000,1.570796,0.400000,0.800000,0.400000,0.000000
1789262824463870,0.200000,0.200000,0.200000,-0.004027,0.200000,0.600000,0.200000,0.000000,0.200000,0.800000,0.200000,0.000000,0.400000,0.800000,0.200000,1.570796,0.400000,0.800000,0.400000,0.000000
1789262828052778,0.200000,0.200000,0.200000,-0.004027,0.200000,0.600000,0.200000,0.000000,0.200000,0.800000,0.200000,0.000000,0.400000,0.800000,0.200000,1.570796,0.400000,0.800000,0.400000,0.000000
1789262831563446,0.200000,0.200000,0.200000,-0.004027,0.200000,0.600000,0.200000,0.000000,0.200000,0.800000,0.200000,0.000000,0.400000,0.800000,0.200000,1.570796,0.400000,0.800000,0.400000,0.000000
1789262835033548,0.200000,0.200000,0.200000,-0.004027,0.200000,0.600000,0.200000,0.000000,0.200000,0.800000,0.200000,0.000000,0.400000,0.800000,0.200000,1.570796,0.400000,0.800000,0.400000,0.000000
1789262838696070,0.200000,0.200000,0.200000,-0.004027,0.200000,0.600000,0.200000,0.000000,0.200000,0.800000,0.200000,0.000000,0.400000,0.800000,0.200000,1.570796,0.400000,0.800000,0.400000,0.000000
1789262842207678,0.200000,0.200000,0.200000,-0.004027,0.200000,0.600000,0.200000,0.000000,0.200000,0.800000,0.200000,0.000000,0.400000,0.800000,0.200000,1.570796,0.400000,0.800000,0.400000,0.000000
1789262845869030,0.200000,0.200000,0.200000,-0.004027,0.200000,0.600000,0.200000,0.000000,0.200000,0.800000,0.200000,0.000000,0.400000,0.800000,0.200000,1.570796,0.400000,0.800000,0.400000,0.000000
1789262849642776,0.200000,0.200000,0.200000,-0.004027,0.200000,0.600000,0.200000,0.000000,0.200000,0.800000,0.200000,0.000000,0.400000,0.800000,0.200000,1.570796,0.400000,0.800000,0.400000,0.000000
1789262853436115,0.200000,0.200000,0.200000,-0.004027,0.200000,0.600000,0.200000,0.000000,0.200000,0.800000,0.200000,0.000000,0.400000,0.800000,0.200000,1.570796,0.400000,0.800000,0.400000,0.000000
1789262856938455,0.200000,0.200000,0.200000,-0.004027,0.200000,0.600000,0.200000,0.000000,0.200000,0.800000,0.200000,0.000000,0.400000,0.800000,0.200000,1.570796,0.400000,0.800000,0.400000,0.000000
1789262860429266,0.200000,0.200000,0.200000,-0.004027,0.200000,0.600000,0.200000,0.000000,0.200000,0.800000,0.200000,0.000000,0.400000,0.800000,0.200000,1.570796,0.400000,0.800000,0.400000,0.000000
1789262863981332,0.200000,0.200000,0.200000,-0.004027,0.200000,0.600000,0.200000,0.000000,0.200000,0.800000,0.200000,0.000000,0.400000,0.800000,0.200000,1.570796,0.400000,0.800000,0.400000,0.000000
1789262867644438,0.200000,0.200000,0.200000,-0.004027,0.200000,0.600000,0.200000,0.000000,0.200000,0.800000,0.200000,0.000000,0.400000,0.800000,0.200000,1.570796,0.400000,0.800000,0.400000,0.000000
1789262871264386,0.200000,0.200000,0.200000,-0.004027,0.200000,0.600000,0.200000,0.000000,0.200000,0.800000,0.200000,0.000000,0.400000,0.800000,0.200000,1.570796,0.400000,0.800000,0.400000,0.000000
1789262874835393,0.200000,0.200000,0.200000,-0.004027,0.200000,0.600000,0.200000,0.000000,0.200000,0.800000,0.200000,0.000000,0.400000,0.800000,0.200000,1.570796,0.400000,0.800000,0.400000,0.000000
1789262878372968,0.200000,0.200000,0.200000,-0.004027,0.200000,0.600000,0.200000,0.000000,0.200000,0.800000,0.200000,0.000000,0.400000,0.800000,0.200000,1.570796,0.400000,0.800000,0.400000,0.000000
1789262882224996,0.200000,0.200000,0.200000,-0.004027,0.200000,0.600000,0.200000,0.000000,0.200000,0.800000,0.200000,0.000000,0.400000,0.800000,0.200000,1.570796,0.400000,0.800000,0.400000,0.000000
1789262886082722,0.200000,0.200000,0.200000,-0.004027,0.200000,0.600000,0.200000,0.000000,0.200000,0.800000,0.200000,0.000000,0.400000,0.800000,0.200000,1.570796,0.400000,0.800000,0.400000,0.000000
1789262889820005,0.200000,0.200000,0.200000,-0.004027,0.200000,0.600000,0.200000,0.000000,0.200000,0.800000,0.200000,0.000000,0.400000,0.800000,0.200000,1.570796,0.400000,0.800000,0.400000,0.000000
1789262893250538,0.200000,0.200000,0.200000,-0.004027,0.200000,0.600000,0.200000,0.000000,0.200000,0.800000,0.200000,0.000000,0.400000,0.800000,0.200000,1.570796,0.400000,0.800000,0.400000,0.000000
1789262896685852,0.200000,0.200000,0.200000,-0.004027,0.200000,0.600000,0.200000,0.000000,0.200000,0.800000,0.200000,0.000000,0.400000,0.800000,0.200000,1.570796,0.400000,0.800000,0.400000,0.000000
1789262900804177,0.200000,0.200000,0.200000,-0.004027,0.200000,0.600000,0.200000,0.000000,0.200000,0.800000,0.200000,0.000000,0.400000,0.800000,0.200000,1.570796,0.400000,0.800000,0.400000,0.000000
1789262904755471,0.200000,0.200000,0.200000,-0.004027,0.200000,0.600000,0.200000,0.000000,0.200000,0.800000,0.200000,0.000000,0.400000,0.800000,0.200000,1.570796,0.400000,0.800000,0.400000,0.000000
1789262908299761,0.200000,0.200000,0.200000,-0.004027,0.200000,0.600000,0.200000,0.000000,0.200000,0.800000,0.200000,0.000000,0.400000,0.800000,0.200000,1.570796,0.400000,0.800000,0.400000,0.000000
1789262911915953,0.200000,0.200000,0.200000,-0.004027,0.200000,0.600000,0.200000,0.000000,0.200000,0.800000,0.200000,0.000000,0.400000,0.800000,0.200000,1.570796,0.400000,0.800000,0.400000,0.000000
1789262915340967,0.200000,0.200000,0.200000,-0.004027,0.200000,0.600000,0.200000,0.000000,0.200000,0.800000,0.200000,0.000000,0.400000,0.800000,0.200000,1.570796,0.400000,0.800000,0.400000,0.000000
1789262919126868,0.200000,0.200000,0.200000,-0.004027,0.200000,0.600000,0.200000,0.000000,0.200000,0.800000,0.200000,0.000000,0.400000,0.800000,0.200000,1.570796,0.400000,0.800000,0.400000,0.000000
1789262922713612,0.200000,0.200000,0.200000,-0.004027,0.200000,0.600000,0.200000,0.000000,0.200000,0.800000,0.200000,0.000000,0.400000,0.800000,0.200000,1.570796,0.400000,0.800000,0.400000,0.000000
1789262927444384,0.200000,0.200000,0.200000,-0.004027,0.200000,0.600000,0.200000,0.000000,0.200000,0.800000,0.200000,0.000000,0.400000,0.800000,0.200000,1.570796,0.400000,0.800000,0.400000,0.000000
1789262931019297,0.200000,0.200000,0.200000,-0.004027,0.200000,0.600000,0.200000,0.000000,0.200000,0.800000,0.200000,0.000000,0.400000,0.800000,0.200000,1.570796,0.400000,0.800000,0.400000,0.000000
1789262934934575,0.200000,0.200000,0.200000,-0.004027,0.200000,0.600000,0.200000,0.000000,0.200000,0.800000,0.200000,0.000000,0.400000,0.800000,0.200000,1.570796,0.400000,0.800000,0.400000,0.000000
1789262938618882,0.200000,0.200000,0.200000,-0.004027,0.200000,0.600000,0.200000,0.000000,0.200000,0.800000,0.200000,0.000000,0.400000,0.800000,0.200000,1.570796,0.400000,0.800000,0.400000,0.000000
1789262942400342,0.200000,0.200000,0.200000,-0.004027,0.200000,0.600000,0.200000,0.000000,0.200000,0.800000,0.200000,0.000000,0.400000,0.800000,0.200000,1.570796,0.400000,0.800000,0.400000,0.000000
1789262946043264,0.200000,0.200000,0.200000,-0.004027,0.200000,0.600000,0.200000,0.000000,0.200000,0.800000,0.200000,0.000000,0.400000,0.800000,0.200000,1.570796,0.400000,0.800000,0.400000,0.000000
1789262949688328,0.200000,0.200000,0.200000,-0.004027,0.200000,0.600000,0.200000,0.000000,0.200000,0.800000,0.200000,0.000000,0.400000,0.800000,0.200000,1.570796,0.400000,0.800000,0.400000,0.000000
1789262953163985,0.200000,0.200000,0.200000,-0.004027,0.200000,0.600000,0.200000,0.000000,0.200000,0.800000,0.200000,0.000000,0.400000,0.800000,0.200000,1.570796,0.400000,0.800000,0.400000,0.000000
1789262956685627,0.200000,0.200000,0.200000,-0.004027,0.200000,0.600000,0.200000,0.000000,0.200000,0.800000,0.200000,0.000000,0.400000,0.800000,0.200000,1.570796,0.400000,0.800000,0.400000,0.000000
1789262960738299,0.200000,0.200000,0.200000,-0.004027,0.200000,0.600000,0.200000,0.000000,0.200000,0.800000,0.200000,0.000000,0.400000,0.800000,0.200000,1.570796,0.400000,0.800000,0.400000,0.000000
1789262964695906,0.200000,0.200000,0.200000,-0.004027,0.200000,0.600000,0.200000,0.000000,0.200000,0.800000,0.200000,0.000000,0.400000,0.800000,0.200000,1.570796,0.400000,0.800000,0.400000,0.000000
1789262968680134,0.200000,0.200000,0.200000,-0.004027,0.200000,0.600000,0.200000,0.000000,0.200000,0.800000,0.200000,0.000000,0.400000,0.800000,0.200000,1.570796,0.400000,0.800000,0.400000,0.000000
1789262972828969,0.200000,0.200000,0.200000,-0.004027,0.200000,0.600000,0.200000,0.000000,0.200000,0.800000,0.200000,0.000000,0.400000,0.800000,0.200000,1.570796,0.400000,0.800000,0.400000,0.000000
1789262976606569,0.200000,0.200000,0.200000,-0.004027,0.200000,0.600000,0.200000,0.000000,0.200000,0.800000,0.200000,0.000000,0.400000,0.800000,0.200000,1.570796,0.400000,0.800000,0.400000,0.000000
1789262980079372,0.200000,0.200000,0.200000,-0.004027,0.200000,0.600000,0.200000,0.000000,0.200000,0.800000,0.200000,0.000000,0.400000,0.800000,0.200000,1.570796,0.400000,0.800000,0.400000,0.000000
1789262983596553,0.200000,0.200000,0.200000,-0.004027,0.200000,0.600000,0.200000,0.000000,0.200000,0.800000,0.200000,0.000000,0.400000,0.800000,0.200000,1.570796,0.400000,0.800000,0.400000,0.000000
1789262987479839,0.200000,0.200000,0.200000,-0.004027,0.200000,0.600000,0.200000,0.000000,0.200000,0.800000,0.200000,0.000000,0.400000,0.800000,0.200000,1.570796,0.400000,0.800000,0.400000,0.000000
1789262991202726,0.200000,0.200000,0.200000,-0.004027,0.200000,0.600000,0.200000,0.000000,0.200000,0.800000,0.200000,0.000000,0.400000,0.800000,0.200000,1.570796,0.400000,0.800000,0.400000,0.000000
1789262994765830,0.200000,0.200000,0.200000,-0.004027,0.200000,0.600000,0.200000,0.000000,0.200000,0.800000,0.200000,0.000000,0.400000,0.800000,0.200000,1.570796,0.400000,0.800000,0.400000,0.000000
1789262998519867,0.200000,0.200000,0.200000,-0.004027,0.200000,0.600000,0.200000,0.000000,0.200000,0.800000,0.200000,0.000000,0.400000,0.800000,0.200000,1.570796,0.400000,0.800000,0.400000,0.000000
1789263002151800,0.200000,0.200000,0.200000,-0.004027,0.200000,0.600000,0.200000,0.000000,0.200000,0.800000,0.200000,0.000000,0.400000,0.800000,0.200000,1.570796,0.400000,0.800000,0.400000,0.000000
1789263006321561,0.200000,0.200000,0.200000,-0.004027,0.200000,0.600000,0.200000,0.000000,0.200000,0.800000,0.200000,0.000000,0.400000,0.800000,0.200000,1.570796,0.400000,0.800000,0.400000,0.000000
1789263009863033,0.200000,0.200000,0.200000,-0.004027,0.200000,0.600000,0.200000,0.000000,0.200000,0.800000,0.200000,0.000000,0.400000,0.800000,0.200000,1.570796,0.400000,0.800000,0.400000,0.000000
1789263013522118,0.200000,0.200000,0.200000,-0.004027,0.200000,0.600000,0.200000,0.000000,0.200000,0.800000,0.200000,0.000000,0.400000,0.800000,0.200000,1.570796,0.400000,0.800000,0.400000,0.000000
1789263016944638,0.200000,0.200000,0.200000,-0.004027,0.200000,0.600000,0.200000,0.000000,0.200000,0.800000,0.200000,0.000000,0.400000,0.800000,0.200000,1.570796,0.400000,0.800000,0.400000,0.000000
1789263020429168,0.200000,0.200000,0.200000,-0.004027,0.200000,0.600000,0.200000,0.000000,0.200000,0.800000,0.200000,0.000000,0.400000,0.800000,0.200000,1.570796,0.400000,0.800000,0.400000,0.000000
1789263023865297,0.200000,0.200000,0.200000,-0.004027,0.200000,0.600000,0.200000,0.000000,0.200000,0.800000,0.200000,0.000000,0.400000,0.800000,0.200000,1.570796,0.400000,0.800000,0.400000,0.000000
1789263027834618,0.200000,0.200000,0.200000,-0.004027,0.200000,0.600000,0.200000,0.000000,0.200000,0.800000,0.200000,0.000000,0.400000,0.800000,0.200000,1.570796,0.400000,0.800000,0.400000,0.000000
1789263031682090,0.200000,0.200000,0.200000,-0.004027,0.200000,0.600000,0.200000,0.000000,0.200000,0.800000,0.200000,0.000000,0.400000,0.800000,0.200000,1.570796,0.400000,0.800000,0.400000,0.000000
1789263035677084,0.200000,0.200000,0.200000,-0.004027,0.200000,0.600000,0.200000,0.000000,0.200000,0.800000,0.200000,0.000000,0.400000,0.800000,0.200000,1.570796,0.400000,0.800000,0.400000,0.000000
1789263039770469,0.200000,0.200000,0.200000,-0.004027,0.200000,0.600000,0.200000,0.000000,0.200000,0.800000,0.200000,0.000000,0.400000,0.800000,0.200000,1.570796,0.400000,0.800000,0.400000,0.000000
1789263043594458,0.200000,0.200000,0.200000,-0.004027,0.200000,0.600000,0.200000,0.000000,0.200000,0.800000,0.200000,0.000000,0.400000,0.800000,0.200000,1.570796,0.400000,0.800000,0.400000,0.000000
1789263047510003,0.200000,0.200000,0.200000,-0.004027,0.200000,0.600000,0.200000,0.000000,0.200000,0.800000,0.200000,0.000000,0.400000,0.800000,0.200000,1.570796,0.400000,0.800000,0.400000,0.000000
1789263051145067,0.200000,0.200000,0.200000,-0.004027,0.200000,0.600000,0.200000,0.000000,0.200000,0.800000,0.200000,0.000000,0.400000,0.800000,0.200000,1.570796,0.400000,0.800000,0.400000,0.000000
1789263054996468,0.200000,0.200000,0.200000,-0.004027,0.200000,0.600000,0.200000,0.000000,0.200000,0.800000,0.200000,0.000000,0.400000,0.800000,0.200000,1.570796,0.400000,0.800000,0.400000,0.000000
1789263058971677,0.200000,0.200000,0.200000,-0.004027,0.200000,0.600000,0.200000,0.000000,0.200000,0.800000,0.200000,0.000000,0.400000,0.800000,0.200000,1.570796,0.400000,0.800000,0.400000,0.000000
1789263062605405,0.200000,0.200000,0.200000,-0.004027,0.200000,0.600000,0.200000,0.000000,0.200000,0.800000,0.200000,0.000000,0.400000,0.800000,0.200000,1.570796,0.400000,0.800000,0.400000,0.000000
1789263066625362,0.200000,0.200000,0.200000,-0.004027,0.200000,0.600000,0.200000,0.000000,0.200000,0.800000,0.200000,0.000000,0.400000,0.800000,0.200000,1.570796,0.400000,0.800000,0.400000,0.000000
1789263070904465,0.200000,0.200000,0.200000,-0.004027,0.200000,0.600000,0.200000,0.000000,0.200000,0.800000,0.200000,0.000000,0.400000,0.800000,0.200000,1.570796,0.400000,0.800000,0.400000,0.000000
1789263074376566,0.200000,0.200000,0.200000,-0.004027,0.200000,0.600000,0.200000,0.000000,0.200000,0.800000,0.200000,0.000000,0.400000,0.800000,0.200000,1.570796,0.400000,0.800000,0.400000,0.000000
1789263077869121,0.200000,0.200000,0.200000,-0.004027,0.200000,0.600000,0.200000,0.000000,0.200000,0.800000,0.200000,0.000000,0.400000,0.800000,0.200000,1.570796,0.400000,0.800000,0.400000,0.000000
1789263081405302,0.200000,0.200000,0.200000,-0.004027,0.200000,0.600000,0.200000,0.000000,0.200000,0.800000,0.200000,0.000000,0.400000,0.800000,0.200000,1.570796,0.400000,0.800000,0.400000,0.000000
1789263085297028,0.200000,0.200000,0.200000,-0.004027,0.200000,0.600000,0.200000,0.000000,0.200000,0.800000,0.200000,0.000000,0.400000,0.800000,0.200000,1.570796,0.400000,0.800000,0.400000,0.000000
1789263088942337,0.200000,0.200000,0.200000,-0.004027,0.200000,0.600000,0.200000,0.000000,0.200000,0.800000,0.200000,0.000000,0.400000,0.800000,0.200000,1.570796,0.400000,0.800000,0.400000,0.000000
1789263092572555,0.200000,0.200000,0.200000,-0.004027,0.200000,0.600000,0.200000,0.000000,0.200000,0.800000,0.200000,0.000000,0.400000,0.800000,0.200000,1.570796,0.400000,0.800000,0.400000,0.000000
1789263096250820,0.200000,0.200000,0.200000,-0.004027,0.200000,0.600000,0.200000,0.000000,0.200000,0.800000,0.200000,0.000000,0.400000,0.800000,0.200000,1.570796,0.400000,0.800000,0.400000,0.000000
1789263100228319,0.200000,0.200000,0.200000,-0.004027,0.200000,0.600000,0.200000,0.000000,0.200000,0.800000,0.200000,0.000000,0.400000,0.800000,0.200000,1.570796,0.400000,0.800000,0.400000,0.000000
1789263103890626,0.200000,0.200000,0.200000,-0.004027,0.200000,0.600000,0.200000,0.000000,0.200000,0.800000,0.200000,0.000000,0.400000,0.800000,0.200000,1.570796,0.400000,0.800000,0.400000,0.000000
1789263107476463,0.200000,0.200000,0.200000,-0.004027,0.200000,0.600000,0.200000,0.000000,0.200000,0.800000,0.200000,0.000000,0.400000,0.800000,0.200000,1.570796,0.400000,0.800000,0.400000,0.000000
1789263111040269,0.200000,0.200000,0.200000,-0.004027,0.200000,0.600000,0.200000,0.000000,0.200000,0.800000,0.200000,0.000000,0.400000,0.800000,0.200000,1.570796,0.400000,0.800000,0.400000,0.000000
1789263115223142,0.200000,0.200000,0.200000,-0.004027,0.200000,0.600000,0.200000,0.000000,0.200000,0.800000,0.200000,0.000000,0.400000,0.800000,0.200000,1.570796,0.400000,0.800000,0.400000,0.000000
1789263119243138,0.200000,0.200000,0.200000,-0.004027,0.200000,0.600000,0.200000,0.000000,0.200000,0.800000,0.200000,0.000000,0.400000,0.800000,0.200000,1.570796,0.400000,0.800000,0.400000,0.000000
1789263122942433,0.200000,0.200000,0.200000,-0.004027,0.200000,0.600000,0.200000,0.000000,0.200000,0.800000,0.200000,0.000000,0.400000,0.800000,0.200000,1.570796,0.400000,0.800000,0.400000,0.000000
1789263127388995,0.200000,0.200000,0.200000,-0.004027,0.200000,0.600000,0.200000,0.000000,0.200000,0.800000,0.200000,0.000000,0.400000,0.800000,0.200000,1.570796,0.400000,0.800000,0.400000,0.000000
1789263130916965,0.200000,0.200000,0.200000,-0.004027,0.200000,0.600000,0.200000,0.000000,0.200000,0.800000,0.200000,0.000000,0.400000,0.800000,0.200000,1.570796,0.400000,0.800000,0.400000,0.000000
1789263134785827,0.200000,0.200000,0.200000,-0.004027,0.200000,0.600000,0.200000,0.000000,0.200000,0.800000,0.200000,0.000000,0.400000,0.800000,0.200000,1.570796,0.400000,0.800000,0.400000,0.000000
1789263138660818,0.200000,0.200000,0.200000,-0.004027,0.200000,0.600000,0.200000,0.000000,0.200000,0.800000,0.200000,0.000000,0.400000,0.800000,0.200000,1.570796,0.400000,0.800000,0.400000,0.000000
1789263142230297,0.200000,0.200000,0.200000,-0.004027,0.200000,0.600000,0.200000,0.000000,0.200000,0.800000,0.200000,0.000000,0.400000,0.800000,0.200000,1.570796,0.400000,0.800000,0.400000,0.000000
1789263146262929,0.200000,0.200000,0.200000,-0.004027,0.200000,0.600000,0.200000,0.000000,0.200000,0.800000,0.200000,0.000000,0.400000,0.800000,0.200000,1.570796,0.400000,0.800000,0.400000,0.000000
1789263150051742,0.200000,0.200000,0.200000,-0.004027,0.200000,0.600000,0.200000,0.000000,0.200000,0.800000,0.200000,0.000000,0.400000,0.800000,0.200000,1.570796,0.400000,0.800000,0.400000,0.000000
1789263153577704,0.200000,0.200000,0.200000,-0.004027,0.200000,0.600000,0.200000,0.000000,0.200000,0.800000,0.200000,0.000000,0.400000,0.800000,0.200000,1.570796,0.400000,0.800000,0.400000,0.000000
1789263158021190,0.200000,0.200000,0.200000,-0.004027,0.200000,0.600000,0.200000,0.000000,0.200000,0.800000,0.200000,0.000000,0.400000,0.800000,0.200000,1.570796,0.400000,0.800000,0.400000,0.000000
1789263162282276,0.200000,0.200000,0.200000,-0.004027,0.200000,0.600000,0.200000,0.000000,0.200000,0.800000,0.200000,0.000000,0.400000,0.800000,0.200000,1.570796,0.400000,0.800000,0.400000,0.000000
1789263166132013,0.200000,0.200000,0.200000,-0.004027,0.200000,0.600000,0.200000,0.000000,0.200000,0.800000,0.200000,0.000000,0.400000,0.800000,0.200000,1.570796,0.400000,0.800000,0.400000,0.000000
1789263170104862,0.200000,0.200000,0.200000,-0.004027,0.200000,0.600000,0.200000,0.000000,0.200000,0.800000,0.200000,0.000000,0.400000,0.800000,0.200000,1.570796,0.400000,0.800000,0.400000,0.000000
1789263173966137,0.200000,0.200000,0.200000,-0.004027,0.200000,0.600000,0.200000,0.000000,0.200000,0.800000,0.200000,0.000000,0.400000,0.800000,0.200000,1.570796,0.400000,0.800000,0.400000,0.000000
1789263177424990,0.200000,0.200000,0.200000,-0.004027,0.200000,0.600000,0.200000,0.000000,0.200000,0.800000,0.200000,0.000000,0.400000,0.800000,0.200000,1.570796,0.400000,0.800000,0.400000,0.000000
1789263181691501,0.200000,0.200000,0.200000,-0.004027,0.200000,0.600000,0.200000,0.000000,0.200000,0.800000,0.200000,0.000000,0.400000,0.800000,0.200000,1.570796,0.400000,0.800000,0.400000,0.000000
1789263185495316,0.200000,0.200000,0.200000,-0.004027,0.200000,0.600000,0.200000,0.000000,0.200000,0.800000,0.200000,0.000000,0.400000,0.800000,0.200000,1.570796,0.400000,0.800000,0.400000,0.000000
1789263189294505,0.200000,0.200000,0.200000,-0.004027,0.200000,0.600000,0.200000,0.000000,0.200000,0.800000,0.200000,0.000000,0.400000,0.800000,0.200000,1.570796,0.400000,0.800000,0.400000,0.000000
1789263193208307,0.200000,0.200000,0.200000,-0.004027,0.200000,0.600000,0.200000,0.000000,0.200000,0.800000,0.200000,0.000000,0.400000,0.800000,0.200000,1.570796,0.400000,0.800000,0.400000,0.000000
1789263196770670,0.200000,0.200000,0.200000,-0.004027,0.200000,0.600000,0.200000,0.000000,0.200000,0.800000,0.200000,0.000000,0.400000,0.800000,0.200000,1.570796,0.400000,0.800000,0.400000,0.000000
1789263200242739,0.200000,0.200000,0.200000,-0.004027,0.200000,0.600000,0.200000,0.000000,0.200000,0.800000,0.200000,0.000000,0.400000,0.800000,0.200000,1.570796,0.400000,0.800000,0.400000,0.000000
1789263204405784,0.200000,0.200000,0.200000,-0.004027,0.200000,0.600000,0.200000,0.000000,0.200000,0.800000,0.200000,0.000000,0.400000,0.800000,0.200000,1.570796,0.400000,0.800000,0.400000,0.000000
1789263208525007,0.200000,0.200000,0.200000,-0.004027,0.200000,0.600000,0.200000,0.000000,0.200000,0.800000,0.200000,0.000000,0.400000,0.800000,0.200000,1.570796,0.400000,0.800000,0.400000,0.000000
1789263213346222,0.200000,0.200000,0.200000,-0.004027,0.200000,0.600000,0.200000,0.000000,0.200000,0.800000,0.200000,0.000000,0.400000,0.800000,0.200000,1.570796,0.400000,0.800000,0.400000,0.000000
1789263217185086,0.200000,0.200000,0.200000,-0.004027,0.200000,0.600000,0.200000,0.000000,0.200000,0.800000,0.200000,0.000000,0.400000,0.800000,0.200000,1.570796,0.400000,0.800000,0.400000,0.000000
1789263220633562,0.200000,0.200000,0.200000,-0.004027,0.200000,0.600000,0.200000,0.000000,0.200000,0.800000,0.200000,0.000000,0.400000,0.800000,0.200000,1.570796,0.400000,0.800000,0.400000,0.000000
1789263224184977,0.200000,0.200000,0.200000,-0.004027,0.200000,0.600000,0.200000,0.000000,0.200000,0.800000,0.200000,0.000000,0.400000,0.800000,0.200000,1.570796,0.400000,0.800000,0.400000,0.000000
1789263227605820,0.200000,0.200000,0.200000,-0.004027,0.200000,0.600000,0.200000,0.000000,0.200000,0.800000,0.200000,0.000000,0.400000,0.800000,0.200000,1.570796,0.400000,0.800000,0.400000,0.000000
1789263231369009,0.200000,0.200000,0.200000,-0.004027,0.200000,0.600000,0.200000,0.000000,0.200000,0.800000,0.200000,0.000000,0.400000,0.800000,0.200000,1.570796,0.400000,0.800000,0.400000,0.000000
1789263234999865,0.200000,0.200000,0.200000,-0.004027,0.200000,0.600000,0.200000,0.000000,0.200000,0.800000,0.200000,0.000000,0.400000,0.800000,0.200000,1.570796,0.400000,0.800000,0.400000,0.000000
1789263238606386,0.200000,0.200000,0.200000,-0.004027,0.200000,0.600000,0.200000,0.000000,0.200000,0.800000,0.200000,0.000000,0.400000,0.800000,0.200000,1.570796,0.400000,0.800000,0.400000,0.000000
1789263242205304,0.200000,0.200000,0.200000,-0.004027,0.200000,0.600000,0.200000,0.000000,0.200000,0.800000,0.200000,0.000000,0.400000,0.800000,0.200000,1.570796,0.400000,0.800000,0.400000,0.000000
1789263245689498,0.200000,0.200000,0.200000,-0.004027,0.200000,0.600000,0.200000,0.000000,0.200000,0.800000,0.200000,0.000000,0.400000,0.800000,0.200000,1.570796,0.400000,0.800000,0.400000,0.000000
1789263249126268,0.200000,0.200000,0.200000,-0.004027,0.200000,0.600000,0.200000,0.000000,0.200000,0.800000,0.200000,0.000000,0.400000,0.800000,0.200000,1.570796,0.400000,0.800000,0.400000,0.000000
1789263252917467,0.200000,0.200000,0.200000,-0.004027,0.200000,0.600000,0.200000,0.000000,0.200000,0.800000,0.200000,0.000000,0.400000,0.800000,0.200000,1.570796,0.400000,0.800000,0.400000,0.000000
1789263256537483,0.200000,0.200000,0.200000,-0.004027,0.200000,0.600000,0.200000,0.000000,0.200000,0.800000,0.200000,0.000000,0.400000,0.800000,0.200000,1.570796,0.400000,0.800000,0.400000,0.000000
1789263260151777,0.200000,0.200000,0.200000,-0.004027,0.200000,0.600000,0.200000,0.000000,0.200000,0.800000,0.200000,0.000000,0.400000,0.800000,0.200000,1.570796,0.400000,0.800000,0.400000,0.000000
1789263264208934,0.200000,0.200000,0.200000,-0.004027,0.200000,0.600000,0.200000,0.000000,0.200000,0.800000,0.200000,0.000000,0.400000,0.800000,0.200000,1.570796,0.400000,0.800000,0.400000,0.000000
1789263267729608,0.200000,0.200000,0.200000,-0.004027,0.200000,0.600000,0.200000,0.000000,0.200000,0.800000,0.200000,0.000000,0.400000,0.800000,0.200000,1.570796,0.400000,0.800000,0.400000,0.000000
1789263271884531,0.200000,0.200000,0.200000,-0.004027,0.200000,0.600000,0.200000,0.000000,0.200000,0.800000,0.200000,0.000000,0.400000,0.800000,0.200000,1.570796,0.400000,0.800000,0.400000,0.000000
1789263275885872,0.200000,0.200000,0.200000,-0.004027,0.200000,0.600000,0.200000,0.000000,0.200000,0.800000,0.200000,0.000000,0.400000,0.800000,0.200000,1.570796,0.400000,0.800000,0.400000,0.000000
1789263279731294,0.200000,0.200000,0.200000,-0.004027,0.200000,0.600000,0.200000,0.000000,0.200000,0.800000,0.200000,0.000000,0.400000,0.800000,0.200000,1.570796,0.400000,0.800000,0.400000,0.000000
1789263283851271,0.200000,0.200000,0.200000,-0.004027,0.200000,0.600000,0.200000,0.000000,0.200000,0.800000,0.200000,0.000000,0.400000,0.800000,0.200000,1.570796,0.400000,0.800000,0.400000,0.000000
1789263287284761,0.200000,0.200000,0.200000,-0.004027,0.200000,0.600000,0.200000,0.000000,0.200000,0.800000,0.200000,0.000000,0.400000,0.800000,0.200000,1.570796,0.400000,0.800000,0.400000,0.000000
1789263290766552,0.200000,0.200000,0.200000,-0.004027,0.200000,0.600000,0.200000,0.000000,0.200000,0.800000,0.200000,0.000000,0.400000,0.800000,0.200000,1.570796,0.400000,0.800000,0.400000,0.000000
1789263294231522,0.200000,0.200000,0.200000,-0.004027,0.200000,0.600000,0.200000,0.000000,0.200000,0.800000,0.200000,0.000000,0.400000,0.800000,0.200000,1.570796,0.400000,0.800000,0.400000,0.000000
1789263297734431,0.200000,0.200000,0.200000,-0.004027,0.200000,0.600000,0.200000,0.000000,0.200000,0.800000,0.200000,0.000000,0.400000,0.800000,0.200000,1.570796,0.400000,0.800000,0.400000,0.000000
1789263301314098,0.200000,0.200000,0.200000,-0.004027,0.200000,0.600000,0.200000,0.000000,0.200000,0.800000,0.200000,0.000000,0.400000,0.800000,0.200000,1.570796,0.400000,0.800000,0.400000,0.000000
1789263304829759,0.200000,0.200000,0.200000,-0.004027,0.200000,0.600000,0.200000,0.000000,0.200000,0.800000,0.200000,0.000000,0.400000,0.800000,0.200000,1.570796,0.400000,0.800000,0.400000,0.000000
1789263308310540,0.200000,0.200000,0.200000,-0.004027,0.200000,0.600000,0.200000,0.000000,0.200000,0.800000,0.200000,0.000000,0.400000,0.800000,0.200000,1.570796,0.400000,0.800000,0.400000,0.000000
1789263312242014,0.200000,0.200000,0.200000,-0.004027,0.200000,0.600000,0.200000,0.000000,0.200000,0.800000,0.200000,0.000000,0.400000,0.800000,0.200000,1.570796,0.400000,0.800000,0.400000,0.000000
1789263315879430,0.200000,0.200000,0.200000,-0.004027,0.200000,0.600000,0.200000,0.000000,0.200000,0.800000,0.200000,0.000000,0.400000,0.800000,0.200000,1.570796,0.400000,0.800000,0.400000,0.000000
1789263319784866,0.200000,0.200000,0.200000,-0.004027,0.200000,0.600000,0.200000,0.000000,0.200000,0.800000,0.200000,0.000000,0.400000,0.800000,0.200000,1.570796,0.400000,0.800000,0.400000,0.000000
1789263323258245,0.200000,0.200000,0.200000,-0.004027,0.200000,0.600000,0.200000,0.000000,0.200000,0.800000,0.200000,0.000000,0.400000,0.800000,0.200000,1.570796,0.400000,0.800000,0.400000,0.000000
1789263327206385,0.200000,0.200000,0.200000,-0.004027,0.200000,0.600000,0.200000,0.000000,0.200000,0.800000,0.200000,0.000000,0.400000,0.800000,0.200000,1.570796,0.400000,0.800000,0.400000,0.000000
1789263331222792,0.200000,0.200000,0.200000,-0.004027,0.200000,0.600000,0.200000,0.000000,0.200000,0.800000,0.200000,0.000000,0.400000,0.800000,0.200000,1.570796,0.400000,0.800000,0.400000,0.000000
1789263335006336,0.200000,0.200000,0.200000,-0.004027,0.200000,0.600000,0.200000,0.000000,0.200000,0.800000,0.200000,0.000000,0.400000,0.800000,0.200000,1.570796,0.400000,0.800000,0.400000,0.000000
1789263338844563,0.200000,0.200000,0.200000,-0.004027,0.200000,0.600000,0.200000,0.000000,0.200000,0.800000,0.200000,0.000000,0.400000,0.800000,0.200000,1.570796,0.400000,0.800000,0.400000,0.000000
1789263342340485,0.200000,0.200000,0.200000,-0.004027,0.200000,0.600000,0.200000,0.000000,0.200000,0.800000,0.200000,0.000000,0.400000,0.800000,0.200000,1.570796,0.400000,0.800000,0.400000,0.000000
1789263345794550,0.200000,0.200000,0.200000,-0.004027,0.200000,0.600000,0.200000,0.000000,0.200000,0.800000,0.200000,0.000000,0.400000,0.800000,0.200000,1.570796,0.400000,0.800000,0.400000,0.000000
1789263349302431,0.200000,0.200000,0.200000,-0.004027,0.200000,0.600000,0.200000,0.000000,0.200000,0.800000,0.200000,0.000000,0.400000,0.800000,0.200000,1.570796,0.400000,0.800000,0.400000,0.000000
1789263353033853,0.200000,0.200000,0.200000,-0.004027,0.200000,0.600000,0.200000,0.000000,0.200000,0.800000,0.200000,0.000000,0.400000,0.800000,0.200000,1.570796,0.400000,0.800000,0.400000,0.000000
1789263356513177,0.200000,0.200000,0.200000,-0.004027,0.200000,0.600000,0.200000,0.000000,0.200000,0.800000,0.200000,0.000000,0.400000,0.800000,0.200000,1.570796,0.400000,0.800000,0.400000,0.000000
1789263359928484,0.200000,0.200000,0.200000,-0.004027,0.200000,0.600000,0.200000,0.000000,0.200000,0.800000,0.200000,0.000000,0.400000,0.800000,0.200000,1.570796,0.400000,0.800000,0.400000,0.000000
1789263363357065,0.200000,0.200000,0.200000,-0.004027,0.200000,0.600000,0.200000,0.000000,0.200000,0.800000,0.200000,0.000000,0.400000,0.800000,0.200000,1.570796,0.400000,0.800000,0.400000,0.000000
1789263367220299,0.200000,0.200000,0.200000,-0.004027,0.200000,0.600000,0.200000,0.000000,0.200000,0.800000,0.200000,0.000000,0.400000,0.800000,0.200000,1.570796,0.400000,0.800000,0.400000,0.000000
1789263371099655,0.200000,0.200000,0.200000,-0.004027,0.200000,0.600000,0.200000,0.000000,0.200000,0.800000,0.200000,0.000000,0.400000,0.800000,0.200000,1.570796,0.400000,0.800000,0.400000,0.000000
1789263374774905,0.200000,0.200000,0.200000,-0.004027,0.200000,0.600000,0.200000,0.000000,0.200000,0.800000,0.200000,0.000000,0.400000,0.800000,0.200000,1.570796,0.400000,0.800000,0.400000,0.000000
1789263378297383,0.200000,0.200000,0.200000,-0.004027,0.200000,0.600000,0.200000,0.000000,0.200000,0.800000,0.200000,0.000000,0.400000,0.800000,0.200000,1.570796,0.400000,0.800000,0.400000,0.000000
1789263381871418,0.200000,0.200000,0.200000,-0.004027,0.200000,0.600000,0.200000,0.000000,0.200000,0.800000,0.200000,0.000000,0.400000,0.800000,0.200000,1.570796,0.400000,0.800000,0.400000,0.000000
1789263385410669,0.200000,0.200000,0.200000,-0.004027,0.200000,0.600000,0.200000,0.000000,0.200000,0.800000,0.200000,0.000000,0.400000,0.800000,0.200000,1.570796,0.400000,0.800000,0.400000,0.000000
1789263389087030,0.200000,0.200000,0.200000,-0.004027,0.200000,0.600000,0.200000,0.000000,0.200000,0.800000,0.200000,0.000000,0.400000,0.800000,0.200000,1.570796,0.400000,0.800000,0.400000,0.000000
1789263392705195,0.200000,0.200000,0.200000,-0.004027,0.200000,0.600000,0.200000,0.000000,0.200000,0.800000,0.200000,0.000000,0.400000,0.800000,0.200000,1.570796,0.400000,0.800000,0.400000,0.000000
1789263396591164,0.200000,0.200000,0.200000,-0.004027,0.200000,0.600000,0.200000,0.000000,0.200000,0.800000,0.200000,0.000000,0.400000,0.800000,0.200000,1.570796,0.400000,0.800000,0.400000,0.000000
1789263400533397,0.200000,0.200000,0.200000,-0.004027,0.200000,0.600000,0.200000,0.000000,0.200000,0.800000,0.200000,0.000000,0.400000,0.800000,0.200000,1.570796,0.400000,0.800000,0.400000,0.000000
1789263404268330,0.200000,0.200000,0.200000,-0.004027,0.200000,0.600000,0.200000,0.000000,0.200000,0.800000,0.200000,0.000000,0.400000,0.800000,0.200000,1.570796,0.400000,0.800000,0.400000,0.000000
1789263408315999,0.200000,0.200000,0.200000,-0.004027,0.200000,0.600000,0.200000,0.000000,0.200000,0.800000,0.200000,0.000000,0.400000,0.800000,0.200000,1.570796,0.400000,0.800000,0.400000,0.000000
1789263411881240,0.200000,0.200000,0.200000,-0.004027,0.200000,0.600000,0.200000,0.000000,0.200000,0.800000,0.200000,0.000000,0.400000,0.800000,0.200000,1.570796,0.400000,0.800000,0.400000,0.000000
1789263415362520,0.200000,0.200000,0.200000,-0.004027,0.200000,0.600000,0.200000,0.000000,0.200000,0.800000,0.200000,0.000000,0.400000,0.800000,0.200000,1.570796,0.400000,0.800000,0.400000,0.000000
1789263418782232,0.200000,0.200000,0.200000,-0.004027,0.200000,0.600000,0.200000,0.000000,0.200000,0.800000,0.200000,0.000000,0.400000,0.800000,0.200000,1.570796,0.400000,0.800000,0.400000,0.000000
1789263422552317,0.200000,0.200000,0.200000,-0.004027,0.200000,0.600000,0.200000,0.000000,0.200000,0.800000,0.200000,0.000000,0.400000,0.800000,0.200000,1.570796,0.400000,0.800000,0.400000,0.000000
1789263426128073,0.200000,0.200000,0.200000,-0.004027,0.200000,0.600000,0.200000,0.000000,0.200000,0.800000,0.200000,0.000000,0.400000,0.800000,0.200000,1.570796,0.400000,0.800000,0.400000,0.000000
1789263429804132,0.200000,0.200000,0.200000,-0.004027,0.200000,0.600000,0.200000,0.000000,0.200000,0.800000,0.200000,0.000000,0.400000,0.800000,0.200000,1.570796,0.400000,0.800000,0.400000,0.000000
1789263433613369,0.200000,0.200000,0.200000,-0.004027,0.200000,0.600000,0.200000,0.000000,0.200000,0.800000,0.200000,0.000000,0.400000,0.800000,0.200000,1.570796,0.400000,0.800000,0.400000,0.000000
1789263437326533,0.200000,0.200000,0.200000,-0.004027,0.200000,0.600000,0.200000,0.000000,0.200000,0.800000,0.200000,0.000000,0.400000,0.800000,0.200000,1.570796,0.400000,0.800000,0.400000,0.000000
1789263440791987,0.200000,0.200000,0.200000,-0.004027,0.200000,0.600000,0.200000,0.000000,0.200000,0.800000,0.200000,0.000000,0.400000,0.800000,0.200000,1.570796,0.400000,0.800000,0.400000,0.000000
1789263444361002,0.200000,0.200000,0.200000,-0.004027,0.200000,0.600000,0.200000,0.000000,0.200000,0.800000,0.200000,0.000000,0.400000,0.800000,0.200000,1.570796,0.400000,0.800000,0.400000,0.000000
1789263447947095,0.200000,0.200000,0.200000,-0.004027,0.200000,0.600000,0.200000,0.000000,0.200000,0.800000,0.200000,0.000000,0.400000,0.800000,0.200000,1.570796,0.400000,0.800000,0.400000,0.000000
1789263451550921,0.200000,0.200000,0.200000,-0.004027,0.200000,0.600000,0.200000,0.000000,0.200000,0.800000,0.200000,0.000000,0.400000,0.800000,0.200000,1.570796,0.400000,0.800000,0.400000,0.000000
1789263455315321,0.200000,0.200000,0.200000,-0.004027,0.200000,0.600000,0.200000,0.000000,0.200000,0.800000,0.200000,0.000000,0.400000,0.800000,0.200000,1.570796,0.400000,0.800000,0.400000,0.000000
1789263459303808,0.200000,0.200000,0.200000,-0.004027,0.200000,0.600000,0.200000,0.000000,0.200000,0.800000,0.200000,0.000000,0.400000,0.800000,0.200000,1.570796,0.400000,0.800000,0.400000,0.000000
1789263463137112,0.200000,0.200000,0.200000,-0.004027,0.200000,0.600000,0.200000,0.000000,0.200000,0.800000,0.200000,0.000000,0.400000,0.800000,0.200000,1.570796,0.400000,0.800000,0.400000,0.000000
1789263466756121,0.200000,0.200000,0.200000,-0.004027,0.200000,0.600000,0.200000,0.000000,0.200000,0.800000,0.200000,0.000000,0.400000,0.800000,0.200000,1.570796,0.400000,0.800000,0.400000,0.000000
1789263470710456,0.200000,0.200000,0.200000,-0.004027,0.200000,0.600000,0.200000,0.000000,0.200000,0.800000,0.200000,0.000000,0.400000,0.800000,0.200000,1.570796,0.400000,0.800000,0.400000,0.000000
1789263474138691,0.200000,0.200000,0.200000,-0.004027,0.200000,0.600000,0.200000,0.000000,0.200000,0.800000,0.200000,0.000000,0.400000,0.800000,0.200000,1.570796,0.400000,0.800000,0.400000,0.000000
1789263477592250,0.200000,0.200000,0.200000,-0.004027,0.200000,0.600000,0.200000,0.000000,0.200000,0.800000,0.200000,0.000000,0.400000,0.800000,0.200000,1.570796,0.400000,0.800000,0.400000,0.000000
1789263481079157,0.200000,0.200000,0.200000,-0.004027,0.200000,0.600000,0.200000,0.000000,0.200000,0.800000,0.200000,0.000000,0.400000,0.800000,0.200000,1.570796,0.400000,0.800000,0.400000,0.000000
1789263484850899,0.200000,0.200000,0.200000,-0.004027,0.200000,0.600000,0.200000,0.000000,0.200000,0.800000,0.200000,0.000000,0.400000,0.800000,0.200000,1.570796,0.400000,0.800000,0.400000,0.000000
1789263488436054,0.200000,0.200000,0.200000,-0.004027,0.200000,0.600000,0.200000,0.000000,0.200000,0.800000,0.200000,0.000000,0.400000,0.800000,0.200000,1.570796,0.400000,0.800000,0.400000,0.000000
1789263492430749,0.200000,0.200000,0.200000,-0.004027,0.200000,0.600000,0.200000,0.000000,0.200000,0.800000,0.200000,0.000000,0.400000,0.800000,0.200000,1.570796,0.400000,0.800000,0.400000,0.000000
1789263496209442,0.200000,0.200000,0.200000,-0.004027,0.200000,0.600000,0.200000,0.000000,0.200000,0.800000,0.200000,0.000000,0.400000,0.800000,0.200000,1.570796,0.400000,0.800000,0.400000,0.000000
1789263499803078,0.200000,0.200000,0.200000,-0.004027,0.200000,0.600000,0.200000,0.000000,0.200000,0.800000,0.200000,0.000000,0.400000,0.800000,0.200000,1.570796,0.400000,0.800000,0.400000,0.000000
1789263503246800,0.200000,0.200000,0.200000,-0.004027,0.200000,0.600000,0.200000,0.000000,0.200000,0.800000,0.200000,0.000000,0.400000,0.800000,0.200000,1.570796,0.400000,0.800000,0.400000,0.000000
1789263506741618,0.200000,0.200000,0.200000,-0.004027,0.200000,0.600000,0.200000,0.000000,0.200000,0.800000,0.200000,0.000000,0.400000,0.800000,0.200000,1.570796,0.400000,0.800000,0.400000,0.000000
1789263510556071,0.200000,0.200000,0.200000,-0.004027,0.200000,0.600000,0.200000,0.000000,0.200000,0.800000,0.200000,0.000000,0.400000,0.800000,0.200000,1.570796,0.400000,0.800000,0.400000,0.000000
1789263514242869,0.200000,0.200000,0.200000,-0.004027,0.200000,0.600000,0.200000,0.000000,0.200000,0.800000,0.200000,0.000000,0.400000,0.800000,0.200000,1.570796,0.400000,0.800000,0.400000,0.000000
1789263518083632,0.200000,0.200000,0.200000,-0.004027,0.200000,0.600000,0.200000,0.000000,0.200000,0.800000,0.200000,0.000000,0.400000,0.800000,0.200000,1.570796,0.400000,0.800000,0.400000,0.000000
1789263521514508,0.200000,0.200000,0.200000,-0.004027,0.200000,0.600000,0.200000,0.000000,0.200000,0.800000,0.200000,0.000000,0.400000,0.800000,0.200000,1.570796,0.400000,0.800000,0.400000,0.000000
1789263525306446,0.200000,0.200000,0.200000,-0.004027,0.200000,0.600000,0.200000,0.000000,0.200000,0.800000,0.200000,0.000000,0.400000,0.800000,0.200000,1.570796,0.400000,0.800000,0.400000,0.000000
1789263528828675,0.200000,0.200000,0.200000,-0.004027,0.200000,0.600000,0.200000,0.000000,0.200000,0.800000,0.200000,0.000000,0.400000,0.800000,0.200000,1.570796,0.400000,0.800000,0.400000,0.000000
1789263532302749,0.200000,0.200000,0.200000,-0.004027,0.200000,0.600000,0.200000,0.000000,0.200000,0.800000,0.200000,0.000000,0.400000,0.800000,0.200000,1.570796,0.400000,0.800000,0.400000,0.000000
1789263535743577,0.200000,0.200000,0.200000,-0.004027,0.200000,0.600000,0.200000,0.000000,0.200000,0.800000,0.200000,0.000000,0.400000,0.800000,0.200000,1.570796,0.400000,0.800000,0.400000,0.000000
1789263539163674,0.200000,0.200000,0.200000,-0.004027,0.200000,0.600000,0.200000,0.000000,0.200000,0.800000,0.200000,0.000000,0.400000,0.800000,0.200000,1.570796,0.400000,0.800000,0.400000,0.000000
1789263543248419,0.200000,0.200000,0.200000,-0.004027,0.200000,0.600000,0.200000,0.000000,0.200000,0.800000,0.200000,0.000000,0.400000,0.800000,0.200000,1.570796,0.400000,0.800000,0.400000,0.000000
1789263547858271,0.200000,0.200000,0.200000,-0.004027,0.200000,0.600000,0.200000,0.000000,0.200000,0.800000,0.200000,0.000000,0.400000,0.800000,0.200000,1.570796,0.400000,0.800000,0.400000,0.000000
1789263551637916,0.200000,0.200000,0.200000,-0.004027,0.200000,0.600000,0.200000,0.000000,0.200000,0.800000,0.200000,0.000000,0.400000,0.800000,0.200000,1.570796,0.400000,0.800000,0.400000,0.000000
1789263555388299,0.200000,0.200000,0.200000,-0.004027,0.200000,0.600000,0.200000,0.000000,0.200000,0.800000,0.200000,0.000000,0.400000,0.800000,0.200000,1.570796,0.400000,0.800000,0.400000,0.000000
1789263558922266,0.200000,0.200000,0.200000,-0.004027,0.200000,0.600000,0.200000,0.000000,0.200000,0.800000,0.200000,0.000000,0.400000,0.800000,0.200000,1.570796,0.400000,0.800000,0.400000,0.000000
1789263562683590,0.200000,0.200000,0.200000,-0.004027,0.200000,0.600000,0.200000,0.000000,0.200000,0.800000,0.200000,0.000000,0.400000,0.800000,0.200000,1.570796,0.400000,0.800000,0.400000,0.000000
1789263566731589,0.200000,0.200000,0.200000,-0.004027,0.200000,0.600000,0.200000,0.000000,0.200000,0.800000,0.200000,0.000000,0.400000,0.800000,0.200000,1.570796,0.400000,0.800000,0.400000,0.000000
1789263570584126,0.200000,0.200000,0.200000,-0.004027,0.200000,0.600000,0.200000,0.000000,0.200000,0.800000,0.200000,0.000000,0.400000,0.800000,0.200000,1.570796,0.400000,0.800000,0.400000,0.000000
1789263574499351,0.200000,0.200000,0.200000,-0.004027,0.200000,0.600000,0.200000,0.000000,0.200000,0.800000,0.200000,0.000000,0.400000,0.800000,0.200000,1.570796,0.400000,0.800000,0.400000,0.000000
1789263578071658,0.200000,0.200000,0.200000,-0.004027,0.200000,0.600000,0.200000,0.000000,0.200000,0.800000,0.200000,0.000000,0.400000,0.800000,0.200000,1.570796,0.400000,0.800000,0.400000,0.000000
1789263581910146,0.200000,0.200000,0.200000,-0.004027,0.200000,0.600000,0.200000,0.000000,0.200000,0.800000,0.200000,0.000000,0.400000,0.800000,0.200000,1.570796,0.400000,0.800000,0.400000,0.000000
1789263585895360,0.200000,0.200000,0.200000,-0.004027,0.200000,0.600000,0.200000,0.000000,0.200000,0.800000,0.200000,0.000000,0.400000,0.800000,0.200000,1.570796,0.400000,0.800000,0.400000,0.000000
1789263589461099,0.200000,0.200000,0.200000,-0.004027,0.200000,0.600000,0.200000,0.000000,0.200000,0.800000,0.200000,0.000000,0.400000,0.800000,0.200000,1.570796,0.400000,0.800000,0.400000,0.000000
1789263593025907,0.200000,0.200000,0.200000,-0.004027,0.200000,0.600000,0.200000,0.000000,0.200000,0.800000,0.200000,0.000000,0.400000,0.800000,0.200000,1.570796,0.400000,0.800000,0.400000,0.000000
1789263596454712,0.200000,0.200000,0.200000,-0.004027,0.200000,0.600000,0.200000,0.000000,0.200000,0.800000,0.200000,0.000000,0.400000,0.800000,0.200000,1.570796,0.400000,0.800000,0.400000,0.000000
1789263599970617,0.200000,0.200000,0.200000,-0.004027,0.200000,0.600000,0.200000,0.000000,0.200000,0.800000,0.200000,0.000000,0.400000,0.800000,0.200000,1.570796,0.400000,0.800000,0.400000,0.000000
1789263603927110,0.200000,0.200000,0.200000,-0.004027,0.200000,0.600000,0.200000,0.000000,0.200000,0.800000,0.200000,0.000000,0.400000,0.800000,0.200000,1.570796,0.400000,0.800000,0.400000,0.000000
1789263607475511,0.200000,0.200000,0.200000,-0.004027,0.200000,0.600000,0.200000,0.000000,0.200000,0.800000,0.200000,0.000000,0.400000,0.800000,0.200000,1.570796,0.400000,0.800000,0.400000,0.000000
1789263611537358,0.200000,0.200000,0.200000,-0.004027,0.200000,0.600000,0.200000,0.000000,0.200000,0.800000,0.200000,0.000000,0.400000,0.800000,0.200000,1.570796,0.400000,0.800000,0.400000,0.000000
1789263616008707,0.200000,0.200000,0.200000,-0.004027,0.200000,0.600000,0.200000,0.000000,0.200000,0.800000,0.200000,0.000000,0.400000,0.800000,0.200000,1.570796,0.400000,0.800000,0.400000,0.000000
1789263619540427,0.200000,0.200000,0.200000,-0.004027,0.200000,0.600000,0.200000,0.000000,0.200000,0.800000,0.200000,0.000000,0.400000,0.800000,0.200000,1.570796,0.400000,0.800000,0.400000,0.000000
1789263623134937,0.200000,0.200000,0.200000,-0.004027,0.200000,0.600000,0.200000,0.000000,0.200000,0.800000,0.200000,0.000000,0.400000,0.800000,0.200000,1.570796,0.400000,0.800000,0.400000,0.000000
1789263626666958,0.200000,0.200000,0.200000,-0.004027,0.200000,0.600000,0.200000,0.000000,0.200000,0.800000,0.200000,0.000000,0.400000,0.800000,0.200000,1.570796,0.400000,0.800000,0.400000,0.000000
1789263630183828,0.200000,0.200000,0.200000,-0.004027,0.200000,0.600000,0.200000,0.000000,0.200000,0.800000,0.200000,0.000000,0.400000,0.800000,0.200000,1.570796,0.400000,0.800000,0.400000,0.000000
1789263634576266,0.200000,0.200000,0.200000,-0.004027,0.200000,0.600000,0.200000,0.000000,0.200000,0.800000,0.200000,0.000000,0.400000,0.800000,0.200000,1.570796,0.400000,0.800000,0.400000,0.000000
1789263638726073,0.200000,0.200000,0.200000,-0.004027,0.200000,0.600000,0.200000,0.000000,0.200000,0.800000,0.200000,0.000000,0.400000,0.800000,0.200000,1.570796,0.400000,0.800000,0.400000,0.000000
1789263642826102,0.200000,0.200000,0.200000,-0.004027,0.200000,0.600000,0.200000,0.000000,0.200000,0.800000,0.200000,0.000000,0.400000,0.800000,0.200000,1.570796,0.400000,0.800000,0.400000,0.000000
1789263646260804,0.200000,0.200000,0.200000,-0.004027,0.200000,0.600000,0.200000,0.000000,0.200000,0.800000,0.200000,0.000000,0.400000,0.800000,0.200000,1.570796,0.400000,0.800000,0.400000,0.000000
1789263650377803,0.200000,0.200000,0.200000,-0.004027,0.200000,0.600000,0.200000,0.000000,0.200000,0.800000,0.200000,0.000000,0.400000,0.800000,0.200000,1.570796,0.400000,0.800000,0.400000,0.000000
1789263654760428,0.200000,0.200000,0.200000,-0.004027,0.200000,0.600000,0.200000,0.000000,0.200000,0.800000,0.200000,0.000000,0.400000,0.800000,0.200000,1.570796,0.400000,0.800000,0.400000,0.000000
1789263658295960,0.200000,0.200000,0.200000,-0.004027,0.200000,0.600000,0.200000,0.000000,0.200000,0.800000,0.200000,0.000000,0.400000,0.800000,0.200000,1.570796,0.400000,0.800000,0.400000,0.000000
1789263662764782,0.200000,0.200000,0.200000,-0.004027,0.200000,0.600000,0.200000,0.000000,0.200000,0.800000,0.200000,0.000000,0.400000,0.800000,0.200000,1.570796,0.400000,0.800000,0.400000,0.000000
1789263666404717,0.200000,0.200000,0.200000,-0.004027,0.200000,0.600000,0.200000,0.000000,0.200000,0.800000,0.200000,0.000000,0.400000,0.800000,0.200000,1.570796,0.400000,0.800000,0.400000,0.000000
1789263669829483,0.200000,0.200000,0.200000,-0.004027,0.200000,0.600000,0.200000,0.000000,0.200000,0.800000,0.200000,0.000000,0.400000,0.800000,0.200000,1.570796,0.400000,0.800000,0.400000,0.000000
1789263673459802,0.200000,0.200000,0.200000,-0.004027,0.200000,0.600000,0.200000,0.000000,0.200000,0.800000,0.200000,0.000000,0.400000,0.800000,0.200000,1.570796,0.400000,0.800000,0.400000,0.000000
1789263677827102,0.200000,0.200000,0.200000,-0.004027,0.200000,0.600000,0.200000,0.000000,0.200000,0.800000,0.200000,0.000000,0.400000,0.800000,0.200000,1.570796,0.400000,0.800000,0.400000,0.000000
1789263681805226,0.200000,0.200000,0.200000,-0.004027,0.200000,0.600000,0.200000,0.000000,0.200000,0.800000,0.200000,0.000000,0.400000,0.800000,0.200000,1.570796,0.400000,0.800000,0.400000,0.000000
1789263685230437,0.200000,0.200000,0.200000,-0.004027,0.200000,0.600000,0.200000,0.000000,0.200000,0.800000,0.200000,0.000000,0.400000,0.800000,0.200000,1.570796,0.400000,0.800000,0.400000,0.000000
1789263688830455,0.200000,0.200000,0.200000,-0.004027,0.200000,0.600000,0.200000,0.000000,0.200000,0.800000,0.200000,0.000000,0.400000,0.800000,0.200000,1.570796,0.400000,0.800000,0.400000,0.000000
1789263692259093,0.200000,0.200000,0.200000,-0.004027,0.200000,0.600000,0.200000,0.000000,0.200000,0.800000,0.200000,0.000000,0.400000,0.800000,0.200000,1.570796,0.400000,0.800000,0.400000,0.000000
1789263695782121,0.200000,0.200000,0.200000,-0.004027,0.200000,0.600000,0.200000,0.000000,0.200000,0.800000,0.200000,0.000000,0.400000,0.800000,0.200000,1.570796,0.400000,0.800000,0.400000,0.000000
1789263700049783,0.200000,0.200000,0.200000,-0.004027,0.200000,0.600000,0.200000,0.000000,0.200000,0.800000,0.200000,0.000000,0.400000,0.800000,0.200000,1.570796,0.400000,0.800000,0.400000,0.000000
1789263703674272,0.200000,0.200000,0.200000,-0.004027,0.200000,0.600000,0.200000,0.000000,0.200000,0.800000,0.200000,0.000000,0.400000,0.800000,0.200000,1.570796,0.400000,0.800000,0.400000,0.000000
1789263708474805,0.200000,0.200000,0.200000,-0.004027,0.200000,0.600000,0.200000,0.000000,0.200000,0.800000,0.200000,0.000000,0.400000,0.800000,0.200000,1.570796,0.400000,0.800000,0.400000,0.000000
1789263712639349,0.200000,0.200000,0.200000,-0.004027,0.200000,0.600000,0.200000,0.000000,0.200000,0.800000,0.200000,0.000000,0.400000,0.800000,0.200000,1.570796,0.400000,0.800000,0.400000,0.000000
1789263716131681,0.200000,0.200000,0.200000,-0.004027,0.200000,0.600000,0.200000,0.000000,0.200000,0.800000,0.200000,0.000000,0.400000,0.800000,0.200000,1.570796,0.400000,0.800000,0.400000,0.000000
1789263720456329,0.200000,0.200000,0.200000,-0.004027,0.200000,0.600000,0.200000,0.000000,0.200000,0.800000,0.200000,0.000000,0.400000,0.800000,0.200000,1.570796,0.400000,0.800000,0.400000,0.000000
1789263724467141,0.200000,0.200000,0.200000,-0.004027,0.200000,0.600000,0.200000,0.000000,0.200000,0.800000,0.200000,0.000000,0.400000,0.800000,0.200000,1.570796,0.400000,0.800000,0.400000,0.000000
1789263728028473,0.200000,0.200000,0.200000,-0.004027,0.200000,0.600000,0.200000,0.000000,0.200000,0.800000,0.200000,0.000000,0.400000,0.800000,0.200000,1.570796,0.400000,0.800000,0.400000,0.000000
1789263731945154,0.200000,0.200000,0.200000,-0.004027,0.200000,0.600000,0.200000,0.000000,0.200000,0.800000,0.200000,0.000000,0.400000,0.800000,0.200000,1.570796,0.400000,0.800000,0.400000,0.000000
1789263735666888,0.200000,0.200000,0.200000,-0.004027,0.200000,0.600000,0.200000,0.000000,0.200000,0.800000,0.200000,0.000000,0.400000,0.800000,0.200000,1.570796,0.400000,0.800000,0.400000,0.000000
1789263739141551,0.200000,0.200000,0.200000,-0.004027,0.200000,0.600000,0.200000,0.000000,0.200000,0.800000,0.200000,0.000000,0.400000,0.800000,0.200000,1.570796,0.400000,0.800000,0.400000,0.000000
1789263742581843,0.200000,0.200000,0.200000,-0.004027,0.200000,0.600000,0.200000,0.000000,0.200000,0.800000,0.200000,0.000000,0.400000,0.800000,0.200000,1.570796,0.400000,0.800000,0.400000,0.000000
1789263746641155,0.200000,0.200000,0.200000,-0.004027,0.200000,0.600000,0.200000,0.000000,0.200000,0.800000,0.200000,0.000000,0.400000,0.800000,0.200000,1.570796,0.400000,0.800000,0.400000,0.000000
1789263750486584,0.200000,0.200000,0.200000,-0.004027,0.200000,0.600000,0.200000,0.000000,0.200000,0.800000,0.200000,0.000000,0.400000,0.800000,0.200000,1.570796,0.400000,0.800000,0.400000,0.000000
1789263754759351,0.200000,0.200000,0.200000,-0.004027,0.200000,0.600000,0.200000,0.000000,0.200000,0.800000,0.200000,0.000000,0.400000,0.800000,0.200000,1.570796,0.400000,0.800000,0.400000,0.000000
1789263758756239,0.200000,0.200000,0.200000,-0.004027,0.200000,0.600000,0.200000,0.000000,0.200000,0.800000,0.200000,0.000000,0.400000,0.800000,0.200000,1.570796,0.400000,0.800000,0.400000,0.000000
1789263762540003,0.200000,0.200000,0.200000,-0.004027,0.200000,0.600000,0.200000,0.000000,0.200000,0.800000,0.200000,0.000000,0.400000,0.800000,0.200000,1.570796,0.400000,0.800000,0.400000,0.000000
1789263766234556,0.200000,0.200000,0.200000,-0.004027,0.200000,0.600000,0.200000,0.000000,0.200000,0.800000,0.200000,0.000000,0.400000,0.800000,0.200000,1.570796,0.400000,0.800000,0.400000,0.000000
1789263769773872,0.200000,0.200000,0.200000,-0.004027,0.200000,0.600000,0.200000,0.000000,0.200000,0.800000,0.200000,0.000000,0.400000,0.800000,0.200000,1.570796,0.400000,0.800000,0.400000,0.000000
1789263773342084,0.200000,0.200000,0.200000,-0.004027,0.200000,0.600000,0.200000,0.000000,0.200000,0.800000,0.200000,0.000000,0.400000,0.800000,0.200000,1.570796,0.400000,0.800000,0.400000,0.000000
1789263777363302,0.200000,0.200000,0.200000,-0.004027,0.200000,0.600000,0.200000,0.000000,0.200000,0.800000,0.200000,0.000000,0.400000,0.800000,0.200000,1.570796,0.400000,0.800000,0.400000,0.000000
1789263780878167,0.200000,0.200000,0.200000,-0.004027,0.200000,0.600000,0.200000,0.000000,0.200000,0.800000,0.200000,0.000000,0.400000,0.800000,0.200000,1.570796,0.400000,0.800000,0.400000,0.000000
1789263784378552,0.200000,0.200000,0.200000,-0.004027,0.200000,0.600000,0.200000,0.000000,0.200000,0.800000,0.200000,0.000000,0.400000,0.800000,0.200000,1.570796,0.400000,0.800000,0.400000,0.000000
1789263787821931,0.200000,0.200000,0.200000,-0.004027,0.200000,0.600000,0.200000,0.000000,0.200000,0.800000,0.200000,0.000000,0.400000,0.800000,0.200000,1.570796,0.400000,0.800000,0.400000,0.000000
1789263792581341,0.200000,0.200000,0.200000,-0.004027,0.200000,0.600000,0.200000,0.000000,0.200000,0.800000,0.200000,0.000000,0.400000,0.800000,0.200000,1.570796,0.400000,0.800000,0.400000,0.000000
1789263796122381,0.200000,0.200000,0.200000,-0.004027,0.200000,0.600000,0.200000,0.000000,0.200000,0.800000,0.200000,0.000000,0.400000,0.800000,0.200000,1.570796,0.400000,0.800000,0.400000,0.000000
1789263799588252,0.200000,0.200000,0.200000,-0.004027,0.200000,0.600000,0.200000,0.000000,0.200000,0.800000,0.200000,0.000000,0.400000,0.800000,0.200000,1.570796,0.400000,0.800000,0.400000,0.000000
1789263803426549,0.200000,0.200000,0.200000,-0.004027,0.200000,0.600000,0.200000,0.000000,0.200000,0.800000,0.200000,0.000000,0.400000,0.800000,0.200000,1.570796,0.400000,0.800000,0.400000,0.000000
1789263806858043,0.200000,0.200000,0.200000,-0.004027,0.200000,0.600000,0.200000,0.000000,0.200000,0.800000,0.200000,0.000000,0.400000,0.800000,0.200000,1.570796,0.400000,0.800000,0.400000,0.000000
1789263810429292,0.200000,0.200000,0.200000,-0.004027,0.200000,0.600000,0.200000,0.000000,0.200000,0.800000,0.200000,0.000000,0.400000,0.800000,0.200000,1.570796,0.400000,0.800000,0.400000,0.000000
1789263814633185,0.200000,0.200000,0.200000,-0.004027,0.200000,0.600000,0.200000,0.000000,0.200000,0.800000,0.200000,0.000000,0.400000,0.800000,0.200000,1.570796,0.400000,0.800000,0.400000,0.000000
1789263818537752,0.200000,0.200000,0.200000,-0.004027,0.200000,0.600000,0.200000,0.000000,0.200000,0.800000,0.200000,0.000000,0.400000,0.800000,0.200000,1.570796,0.400000,0.800000,0.400000,0.000000
1789263822285907,0.200000,0.200000,0.200000,-0.004027,0.200000,0.600000,0.200000,0.000000,0.200000,0.800000,0.200000,0.000000,0.400000,0.800000,0.200000,1.570796,0.400000,0.800000,0.400000,0.000000
1789263825974595,0.200000,0.200000,0.200000,-0.004027,0.200000,0.600000,0.200000,0.000000,0.200000,0.800000,0.200000,0.000000,0.400000,0.800000,0.200000,1.570796,0.400000,0.800000,0.400000,0.000000
1789263829411471,0.200000,0.200000,0.200000,-0.004027,0.200000,0.600000,0.200000,0.000000,0.200000,0.800000,0.200000,0.000000,0.400000,0.800000,0.200000,1.570796,0.400000,0.800000,0.400000,0.000000
1789263832900638,0.200000,0.200000,0.200000,-0.004027,0.200000,0.600000,0.200000,0.000000,0.200000,0.800000,0.200000,0.000000,0.400000,0.800000,0.200000,1.570796,0.400000,0.800000,0.400000,0.000000
1789263836808682,0.200000,0.200000,0.200000,-0.004027,0.200000,0.600000,0.200000,0.000000,0.200000,0.800000,0.200000,0.000000,0.400000,0.800000,0.200000,1.570796,0.400000,0.800000,0.400000,0.000000
1789263840354136,0.200000,0.200000,0.200000,-0.004027,0.200000,0.600000,0.200000,0.000000,0.200000,0.800000,0.200000,0.000000,0.400000,0.800000,0.200000,1.570796,0.400000,0.800000,0.400000,0.000000
1789263845234398,0.200000,0.200000,0.200000,-0.004027,0.200000,0.600000,0.200000,0.000000,0.200000,0.800000,0.200000,0.000000,0.400000,0.800000,0.200000,1.570796,0.400000,0.800000,0.400000,0.000000
1789263850255788,0.200000,0.200000,0.200000,-0.004027,0.200000,0.600000,0.200000,0.000000,0.200000,0.800000,0.200000,0.000000,0.400000,0.800000,0.200000,1.570796,0.400000,0.800000,0.400000,0.000000
1789263854116439,0.200000,0.200000,0.200000,-0.004027,0.200000,0.600000,0.200000,0.000000,0.200000,0.800000,0.200000,0.000000,0.400000,0.800000,0.200000,1.570796,0.400000,0.800000,0.400000,0.000000
1789263857548878,0.200000,0.200000,0.200000,-0.004027,0.200000,0.600000,0.200000,0.000000,0.200000,0.800000,0.200000,0.000000,0.400000,0.800000,0.200000,1.570796,0.400000,0.800000,0.400000,0.000000
1789263861332777,0.200000,0.200000,0.200000,-0.004027,0.200000,0.600000,0.200000,0.000000,0.200000,0.800000,0.200000,0.000000,0.400000,0.800000,0.200000,1.570796,0.400000,0.800000,0.400000,0.000000
1789263864755691,0.200000,0.200000,0.200000,-0.004027,0.200000,0.600000,0.200000,0.000000,0.200000,0.800000,0.200000,0.000000,0.400000,0.800000,0.200000,1.570796,0.400000,0.800000,0.400000,0.000000
1789263868203337,0.200000,0.200000,0.200000,-0.004027,0.200000,0.600000,0.200000,0.000000,0.200000,0.800000,0.200000,0.000000,0.400000,0.800000,0.200000,1.570796,0.400000,0.800000,0.400000,0.000000
1789263871690712,0.200000,0.200000,0.200000,-0.004027,0.200000,0.600000,0.200000,0.000000,0.200000,0.800000,0.200000,0.000000,0.400000,0.800000,0.200000,1.570796,0.400000,0.800000,0.400000,0.000000
1789263875158354,0.200000,0.200000,0.200000,-0.004027,0.200000,0.600000,0.200000,0.000000,0.200000,0.800000,0.200000,0.000000,0.400000,0.800000,0.200000,1.570796,0.400000,0.800000,0.400000,0.000000
1789263878744785,0.200000,0.200000,0.200000,-0.004027,0.200000,0.600000,0.200000,0.000000,0.200000,0.800000,0.200000,0.000000,0.400000,0.800000,0.200000,1.570796,0.400000,0.800000,0.400000,0.000000
1789263882197888,0.200000,0.200000,0.200000,-0.004027,0.200000,0.600000,0.200000,0.000000,0.200000,0.800000,0.200000,0.000000,0.400000,0.800000,0.200000,1.570796,0.400000,0.800000,0.400000,0.000000
1789263885769962,0.200000,0.200000,0.200000,-0.004027,0.200000,0.600000,0.200000,0.000000,0.200000,0.800000,0.200000,0.000000,0.400000,0.800000,0.200000,1.570796,0.400000,0.800000,0.400000,0.000000
1789263889788525,0.200000,0.200000,0.200000,-0.004027,0.200000,0.600000,0.200000,0.000000,0.200000,0.800000,0.200000,0.000000,0.400000,0.800000,0.200000,1.570796,0.400000,0.800000,0.400000,0.000000
1789263893229587,0.200000,0.200000,0.200000,-0.004027,0.200000,0.600000,0.200000,0.000000,0.200000,0.800000,0.200000,0.000000,0.400000,0.800000,0.200000,1.570796,0.400000,0.800000,0.400000,0.000000
1789263896916703,0.200000,0.200000,0.200000,-0.004027,0.200000,0.600000,0.200000,0.000000,0.200000,0.800000,0.200000,0.000000,0.400000,0.800000,0.200000,1.570796,0.400000,0.800000,0.400000,0.000000
1789263900399589,0.200000,0.200000,0.200000,-0.004027,0.200000,0.600000,0.200000,0.000000,0.200000,0.800000,0.200000,0.000000,0.400000,0.800000,0.200000,1.570796,0.400000,0.800000,0.400000,0.000000
1789263903869639,0.200000,0.200000,0.200000,-0.004027,0.200000,0.600000,0.200000,0.000000,0.200000,0.800000,0.200000,0.000000,0.400000,0.800000,0.200000,1.570796,0.400000,0.800000,0.400000,0.000000
1789263909292495,0.200000,0.200000,0.200000,-0.004027,0.200000,0.600000,0.200000,0.000000,0.200000,0.800000,0.200000,0.000000,0.400000,0.800000,0.200000,1.570796,0.400000,0.800000,0.400000,0.000000
1789263913618403,0.200000,0.200000,0.200000,-0.004027,0.200000,0.600000,0.200000,0.000000,0.200000,0.800000,0.200000,0.000000,0.400000,0.800000,0.200000,1.570796,0.400000,0.800000,0.400000,0.000000
1789263918018691,0.200000,0.200000,0.200000,-0.004027,0.200000,0.600000,0.200000,0.000000,0.200000,0.800000,0.200000,0.000000,0.400000,0.800000,0.200000,1.570796,0.400000,0.800000,0.400000,0.000000
1789263922114859,0.200000,0.200000,0.200000,-0.004027,0.200000,0.600000,0.200000,0.000000,0.200000,0.800000,0.200000,0.000000,0.400000,0.800000,0.200000,1.570796,0.400000,0.800000,0.400000,0.000000
1789263925628334,0.200000,0.200000,0.200000,-0.004027,0.200000,0.600000,0.200000,0.000000,0.200000,0.800000,0.200000,0.000000,0.400000,0.800000,0.200000,1.570796,0.400000,0.800000,0.400000,0.000000
1789263929127864,0.200000,0.200000,0.200000,-0.004027,0.200000,0.600000,0.200000,0.000000,0.200000,0.800000,0.200000,0.000000,0.400000,0.800000,0.200000,1.570796,0.400000,0.800000,0.400000,0.000000
1789263933791719,0.200000,0.200000,0.200000,-0.004027,0.200000,0.600000,0.200000,0.000000,0.200000,0.800000,0.200000,0.000000,0.400000,0.800000,0.200000,1.570796,0.400000,0.800000,0.400000,0.000000
1789263937897589,0.200000,0.200000,0.200000,-0.004027,0.200000,0.600000,0.200000,0.000000,0.200000,0.800000,0.200000,0.000000,0.400000,0.800000,0.200000,1.570796,0.400000,0.800000,0.400000,0.000000
1789263942385002,0.200000,0.200000,0.200000,-0.004027,0.200000,0.600000,0.200000,0.000000,0.200000,0.800000,0.200000,0.000000,0.400000,0.800000,0.200000,1.570796,0.400000,0.800000,0.400000,0.000000
1789263946580104,0.200000,0.200000,0.200000,-0.004027,0.200000,0.600000,0.200000,0.000000,0.200000,0.800000,0.200000,0.000000,0.400000,0.800000,0.200000,1.570796,0.400000,0.800000,0.400000,0.000000
1789263950091260,0.200000,0.200000,0.200000,-0.004027,0.200000,0.600000,0.200000,0.000000,0.200000,0.800000,0.200000,0.000000,0.400000,0.800000,0.200000,1.570796,0.400000,0.800000,0.400000,0.000000
1789263953505626,0.200000,0.200000,0.200000,-0.004027,0.200000,0.600000,0.200000,0.000000,0.200000,0.800000,0.200000,0.000000,0.400000,0.800000,0.200000,1.570796,0.400000,0.800000,0.400000,0.000000
1789263957010112,0.200000,0.200000,0.200000,-0.004027,0.200000,0.600000,0.200000,0.000000,0.200000,0.800000,0.200000,0.000000,0.400000,0.800000,0.200000,1.570796,0.400000,0.800000,0.400000,0.000000
1789263960879074,0.200000,0.200000,0.200000,-0.004027,0.200000,0.600000,0.200000,0.000000,0.200000,0.800000,0.200000,0.000000,0.400000,0.800000,0.200000,1.570796,0.400000,0.800000,0.400000,0.000000
1789263964816445,0.200000,0.200000,0.200000,-0.004027,0.200000,0.600000,0.200000,0.000000,0.200000,0.800000,0.200000,0.000000,0.400000,0.800000,0.200000,1.570796,0.400000,0.800000,0.400000,0.000000
1789263968335057,0.200000,0.200000,0.200000,-0.004027,0.200000,0.600000,0.200000,0.000000,0.200000,0.800000,0.200000,0.000000,0.400000,0.800000,0.200000,1.570796,0.400000,0.800000,0.400000,0.000000
1789263972085618,0.200000,0.200000,0.200000,-0.004027,0.200000,0.600000,0.200000,0.000000,0.200000,0.800000,0.200000,0.000000,0.400000,0.800000,0.200000,1.570796,0.400000,0.800000,0.400000,0.000000
1789263976237153,0.200000,0.200000,0.200000,-0.004027,0.200000,0.600000,0.200000,0.000000,0.200000,0.800000,0.200000,0.000000,0.400000,0.800000,0.200000,1.570796,0.400000,0.800000,0.400000,0.000000
1789263979896643,0.200000,0.200000,0.200000,-0.004027,0.200000,0.600000,0.200000,0.000000,0.200000,0.800000,0.200000,0.000000,0.400000,0.800000,0.200000,1.570796,0.400000,0.800000,0.400000,0.000000
1789263983844049,0.200000,0.200000,0.200000,-0.004027,0.200000,0.600000,0.200000,0.000000,0.200000,0.800000,0.200000,0.000000,0.400000,0.800000,0.200000,1.570796,0.400000,0.800000,0.400000,0.000000
1789263987605794,0.200000,0.200000,0.200000,-0.004027,0.200000,0.600000,0.200000,0.000000,0.200000,0.800000,0.200000,0.000000,0.400000,0.800000,0.200000,1.570796,0.400000,0.800000,0.400000,0.000000
1789263991173324,0.200000,0.200000,0.200000,-0.004027,0.200000,0.600000,0.200000,0.000000,0.200000,0.800000,0.200000,0.000000,0.400000,0.800000,0.200000,1.570796,0.400000,0.800000,0.400000,0.000000
1789263994679513,0.200000,0.200000,0.200000,-0.004027,0.200000,0.600000,0.200000,0.000000,0.200000,0.800000,0.200000,0.000000,0.400000,0.800000,0.200000,1.570796,0.400000,0.800000,0.400000,0.000000
1789263998228580,0.200000,0.200000,0.200000,-0.004027,0.200000,0.600000,0.200000,0.000000,0.200000,0.800000,0.200000,0.000000,0.400000,0.800000,0.200000,1.570796,0.400000,0.800000,0.400000,0.000000
1789264001794778,0.200000,0.200000,0.200000,-0.004027,0.200000,0.600000,0.200000,0.000000,0.200000,0.800000,0.200000,0.000000,0.400000,0.800000,0.200000,1.570796,0.400000,0.800000,0.400000,0.000000
1789264005839893,0.200000,0.200000,0.200000,-0.004027,0.200000,0.600000,0.200000,0.000000,0.200000,0.800000,0.200000,0.000000,0.400000,0.800000,0.200000,1.570796,0.400000,0.800000,0.400000,0.000000
1789264009617167,0.200000,0.200000,0.200000,-0.004027,0.200000,0.600000,0.200000,0.000000,0.200000,0.800000,0.200000,0.000000,0.400000,0.800000,0.200000,1.570796,0.400000,0.800000,0.400000,0.000000
1789264013891595,0.200000,0.200000,0.200000,-0.004027,0.200000,0.600000,0.200000,0.000000,0.200000,0.800000,0.200000,0.000000,0.400000,0.800000,0.200000,1.570796,0.400000,0.800000,0.400000,0.000000
1789264017435766,0.200000,0.200000,0.200000,-0.004027,0.200000,0.600000,0.200000,0.000000,0.200000,0.800000,0.200000,0.000000,0.400000,0.800000,0.200000,1.570796,0.400000,0.800000,0.400000,0.000000
1789264021662004,0.200000,0.200000,0.200000,-0.004027,0.200000,0.600000,0.200000,0.000000,0.200000,0.800000,0.200000,0.000000,0.400000,0.800000,0.200000,1.570796,0.400000,0.800000,0.400000,0.000000
1789264025758508,0.200000,0.200000,0.200000,-0.004027,0.200000,0.600000,0.200000,0.000000,0.200000,0.800000,0.200000,0.000000,0.400000,0.800000,0.200000,1.570796,0.400000,0.800000,0.400000,0.000000
1789264029269332,0.200000,0.200000,0.200000,-0.004027,0.200000,0.600000,0.200000,0.000000,0.200000,0.800000,0.200000,0.000000,0.400000,0.800000,0.200000,1.570796,0.400000,0.800000,0.400000,0.000000
1789264033642774,0.200000,0.200000,0.200000,-0.004027,0.200000,0.600000,0.200000,0.000000,0.200000,0.800000,0.200000,0.000000,0.400000,0.800000,0.200000,1.570796,0.400000,0.800000,0.400000,0.000000
1789264037497510,0.200000,0.200000,0.200000,-0.004027,0.200000,0.600000,0.200000,0.000000,0.200000,0.800000,0.200000,0.000000,0.400000,0.800000,0.200000,1.570796,0.400000,0.800000,0.400000,0.000000
1789264041359956,0.200000,0.200000,0.200000,-0.004027,0.200000,0.600000,0.200000,0.000000,0.200000,0.800000,0.200000,0.000000,0.400000,0.800000,0.200000,1.570796,0.400000,0.800000,0.400000,0.000000
1789264045433257,0.200000,0.200000,0.200000,-0.004027,0.200000,0.600000,0.200000,0.000000,0.200000,0.800000,0.200000,0.000000,0.400000,0.800000,0.200000,1.570796,0.400000,0.800000,0.400000,0.000000
1789264049283717,0.200000,0.200000,0.200000,-0.004027,0.200000,0.600000,0.200000,0.000000,0.200000,0.800000,0.200000,0.000000,0.400000,0.800000,0.200000,1.570796,0.400000,0.800000,0.400000,0.000000
1789264052909234,0.200000,0.200000,0.200000,-0.004027,0.200000,0.600000,0.200000,0.000000,0.200000,0.800000,0.200000,0.000000,0.400000,0.800000,0.200000,1.570796,0.400000,0.800000,0.400000,0.000000
1789264056812398,0.200000,0.200000,0.200000,-0.004027,0.200000,0.600000,0.200000,0.000000,0.200000,0.800000,0.200000,0.000000,0.400000,0.800000,0.200000,1.570796,0.400000,0.800000,0.400000,0.000000
1789264060398645,0.200000,0.200000,0.200000,-0.004027,0.200000,0.600000,0.200000,0.000000,0.200000,0.800000,0.200000,0.000000,0.400000,0.800000,0.200000,1.570796,0.400000,0.800000,0.400000,0.000000
1789264063858783,0.200000,0.200000,0.200000,-0.004027,0.200000,0.600000,0.200000,0.000000,0.200000,0.800000,0.200000,0.000000,0.400000,0.800000,0.200000,1.570796,0.400000,0.800000,0.400000,0.000000
1789264067525211,0.200000,0.200000,0.200000,-0.004027,0.200000,0.600000,0.200000,0.000000,0.200000,0.800000,0.200000,0.000000,0.400000,0.800000,0.200000,1.570796,0.400000,0.800000,0.400000,0.000000
1789264071091497,0.200000,0.200000,0.200000,-0.004027,0.200000,0.600000,0.200000,0.000000,0.200000,0.800000,0.200000,0.000000,0.400000,0.800000,0.200000,1.570796,0.400000,0.800000,0.400000,0.000000
1789264074980854,0.200000,0.200000,0.200000,-0.004027,0.200000,0.600000,0.200000,0.000000,0.200000,0.800000,0.200000,0.000000,0.400000,0.800000,0.200000,1.570796,0.400000,0.800000,0.400000,0.000000
1789264079090274,0.200000,0.200000,0.200000,-0.004027,0.200000,0.600000,0.200000,0.000000,0.200000,0.800000,0.200000,0.000000,0.400000,0.800000,0.200000,1.570796,0.400000,0.800000,0.400000,0.000000
1789264082793659,0.200000,0.200000,0.200000,-0.004027,0.200000,0.600000,0.200000,0.000000,0.200000,0.800000,0.200000,0.000000,0.400000,0.800000,0.200000,1.570796,0.400000,0.800000,0.400000,0.000000
1789264086250043,0.200000,0.200000,0.200000,-0.004027,0.200000,0.600000,0.200000,0.000000,0.200000,0.800000,0.200000,0.000000,0.400000,0.800000,0.200000,1.570796,0.400000,0.800000,0.400000,0.000000
1789264090157652,0.200000,0.200000,0.200000,-0.004027,0.200000,0.600000,0.200000,0.000000,0.200000,0.800000,0.200000,0.000000,0.400000,0.800000,0.200000,1.570796,0.400000,0.800000,0.400000,0.000000
1789264093915053,0.200000,0.200000,0.200000,-0.004027,0.200000,0.600000,0.200000,0.000000,0.200000,0.800000,0.200000,0.000000,0.400000,0.800000,0.200000,1.570796,0.400000,0.800000,0.400000,0.000000
1789264097819609,0.200000,0.200000,0.200000,-0.004027,0.200000,0.600000,0.200000,0.000000,0.200000,0.800000,0.200000,0.000000,0.400000,0.800000,0.200000,1.570796,0.400000,0.800000,0.400000,0.000000
1789264102561162,0.200000,0.200000,0.200000,-0.004027,0.200000,0.600000,0.200000,0.000000,0.200000,0.800000,0.200000,0.000000,0.400000,0.800000,0.200000,1.570796,0.400000,0.800000,0.400000,0.000000
1789264106585563,0.200000,0.200000,0.200000,-0.004027,0.200000,0.600000,0.200000,0.000000,0.200000,0.800000,0.200000,0.000000,0.400000,0.800000,0.200000,1.570796,0.400000,0.800000,0.400000,0.000000
1789264110369515,0.200000,0.200000,0.200000,-0.004027,0.200000,0.600000,0.200000,0.000000,0.200000,0.800000,0.200000,0.000000,0.400000,0.800000,0.200000,1.570796,0.400000,0.800000,0.400000,0.000000
1789264114064071,0.200000,0.200000,0.200000,-0.004027,0.200000,0.600000,0.200000,0.000000,0.200000,0.800000,0.200000,0.000000,0.400000,0.800000,0.200000,1.570796,0.400000,0.800000,0.400000,0.000000
1789264117649707,0.200000,0.200000,0.200000,-0.004027,0.200000,0.600000,0.200000,0.000000,0.200000,0.800000,0.200000,0.000000,0.400000,0.800000,0.200000,1.570796,0.400000,0.800000,0.400000,0.000000
1789264121840222,0.200000,0.200000,0.200000,-0.004027,0.200000,0.600000,0.200000,0.000000,0.200000,0.800000,0.200000,0.000000,0.400000,0.800000,0.200000,1.570796,0.400000,0.800000,0.400000,0.000000
1789264125338948,0.200000,0.200000,0.200000,-0.004027,0.200000,0.600000,0.200000,0.000000,0.200000,0.800000,0.200000,0.000000,0.400000,0.800000,0.200000,1.570796,0.400000,0.800000,0.400000,0.000000
1789264129448615,0.200000,0.200000,0.200000,-0.004027,0.200000,0.600000,0.200000,0.000000,0.200000,0.800000,0.200000,0.000000,0.400000,0.800000,0.200000,1.570796,0.400000,0.800000,0.400000,0.000000
1789264132912142,0.200000,0.200000,0.200000,-0.004027,0.200000,0.600000,0.200000,0.000000,0.200000,0.800000,0.200000,0.000000,0.400000,0.800000,0.200000,1.570796,0.400000,0.800000,0.400000,0.000000
1789264136749788,0.200000,0.200000,0.200000,-0.004027,0.200000,0.600000,0.200000,0.000000,0.200000,0.800000,0.200000,0.000000,0.400000,0.800000,0.200000,1.570796,0.400000,0.800000,0.400000,0.000000
1789264140367156,0.200000,0.200000,0.200000,-0.004027,0.200000,0.600000,0.200000,0.000000,0.200000,0.800000,0.200000,0.000000,0.400000,0.800000,0.200000,1.570796,0.400000,0.800000,0.400000,0.000000
1789264143806981,0.200000,0.200000,0.200000,-0.004027,0.200000,0.600000,0.200000,0.000000,0.200000,0.800000,0.200000,0.000000,0.400000,0.800000,0.200000,1.570796,0.400000,0.800000,0.400000,0.000000
1789264147646544,0.200000,0.200000,0.200000,-0.004027,0.200000,0.600000,0.200000,0.000000,0.200000,0.800000,0.200000,0.000000,0.400000,0.800000,0.200000,1.570796,0.400000,0.800000,0.400000,0.000000
1789264151214659,0.200000,0.200000,0.200000,-0.004027,0.200000,0.600000,0.200000,0.000000,0.200000,0.800000,0.200000,0.000000,0.400000,0.800000,0.200000,1.570796,0.400000,0.800000,0.400000,0.000000
1789264154720099,0.200000,0.200000,0.200000,-0.004027,0.200000,0.600000,0.200000,0.000000,0.200000,0.800000,0.200000,0.000000,0.400000,0.800000,0.200000,1.570796,0.400000,0.800000,0.400000,0.000000
1789264158272560,0.200000,0.200000,0.200000,-0.004027,0.200000,0.600000,0.200000,0.000000,0.200000,0.800000,0.200000,0.000000,0.400000,0.800000,0.200000,1.570796,0.400000,0.800000,0.400000,0.000000
1789264161905259,0.200000,0.200000,0.200000,-0.004027,0.200000,0.600000,0.200000,0.000000,0.200000,0.800000,0.200000,0.000000,0.400000,0.800000,0.200000,1.570796,0.400000,0.800000,0.400000,0.000000
1789264165391048,0.200000,0.200000,0.200000,-0.004027,0.200000,0.600000,0.200000,0.000000,0.200000,0.800000,0.200000,0.000000,0.400000,0.800000,0.200000,1.570796,0.400000,0.800000,0.400000,0.000000
1789264168916699,0.200000,0.200000,0.200000,-0.004027,0.200000,0.600000,0.200000,0.000000,0.200000,0.800000,0.200000,0.000000,0.400000,0.800000,0.200000,1.570796,0.400000,0.800000,0.400000,0.000000
1789264172419112,0.200000,0.200000,0.200000,-0.004027,0.200000,0.600000,0.200000,0.000000,0.200000,0.800000,0.200000,0.000000,0.400000,0.800000,0.200000,1.570796,0.400000,0.800000,0.400000,0.000000
1789264175887836,0.200000,0.200000,0.200000,-0.004027,0.200000,0.600000,0.200000,0.000000,0.200000,0.800000,0.200000,0.000000,0.400000,0.800000,0.200000,1.570796,0.400000,0.800000,0.400000,0.000000
1789264179383912,0.200000,0.200000,0.200000,-0.004027,0.200000,0.600000,0.200000,0.000000,0.200000,0.800000,0.200000,0.000000,0.400000,0.800000,0.200000,1.570796,0.400000,0.800000,0.400000,0.000000
1789264183167632,0.200000,0.200000,0.200000,-0.004027,0.200000,0.600000,0.200000,0.000000,0.200000,0.800000,0.200000,0.000000,0.400000,0.800000,0.200000,1.570796,0.400000,0.800000,0.400000,0.000000
1789264186616583,0.200000,0.200000,0.200000,-0.004027,0.200000,0.600000,0.200000,0.000000,0.200000,0.800000,0.200000,0.000000,0.400000,0.800000,0.200000,1.570796,0.400000,0.800000,0.400000,0.000000
1789264190299986,0.200000,0.200000,0.200000,-0.004027,0.200000,0.600000,0.200000,0.000000,0.200000,0.800000,0.200000,0.000000,0.400000,0.800000,0.200000,1.570796,0.400000,0.800000,0.400000,0.000000
1789264194042038,0.200000,0.200000,0.200000,-0.004027,0.200000,0.600000,0.200000,0.000000,0.200000,0.800000,0.200000,0.000000,0.400000,0.800000,0.200000,1.570796,0.400000,0.800000,0.400000,0.000000
1789264197488712,0.200000,0.200000,0.200000,-0.004027,0.200000,0.600000,0.200000,0.000000,0.200000,0.800000,0.200000,0.000000,0.400000,0.800000,0.200000,1.570796,0.400000,0.800000,0.400000,0.000000
1789264200925318,0.200000,0.200000,0.200000,-0.004027,0.200000,0.600000,0.200000,0.000000,0.200000,0.800000,0.200000,0.000000,0.400000,0.800000,0.200000,1.570796,0.400000,0.800000,0.400000,0.000000
1789264204977526,0.200000,0.200000,0.200000,-0.004027,0.200000,0.600000,0.200000,0.000000,0.200000,0.800000,0.200000,0.000000,0.400000,0.800000,0.200000,1.570796,0.400000,0.800000,0.400000,0.000000
1789264208909771,0.200000,0.200000,0.200000,-0.004027,0.200000,0.600000,0.200000,0.000000,0.200000,0.800000,0.200000,0.000000,0.400000,0.800000,0.200000,1.570796,0.400000,0.800000,0.400000,0.000000
1789264212695321,0.200000,0.200000,0.200000,-0.004027,0.200000,0.600000,0.200000,0.000000,0.200000,0.800000,0.200000,0.000000,0.400000,0.800000,0.200000,1.570796,0.400000,0.800000,0.400000,0.000000
1789264216166639,0.200000,0.200000,0.200000,-0.004027,0.200000,0.600000,0.200000,0.000000,0.200000,0.800000,0.200000,0.000000,0.400000,0.800000,0.200000,1.570796,0.400000,0.800000,0.400000,0.000000
1789264219597572,0.200000,0.200000,0.200000,-0.004027,0.200000,0.600000,0.200000,0.000000,0.200000,0.800000,0.200000,0.000000,0.400000,0.800000,0.200000,1.570796,0.400000,0.800000,0.400000,0.000000
1789264223300296,0.200000,0.200000,0.200000,-0.004027,0.200000,0.600000,0.200000,0.000000,0.200000,0.800000,0.200000,0.000000,0.400000,0.800000,0.200000,1.570796,0.400000,0.800000,0.400000,0.000000
1789264226850801,0.200000,0.200000,0.200000,-0.004027,0.200000,0.600000,0.200000,0.000000,0.200000,0.800000,0.200000,0.000000,0.400000,0.800000,0.200000,1.570796,0.400000,0.800000,0.400000,0.000000
1789264230714292,0.200000,0.200000,0.200000,-0.004027,0.200000,0.600000,0.200000,0.000000,0.200000,0.800000,0.200000,0.000000,0.400000,0.800000,0.200000,1.570796,0.400000,0.800000,0.400000,0.000000
1789264234938165,0.200000,0.200000,0.200000,-0.004027,0.200000,0.600000,0.200000,0.000000,0.200000,0.800000,0.200000,0.000000,0.400000,0.800000,0.200000,1.570796,0.400000,0.800000,0.400000,0.000000
1789264238647962,0.200000,0.200000,0.200000,-0.004027,0.200000,0.600000,0.200000,0.000000,0.200000,0.800000,0.200000,0.000000,0.400000,0.800000,0.200000,1.570796,0.400000,0.800000,0.400000,0.000000
1789264242384269,0.200000,0.200000,0.200000,-0.004027,0.200000,0.600000,0.200000,0.000000,0.200000,0.800000,0.200000,0.000000,0.400000,0.800000,0.200000,1.570796,0.400000,0.800000,0.400000,0.000000
1789264246344500,0.200000,0.200000,0.200000,-0.004027,0.200000,0.600000,0.200000,0.000000,0.200000,0.800000,0.200000,0.000000,0.400000,0.800000,0.200000,1.570796,0.400000,0.800000,0.400000,0.000000
1789264249869239,0.200000,0.200000,0.200000,-0.004027,0.200000,0.600000,0.200000,0.000000,0.200000,0.800000,0.200000,0.000000,0.400000,0.800000,0.200000,1.570796,0.400000,0.800000,0.400000,0.000000
1789264253557528,0.200000,0.200000,0.200000,-0.004027,0.200000,0.600000,0.200000,0.000000,0.200000,0.800000,0.200000,0.000000,0.400000,0.800000,0.200000,1.570796,0.400000,0.800000,0.400000,0.000000
1789264257135487,0.200000,0.200000,0.200000,-0.004027,0.200000,0.600000,0.200000,0.000000,0.200000,0.800000,0.200000,0.000000,0.400000,0.800000,0.200000,1.570796,0.400000,0.800000,0.400000,0.000000
1789264260636610,0.200000,0.200000,0.200000,-0.004027,0.200000,0.600000,0.200000,0.000000,0.200000,0.800000,0.200000,0.000000,0.400000,0.800000,0.200000,1.570796,0.400000,0.800000,0.400000,0.000000
1789264264296848,0.200000,0.200000,0.200000,-0.004027,0.200000,0.600000,0.200000,0.000000,0.200000,0.800000,0.200000,0.000000,0.400000,0.800000,0.200000,1.570796,0.400000,0.800000,0.400000,0.000000
1789264267958210,0.200000,0.200000,0.200000,-0.004027,0.200000,0.600000,0.200000,0.000000,0.200000,0.800000,0.200000,0.000000,0.400000,0.800000,0.200000,1.570796,0.400000,0.800000,0.400000,0.000000
1789264271995029,0.200000,0.200000,0.200000,-0.004027,0.200000,0.600000,0.200000,0.000000,0.200000,0.800000,0.200000,0.000000,0.400000,0.800000,0.200000,1.570796,0.400000,0.800000,0.400000,0.000000
1789264275560510,0.200000,0.200000,0.200000,-0.004027,0.200000,0.600000,0.200000,0.000000,0.200000,0.800000,0.200000,0.000000,0.400000,0.800000,0.200000,1.570796,0.400000,0.800000,0.400000,0.000000
1789264278993580,0.200000,0.200000,0.200000,-0.004027,0.200000,0.600000,0.200000,0.000000,0.200000,0.800000,0.200000,0.000000,0.400000,0.800000,0.200000,1.570796,0.400000,0.800000,0.400000,0.000000
1789264282601019,0.200000,0.200000,0.200000,-0.004027,0.200000,0.600000,0.200000,0.000000,0.200000,0.800000,0.200000,0.000000,0.400000,0.800000,0.200000,1.570796,0.400000,0.800000,0.400000,0.000000
1789264286037973,0.200000,0.200000,0.200000,-0.004027,0.200000,0.600000,0.200000,0.000000,0.200000,0.800000,0.200000,0.000000,0.400000,0.800000,0.200000,1.570796,0.400000,0.800000,0.400000,0.000000
1789264289868323,0.200000,0.200000,0.200000,-0.004027,0.200000,0.600000,0.200000,0.000000,0.200000,0.800000,0.200000,0.000000,0.400000,0.800000,0.200000,1.570796,0.400000,0.800000,0.400000,0.000000
1789264293720939,0.200000,0.200000,0.200000,-0.004027,0.200000,0.600000,0.200000,0.000000,0.200000,0.800000,0.200000,0.000000,0.400000,0.800000,0.200000,1.570796,0.400000,0.800000,0.400000,0.000000
1789264298007492,0.200000,0.200000,0.200000,-0.004027,0.200000,0.600000,0.200000,0.000000,0.200000,0.800000,0.200000,0.000000,0.400000,0.800000,0.200000,1.570796,0.400000,0.800000,0.400000,0.000000
1789264301493003,0.200000,0.200000,0.200000,-0.004027,0.200000,0.600000,0.200000,0.000000,0.200000,0.800000,0.200000,0.000000,0.400000,0.800000,0.200000,1.570796,0.400000,0.800000,0.400000,0.000000
1789264305035463,0.200000,0.200000,0.200000,-0.004027,0.200000,0.600000,0.200000,0.000000,0.200000,0.800000,0.200000,0.000000,0.400000,0.800000,0.200000,1.570796,0.400000,0.800000,0.400000,0.000000
1789264308634214,0.200000,0.200000,0.200000,-0.004027,0.200000,0.600000,0.200000,0.000000,0.200000,0.800000,0.200000,0.000000,0.400000,0.800000,0.200000,1.570796,0.400000,0.800000,0.400000,0.000000
1789264312064450,0.200000,0.200000,0.200000,-0.004027,0.200000,0.600000,0.200000,0.000000,0.200000,0.800000,0.200000,0.000000,0.400000,0.800000,0.200000,1.570796,0.400000,0.800000,0.400000,0.000000
1789264315610985,0.200000,0.200000,0.200000,-0.004027,0.200000,0.600000,0.200000,0.000000,0.200000,0.800000,0.200000,0.000000,0.400000,0.800000,0.200000,1.570796,0.400000,0.800000,0.400000,0.000000
1789264319159966,0.200000,0.200000,0.200000,-0.004027,0.200000,0.600000,0.200000,0.000000,0.200000,0.800000,0.200000,0.000000,0.400000,0.800000,0.200000,1.570796,0.400000,0.800000,0.400000,0.000000
1789264322683780,0.200000,0.200000,0.200000,-0.004027,0.200000,0.600000,0.200000,0.000000,0.200000,0.800000,0.200000,0.000000,0.400000,0.800000,0.200000,1.570796,0.400000,0.800000,0.400000,0.000000
1789264326839049,0.200000,0.200000,0.200000,-0.004027,0.200000,0.600000,0.200000,0.000000,0.200000,0.800000,0.200000,0.000000,0.400000,0.800000,0.200000,1.570796,0.400000,0.800000,0.400000,0.000000
1789264331341283,0.200000,0.200000,0.200000,-0.004027,0.200000,0.600000,0.200000,0.000000,0.200000,0.800000,0.200000,0.000000,0.400000,0.800000,0.200000,1.570796,0.400000,0.800000,0.400000,0.000000
1789264335470882,0.200000,0.200000,0.200000,-0.004027,0.200000,0.600000,0.200000,0.000000,0.200000,0.800000,0.200000,0.000000,0.400000,0.800000,0.200000,1.570796,0.400000,0.800000,0.400000,0.000000
1789264339045659,0.200000,0.200000,0.200000,-0.004027,0.200000,0.600000,0.200000,0.000000,0.200000,0.800000,0.200000,0.000000,0.400000,0.800000,0.200000,1.570796,0.400000,0.800000,0.400000,0.000000
1789264342640305,0.200000,0.200000,0.200000,-0.004027,0.200000,0.600000,0.200000,0.000000,0.200000,0.800000,0.200000,0.000000,0.400000,0.800000,0.200000,1.570796,0.400000,0.800000,0.400000,0.000000
1789264346708390,0.200000,0.200000,0.200000,-0.004027,0.200000,0.600000,0.200000,0.000000,0.200000,0.800000,0.200000,0.000000,0.400000,0.800000,0.200000,1.570796,0.400000,0.800000,0.400000,0.000000
1789264350205424,0.200000,0.200000,0.200000,-0.004027,0.200000,0.600000,0.200000,0.000000,0.200000,0.800000,0.200000,0.000000,0.400000,0.800000,0.200000,1.570796,0.400000,0.800000,0.400000,0.000000
1789264353836231,0.200000,0.200000,0.200000,-0.004027,0.200000,0.600000,0.200000,0.000000,0.200000,0.800000,0.200000,0.000000,0.400000,0.800000,0.200000,1.570796,0.400000,0.800000,0.400000,0.000000
1789264357729324,0.200000,0.200000,0.200000,-0.004027,0.200000,0.600000,0.200000,0.000000,0.200000,0.800000,0.200000,0.000000,0.400000,0.800000,0.200000,1.570796,0.400000,0.800000,0.400000,0.000000
1789264361223097,0.200000,0.200000,0.200000,-0.004027,0.200000,0.600000,0.200000,0.000000,0.200000,0.800000,0.200000,0.000000,0.400000,0.800000,0.200000,1.570796,0.400000,0.800000,0.400000,0.000000
1789264365226710,0.200000,0.200000,0.200000,-0.004027,0.200000,0.600000,0.200000,0.000000,0.200000,0.800000,0.200000,0.000000,0.400000,0.800000,0.200000,1.570796,0.400000,0.800000,0.400000,0.000000
1789264369424980,0.200000,0.200000,0.200000,-0.004027,0.200000,0.600000,0.200000,0.000000,0.200000,0.800000,0.200000,0.000000,0.400000,0.800000,0.200000,1.570796,0.400000,0.800000,0.400000,0.000000
1789264373150760,0.200000,0.200000,0.200000,-0.004027,0.200000,0.600000,0.200000,0.000000,0.200000,0.800000,0.200000,0.000000,0.400000,0.800000,0.200000,1.570796,0.400000,0.800000,0.400000,0.000000
1789264377113014,0.200000,0.200000,0.200000,-0.004027,0.200000,0.600000,0.200000,0.000000,0.200000,0.800000,0.200000,0.000000,0.400000,0.800000,0.200000,1.570796,0.400000,0.800000,0.400000,0.000000
1789264380710214,0.200000,0.200000,0.200000,-0.004027,0.200000,0.600000,0.200000,0.000000,0.200000,0.800000,0.200000,0.000000,0.400000,0.800000,0.200000,1.570796,0.400000,0.800000,0.400000,0.000000
1789264384418093,0.200000,0.200000,0.200000,-0.004027,0.200000,0.600000,0.200000,0.000000,0.200000,0.800000,0.200000,0.000000,0.400000,0.800000,0.200000,1.570796,0.400000,0.800000,0.400000,0.000000
1789264388066191,0.200000,0.200000,0.200000,-0.004027,0.200000,0.600000,0.200000,0.000000,0.200000,0.800000,0.200000,0.000000,0.400000,0.800000,0.200000,1.570796,0.400000,0.800000,0.400000,0.000000
1789264391679049,0.200000,0.200000,0.200000,-0.004027,0.200000,0.600000,0.200000,0.000000,0.200000,0.800000,0.200000,0.000000,0.400000,0.800000,0.200000,1.570796,0.400000,0.800000,0.400000,0.000000
1789264395389623,0.200000,0.200000,0.200000,-0.004027,0.200000,0.600000,0.200000,0.000000,0.200000,0.800000,0.200000,0.000000,0.400000,0.800000,0.200000,1.570796,0.400000,0.800000,0.400000,0.000000
1789264399473721,0.200000,0.200000,0.200000,-0.004027,0.200000,0.600000,0.200000,0.000000,0.200000,0.800000,0.200000,0.000000,0.400000,0.800000,0.200000,1.570796,0.400000,0.800000,0.400000,0.000000
1789264403755072,0.200000,0.200000,0.200000,-0.004027,0.200000,0.600000,0.200000,0.000000,0.200000,0.800000,0.200000,0.000000,0.400000,0.800000,0.200000,1.570796,0.400000,0.800000,0.400000,0.000000
1789264407406703,0.200000,0.200000,0.200000,-0.004027,0.200000,0.600000,0.200000,0.000000,0.200000,0.800000,0.200000,0.000000,0.400000,0.800000,0.200000,1.570796,0.400000,0.800000,0.400000,0.000000
1789264411425559,0.200000,0.200000,0.200000,-0.004027,0.200000,0.600000,0.200000,0.000000,0.200000,0.800000,0.200000,0.000000,0.400000,0.800000,0.200000,1.570796,0.400000,0.800000,0.400000,0.000000
1789264415952867,0.200000,0.200000,0.200000,-0.004027,0.200000,0.600000,0.200000,0.000000,0.200000,0.800000,0.200000,0.000000,0.400000,0.800000,0.200000,1.570796,0.400000,0.800000,0.400000,0.000000
1789264419594467,0.200000,0.200000,0.200000,-0.004027,0.200000,0.600000,0.200000,0.000000,0.200000,0.800000,0.200000,0.000000,0.400000,0.800000,0.200000,1.570796,0.400000,0.800000,0.400000,0.000000
1789264423166716,0.200000,0.200000,0.200000,-0.004027,0.200000,0.600000,0.200000,0.000000,0.200000,0.800000,0.200000,0.000000,0.400000,0.800000,0.200000,1.570796,0.400000,0.800000,0.400000,0.000000
1789264426654714,0.200000,0.200000,0.200000,-0.004027,0.200000,0.600000,0.200000,0.000000,0.200000,0.800000,0.200000,0.000000,0.400000,0.800000,0.200000,1.570796,0.400000,0.800000,0.400000,0.000000
1789264430382796,0.200000,0.200000,0.200000,-0.004027,0.200000,0.600000,0.200000,0.000000,0.200000,0.800000,0.200000,0.000000,0.400000,0.800000,0.200000,1.570796,0.400000,0.800000,0.400000,0.000000
1789264434649716,0.200000,0.200000,0.200000,-0.004027,0.200000,0.600000,0.200000,0.000000,0.200000,0.800000,0.200000,0.000000,0.400000,0.800000,0.200000,1.570796,0.400000,0.800000,0.400000,0.000000
1789264438337970,0.200000,0.200000,0.200000,-0.004027,0.200000,0.600000,0.200000,0.000000,0.200000,0.800000,0.200000,0.000000,0.400000,0.800000,0.200000,1.570796,0.400000,0.800000,0.400000,0.000000
1789264441883646,0.200000,0.200000,0.200000,-0.004027,0.200000,0.600000,0.200000,0.000000,0.200000,0.800000,0.200000,0.000000,0.400000,0.800000,0.200000,1.570796,0.400000,0.800000,0.400000,0.000000
1789264445852459,0.200000,0.200000,0.200000,-0.004027,0.200000,0.600000,0.200000,0.000000,0.200000,0.800000,0.200000,0.000000,0.400000,0.800000,0.200000,1.570796,0.400000,0.800000,0.400000,0.000000
1789264450220426,0.200000,0.200000,0.200000,-0.004027,0.200000,0.600000,0.200000,0.000000,0.200000,0.800000,0.200000,0.000000,0.400000,0.800000,0.200000,1.570796,0.400000,0.800000,0.400000,0.000000
1789264453879266,0.200000,0.200000,0.200000,-0.004027,0.200000,0.600000,0.200000,0.000000,0.200000,0.800000,0.200000,0.000000,0.400000,0.800000,0.200000,1.570796,0.400000,0.800000,0.400000,0.000000
1789264457718935,0.200000,0.200000,0.200000,-0.004027,0.200000,0.600000,0.200000,0.000000,0.200000,0.800000,0.200000,0.000000,0.400000,0.800000,0.200000,1.570796,0.400000,0.800000,0.400000,0.000000
1789264461663958,0.200000,0.200000,0.200000,-0.004027,0.200000,0.600000,0.200000,0.000000,0.200000,0.800000,0.200000,0.000000,0.400000,0.800000,0.200000,1.570796,0.400000,0.800000,0.400000,0.000000
1789264465868458,0.200000,0.200000,0.200000,-0.004027,0.200000,0.600000,0.200000,0.000000,0.200000,0.800000,0.200000,0.000000,0.400000,0.800000,0.200000,1.570796,0.400000,0.800000,0.400000,0.000000
1789264469791301,0.200000,0.200000,0.200000,-0.004027,0.200000,0.600000,0.200000,0.000000,0.200000,0.800000,0.200000,0.000000,0.400000,0.800000,0.200000,1.570796,0.400000,0.800000,0.400000,0.000000
1789264473525860,0.200000,0.200000,0.200000,-0.004027,0.200000,0.600000,0.200000,0.000000,0.200000,0.800000,0.200000,0.000000,0.400000,0.800000,0.200000,1.570796,0.400000,0.800000,0.400000,0.000000
1789264477475718,0.200000,0.200000,0.200000,-0.004027,0.200000,0.600000,0.200000,0.000000,0.200000,0.800000,0.200000,0.000000,0.400000,0.800000,0.200000,1.570796,0.400000,0.800000,0.400000,0.000000
1789264481615178,0.200000,0.200000,0.200000,-0.004027,0.200000,0.600000,0.200000,0.000000,0.200000,0.800000,0.200000,0.000000,0.400000,0.800000,0.200000,1.570796,0.400000,0.800000,0.400000,0.000000
1789264485819809,0.200000,0.200000,0.200000,-0.004027,0.200000,0.600000,0.200000,0.000000,0.200000,0.800000,0.200000,0.000000,0.400000,0.800000,0.200000,1.570796,0.400000,0.800000,0.400000,0.000000
1789264489721892,0.200000,0.200000,0.200000,-0.004027,0.200000,0.600000,0.200000,0.000000,0.200000,0.800000,0.200000,0.000000,0.400000,0.800000,0.200000,1.570796,0.400000,0.800000,0.400000,0.000000
1789264493701887,0.200000,0.200000,0.200000,-0.004027,0.200000,0.600000,0.200000,0.000000,0.200000,0.800000,0.200000,0.000000,0.400000,0.800000,0.200000,1.570796,0.400000,0.800000,0.400000,0.000000
1789264497279201,0.200000,0.200000,0.200000,-0.004027,0.200000,0.600000,0.200000,0.000000,0.200000,0.800000,0.200000,0.000000,0.400000,0.800000,0.200000,1.570796,0.400000,0.800000,0.400000,0.000000
1789264500736372,0.200000,0.200000,0.200000,-0.004027,0.200000,0.600000,0.200000,0.000000,0.200000,0.800000,0.200000,0.000000,0.400000,0.800000,0.200000,1.570796,0.400000,0.800000,0.400000,0.000000
1789264504261353,0.200000,0.200000,0.200000,-0.004027,0.200000,0.600000,0.200000,0.000000,0.200000,0.800000,0.200000,0.000000,0.400000,0.800000,0.200000,1.570796,0.400000,0.800000,0.400000,0.000000
1789264507975211,0.200000,0.200000,0.200000,-0.004027,0.200000,0.600000,0.200000,0.000000,0.200000,0.800000,0.200000,0.000000,0.400000,0.800000,0.200000,1.570796,0.400000,0.800000,0.400000,0.000000
1789264513235874,0.200000,0.200000,0.200000,-0.004027,0.200000,0.600000,0.200000,0.000000,0.200000,0.800000,0.200000,0.000000,0.400000,0.800000,0.200000,1.570796,0.400000,0.800000,0.400000,0.000000
1789264517624180,0.200000,0.200000,0.200000,-0.004027,0.200000,0.600000,0.200000,0.000000,0.200000,0.800000,0.200000,0.000000,0.400000,0.800000,0.200000,1.570796,0.400000,0.800000,0.400000,0.000000
1789264522976135,0.200000,0.200000,0.200000,-0.004027,0.200000,0.600000,0.200000,0.000000,0.200000,0.800000,0.200000,0.000000,0.400000,0.800000,0.200000,1.570796,0.400000,0.800000,0.400000,0.000000
